ISO-10303-21;
HEADER;
/* Generated by software containing ST-Developer
 * from STEP Tools, Inc. (www.steptools.com) 
 */

FILE_DESCRIPTION(
/* description */ (''),
/* implementation_level */ '2;1');

FILE_NAME(
/* name */ 'BASE.step',
/* time_stamp */ '2026-05-11T15:10:37Z',
/* author */ (''),
/* organization */ (''),
/* preprocessor_version */ 'ST-DEVELOPER v20.1',
/* originating_system */ 'Autodesk Translation Framework v15.8.0.0',
/* authorisation */ '');

FILE_SCHEMA (('AUTOMOTIVE_DESIGN { 1 0 10303 214 3 1 1 }'));
ENDSEC;

DATA;
#10=MECHANICAL_DESIGN_GEOMETRIC_PRESENTATION_REPRESENTATION('',(#13),#6039);
#11=SHAPE_REPRESENTATION_RELATIONSHIP('SRR','None',#6046,#12);
#12=ADVANCED_BREP_SHAPE_REPRESENTATION('',(#14),#6038);
#13=STYLED_ITEM('',(#6056),#14);
#14=MANIFOLD_SOLID_BREP('Corps1',#3651);
#15=FACE_BOUND('',#462,.T.);
#16=FACE_BOUND('',#466,.T.);
#17=FACE_BOUND('',#467,.T.);
#18=FACE_BOUND('',#468,.T.);
#19=FACE_BOUND('',#469,.T.);
#20=FACE_BOUND('',#470,.T.);
#21=FACE_BOUND('',#475,.T.);
#22=FACE_BOUND('',#476,.T.);
#23=FACE_BOUND('',#477,.T.);
#24=FACE_BOUND('',#478,.T.);
#25=FACE_BOUND('',#479,.T.);
#26=FACE_BOUND('',#485,.T.);
#27=FACE_BOUND('',#510,.T.);
#28=FACE_BOUND('',#511,.T.);
#29=FACE_BOUND('',#512,.T.);
#30=FACE_BOUND('',#517,.T.);
#31=FACE_BOUND('',#518,.T.);
#32=FACE_BOUND('',#560,.T.);
#33=FACE_BOUND('',#562,.T.);
#34=FACE_BOUND('',#575,.T.);
#35=FACE_BOUND('',#588,.T.);
#36=FACE_BOUND('',#589,.T.);
#37=FACE_BOUND('',#590,.T.);
#38=FACE_BOUND('',#595,.T.);
#39=FACE_BOUND('',#596,.T.);
#40=FACE_BOUND('',#602,.T.);
#41=FACE_BOUND('',#603,.T.);
#42=FACE_BOUND('',#604,.T.);
#43=FACE_BOUND('',#605,.T.);
#44=FACE_BOUND('',#606,.T.);
#45=FACE_BOUND('',#607,.T.);
#46=FACE_BOUND('',#608,.T.);
#47=FACE_BOUND('',#609,.T.);
#48=FACE_BOUND('',#610,.T.);
#49=FACE_BOUND('',#611,.T.);
#50=FACE_BOUND('',#627,.T.);
#51=FACE_BOUND('',#628,.T.);
#52=FACE_BOUND('',#629,.T.);
#53=FACE_BOUND('',#630,.T.);
#54=FACE_BOUND('',#631,.T.);
#55=FACE_BOUND('',#632,.T.);
#56=FACE_BOUND('',#633,.T.);
#57=FACE_BOUND('',#634,.T.);
#58=FACE_BOUND('',#635,.T.);
#59=FACE_BOUND('',#636,.T.);
#60=FACE_BOUND('',#637,.T.);
#61=FACE_BOUND('',#638,.T.);
#62=FACE_BOUND('',#639,.T.);
#63=FACE_BOUND('',#640,.T.);
#64=FACE_BOUND('',#665,.T.);
#65=FACE_BOUND('',#677,.T.);
#66=FACE_BOUND('',#679,.T.);
#67=ELLIPSE('',#3686,2.30940107675807,2.);
#68=ELLIPSE('',#3687,2.30940107675807,2.);
#69=ELLIPSE('',#3695,4.,2.);
#70=ELLIPSE('',#3704,3.99999999999999,2.);
#71=ELLIPSE('',#3717,3.99999999999999,2.);
#72=ELLIPSE('',#3726,4.,2.);
#73=ELLIPSE('',#3739,2.30940107675894,2.);
#74=ELLIPSE('',#3740,2.30940107675894,2.);
#75=ELLIPSE('',#3791,4.00000000000001,2.);
#76=ELLIPSE('',#3792,4.00000000000001,2.);
#77=ELLIPSE('',#3793,2.24482096445827,2.);
#78=ELLIPSE('',#3796,2.39571122705794,2.);
#79=ELLIPSE('',#3798,2.24482096445827,2.);
#80=ELLIPSE('',#3800,2.39571122705794,2.);
#81=ELLIPSE('',#3802,2.82842712474619,2.);
#82=ELLIPSE('',#3803,2.82842712474619,2.);
#83=ELLIPSE('',#3805,2.39571122705794,2.);
#84=ELLIPSE('',#3807,2.39571122705794,2.);
#85=ELLIPSE('',#3809,2.82842712474619,2.);
#86=ELLIPSE('',#3810,2.82842712474618,2.);
#87=ELLIPSE('',#3812,2.24482096445827,2.);
#88=ELLIPSE('',#3814,2.24482096445827,2.);
#89=ELLIPSE('',#3824,2.3094010767585,2.);
#90=ELLIPSE('',#3825,2.3094010767585,2.);
#91=ELLIPSE('',#3828,2.3094010767585,2.);
#92=ELLIPSE('',#3831,2.3094010767585,2.);
#93=ELLIPSE('',#3833,2.3094010767585,2.);
#94=ELLIPSE('',#3835,2.3094010767585,2.);
#95=ELLIPSE('',#3894,4.00000000000001,2.);
#96=ELLIPSE('',#3895,2.24482096445827,2.);
#97=ELLIPSE('',#3896,4.00000000000001,2.);
#98=ELLIPSE('',#3900,2.39571122705794,2.);
#99=ELLIPSE('',#3902,2.24482096445827,2.);
#100=ELLIPSE('',#3904,2.39571122705794,2.);
#101=ELLIPSE('',#3906,2.82842712474619,2.);
#102=ELLIPSE('',#3907,2.82842712474619,2.);
#103=ELLIPSE('',#3909,2.39571122705794,2.);
#104=ELLIPSE('',#3911,2.39571122705794,2.);
#105=ELLIPSE('',#3913,2.82842712474618,2.);
#106=ELLIPSE('',#3914,2.82842712474619,2.);
#107=ELLIPSE('',#3916,2.24482096445827,2.);
#108=ELLIPSE('',#3918,2.24482096445827,2.);
#109=ELLIPSE('',#3931,2.3094010767585,2.);
#110=ELLIPSE('',#3932,2.3094010767585,2.);
#111=ELLIPSE('',#3935,2.3094010767585,2.);
#112=ELLIPSE('',#3938,2.3094010767585,2.);
#113=ELLIPSE('',#3940,2.3094010767585,2.);
#114=ELLIPSE('',#3942,2.3094010767585,2.);
#115=CIRCLE('',#3667,1.5);
#116=CIRCLE('',#3668,1.5);
#117=CIRCLE('',#3671,1.5);
#118=CIRCLE('',#3672,1.5);
#119=CIRCLE('',#3675,1.5);
#120=CIRCLE('',#3676,1.5);
#121=CIRCLE('',#3679,1.49999999999999);
#122=CIRCLE('',#3680,1.49999999999999);
#123=CIRCLE('',#3682,4.);
#124=CIRCLE('',#3683,4.);
#125=CIRCLE('',#3684,4.);
#126=CIRCLE('',#3691,4.);
#127=CIRCLE('',#3692,4.);
#128=CIRCLE('',#3693,4.);
#129=CIRCLE('',#3696,2.);
#130=CIRCLE('',#3697,3.);
#131=CIRCLE('',#3698,3.);
#132=CIRCLE('',#3699,2.);
#133=CIRCLE('',#3700,2.);
#134=CIRCLE('',#3701,3.);
#135=CIRCLE('',#3702,3.);
#136=CIRCLE('',#3703,2.);
#137=CIRCLE('',#3705,1.54999999999999);
#138=CIRCLE('',#3706,4.25);
#139=CIRCLE('',#3707,1.55);
#140=CIRCLE('',#3708,1.55);
#141=CIRCLE('',#3709,1.55);
#142=CIRCLE('',#3713,4.);
#143=CIRCLE('',#3714,4.);
#144=CIRCLE('',#3715,4.);
#145=CIRCLE('',#3718,2.);
#146=CIRCLE('',#3719,3.);
#147=CIRCLE('',#3720,3.);
#148=CIRCLE('',#3721,2.);
#149=CIRCLE('',#3722,2.);
#150=CIRCLE('',#3723,3.);
#151=CIRCLE('',#3724,3.);
#152=CIRCLE('',#3725,2.);
#153=CIRCLE('',#3727,1.54999999999999);
#154=CIRCLE('',#3728,4.25);
#155=CIRCLE('',#3729,1.55);
#156=CIRCLE('',#3730,1.55);
#157=CIRCLE('',#3731,1.55);
#158=CIRCLE('',#3735,4.);
#159=CIRCLE('',#3736,4.);
#160=CIRCLE('',#3737,4.);
#161=CIRCLE('',#3748,2.);
#162=CIRCLE('',#3749,2.);
#163=CIRCLE('',#3755,2.);
#164=CIRCLE('',#3756,2.);
#165=CIRCLE('',#3758,2.);
#166=CIRCLE('',#3759,2.);
#167=CIRCLE('',#3761,2.);
#168=CIRCLE('',#3762,2.);
#169=CIRCLE('',#3772,3.);
#170=CIRCLE('',#3775,3.);
#171=CIRCLE('',#3776,1.54999999999999);
#172=CIRCLE('',#3777,4.25);
#173=CIRCLE('',#3778,1.55);
#174=CIRCLE('',#3780,3.);
#175=CIRCLE('',#3783,3.);
#176=CIRCLE('',#3785,1.55);
#177=CIRCLE('',#3786,1.55);
#178=CIRCLE('',#3849,1.5);
#179=CIRCLE('',#3862,1.5);
#180=CIRCLE('',#3864,1.5);
#181=CIRCLE('',#3866,1.5);
#182=CIRCLE('',#3875,3.);
#183=CIRCLE('',#3878,3.);
#184=CIRCLE('',#3879,1.54999999999999);
#185=CIRCLE('',#3880,4.25);
#186=CIRCLE('',#3881,1.55);
#187=CIRCLE('',#3883,3.);
#188=CIRCLE('',#3886,3.);
#189=CIRCLE('',#3888,1.55);
#190=CIRCLE('',#3889,1.55);
#191=CIRCLE('',#3924,1.5);
#192=CIRCLE('',#3925,1.5);
#193=CIRCLE('',#3956,1.5);
#194=CIRCLE('',#3969,1.5);
#195=CYLINDRICAL_SURFACE('',#3666,1.5);
#196=CYLINDRICAL_SURFACE('',#3670,1.5);
#197=CYLINDRICAL_SURFACE('',#3674,1.5);
#198=CYLINDRICAL_SURFACE('',#3678,1.49999999999999);
#199=CYLINDRICAL_SURFACE('',#3681,4.);
#200=CYLINDRICAL_SURFACE('',#3690,4.);
#201=CYLINDRICAL_SURFACE('',#3712,4.);
#202=CYLINDRICAL_SURFACE('',#3734,4.);
#203=CYLINDRICAL_SURFACE('',#3747,2.);
#204=CYLINDRICAL_SURFACE('',#3754,2.);
#205=CYLINDRICAL_SURFACE('',#3757,2.);
#206=CYLINDRICAL_SURFACE('',#3760,2.);
#207=CYLINDRICAL_SURFACE('',#3771,3.);
#208=CYLINDRICAL_SURFACE('',#3779,3.);
#209=CYLINDRICAL_SURFACE('',#3782,3.);
#210=CYLINDRICAL_SURFACE('',#3788,3.);
#211=CYLINDRICAL_SURFACE('',#3790,2.);
#212=CYLINDRICAL_SURFACE('',#3795,2.);
#213=CYLINDRICAL_SURFACE('',#3797,2.);
#214=CYLINDRICAL_SURFACE('',#3799,2.);
#215=CYLINDRICAL_SURFACE('',#3801,2.);
#216=CYLINDRICAL_SURFACE('',#3804,2.);
#217=CYLINDRICAL_SURFACE('',#3806,2.);
#218=CYLINDRICAL_SURFACE('',#3808,2.);
#219=CYLINDRICAL_SURFACE('',#3811,2.);
#220=CYLINDRICAL_SURFACE('',#3813,2.);
#221=CYLINDRICAL_SURFACE('',#3823,2.);
#222=CYLINDRICAL_SURFACE('',#3826,2.);
#223=CYLINDRICAL_SURFACE('',#3827,2.);
#224=CYLINDRICAL_SURFACE('',#3829,2.);
#225=CYLINDRICAL_SURFACE('',#3830,2.);
#226=CYLINDRICAL_SURFACE('',#3832,2.);
#227=CYLINDRICAL_SURFACE('',#3834,2.);
#228=CYLINDRICAL_SURFACE('',#3836,2.);
#229=CYLINDRICAL_SURFACE('',#3863,1.5);
#230=CYLINDRICAL_SURFACE('',#3865,1.5);
#231=CYLINDRICAL_SURFACE('',#3867,1.54999999999999);
#232=CYLINDRICAL_SURFACE('',#3868,4.25);
#233=CYLINDRICAL_SURFACE('',#3869,1.55);
#234=CYLINDRICAL_SURFACE('',#3871,1.55);
#235=CYLINDRICAL_SURFACE('',#3872,1.55);
#236=CYLINDRICAL_SURFACE('',#3874,3.);
#237=CYLINDRICAL_SURFACE('',#3882,3.);
#238=CYLINDRICAL_SURFACE('',#3885,3.);
#239=CYLINDRICAL_SURFACE('',#3891,3.);
#240=CYLINDRICAL_SURFACE('',#3893,2.);
#241=CYLINDRICAL_SURFACE('',#3899,2.);
#242=CYLINDRICAL_SURFACE('',#3901,2.);
#243=CYLINDRICAL_SURFACE('',#3903,2.);
#244=CYLINDRICAL_SURFACE('',#3905,2.);
#245=CYLINDRICAL_SURFACE('',#3908,2.);
#246=CYLINDRICAL_SURFACE('',#3910,2.);
#247=CYLINDRICAL_SURFACE('',#3912,2.);
#248=CYLINDRICAL_SURFACE('',#3915,2.);
#249=CYLINDRICAL_SURFACE('',#3917,2.);
#250=CYLINDRICAL_SURFACE('',#3930,2.);
#251=CYLINDRICAL_SURFACE('',#3933,2.);
#252=CYLINDRICAL_SURFACE('',#3934,2.);
#253=CYLINDRICAL_SURFACE('',#3936,2.);
#254=CYLINDRICAL_SURFACE('',#3937,2.);
#255=CYLINDRICAL_SURFACE('',#3939,2.);
#256=CYLINDRICAL_SURFACE('',#3941,2.);
#257=CYLINDRICAL_SURFACE('',#3943,2.);
#258=CYLINDRICAL_SURFACE('',#3970,1.5);
#259=CYLINDRICAL_SURFACE('',#3971,1.5);
#260=CYLINDRICAL_SURFACE('',#3972,1.54999999999999);
#261=CYLINDRICAL_SURFACE('',#3973,4.25);
#262=CYLINDRICAL_SURFACE('',#3974,1.55);
#263=CYLINDRICAL_SURFACE('',#3976,1.55);
#264=CYLINDRICAL_SURFACE('',#3977,1.55);
#265=FACE_OUTER_BOUND('',#451,.T.);
#266=FACE_OUTER_BOUND('',#452,.T.);
#267=FACE_OUTER_BOUND('',#453,.T.);
#268=FACE_OUTER_BOUND('',#454,.T.);
#269=FACE_OUTER_BOUND('',#455,.T.);
#270=FACE_OUTER_BOUND('',#456,.T.);
#271=FACE_OUTER_BOUND('',#457,.T.);
#272=FACE_OUTER_BOUND('',#458,.T.);
#273=FACE_OUTER_BOUND('',#459,.T.);
#274=FACE_OUTER_BOUND('',#460,.T.);
#275=FACE_OUTER_BOUND('',#461,.T.);
#276=FACE_OUTER_BOUND('',#463,.T.);
#277=FACE_OUTER_BOUND('',#464,.T.);
#278=FACE_OUTER_BOUND('',#465,.T.);
#279=FACE_OUTER_BOUND('',#471,.T.);
#280=FACE_OUTER_BOUND('',#472,.T.);
#281=FACE_OUTER_BOUND('',#473,.T.);
#282=FACE_OUTER_BOUND('',#474,.T.);
#283=FACE_OUTER_BOUND('',#480,.T.);
#284=FACE_OUTER_BOUND('',#481,.T.);
#285=FACE_OUTER_BOUND('',#482,.T.);
#286=FACE_OUTER_BOUND('',#483,.T.);
#287=FACE_OUTER_BOUND('',#484,.T.);
#288=FACE_OUTER_BOUND('',#486,.T.);
#289=FACE_OUTER_BOUND('',#487,.T.);
#290=FACE_OUTER_BOUND('',#488,.T.);
#291=FACE_OUTER_BOUND('',#489,.T.);
#292=FACE_OUTER_BOUND('',#490,.T.);
#293=FACE_OUTER_BOUND('',#491,.T.);
#294=FACE_OUTER_BOUND('',#492,.T.);
#295=FACE_OUTER_BOUND('',#493,.T.);
#296=FACE_OUTER_BOUND('',#494,.T.);
#297=FACE_OUTER_BOUND('',#495,.T.);
#298=FACE_OUTER_BOUND('',#496,.T.);
#299=FACE_OUTER_BOUND('',#497,.T.);
#300=FACE_OUTER_BOUND('',#498,.T.);
#301=FACE_OUTER_BOUND('',#499,.T.);
#302=FACE_OUTER_BOUND('',#500,.T.);
#303=FACE_OUTER_BOUND('',#501,.T.);
#304=FACE_OUTER_BOUND('',#502,.T.);
#305=FACE_OUTER_BOUND('',#503,.T.);
#306=FACE_OUTER_BOUND('',#504,.T.);
#307=FACE_OUTER_BOUND('',#505,.T.);
#308=FACE_OUTER_BOUND('',#506,.T.);
#309=FACE_OUTER_BOUND('',#507,.T.);
#310=FACE_OUTER_BOUND('',#508,.T.);
#311=FACE_OUTER_BOUND('',#509,.T.);
#312=FACE_OUTER_BOUND('',#513,.T.);
#313=FACE_OUTER_BOUND('',#514,.T.);
#314=FACE_OUTER_BOUND('',#515,.T.);
#315=FACE_OUTER_BOUND('',#516,.T.);
#316=FACE_OUTER_BOUND('',#519,.T.);
#317=FACE_OUTER_BOUND('',#520,.T.);
#318=FACE_OUTER_BOUND('',#521,.T.);
#319=FACE_OUTER_BOUND('',#522,.T.);
#320=FACE_OUTER_BOUND('',#523,.T.);
#321=FACE_OUTER_BOUND('',#524,.T.);
#322=FACE_OUTER_BOUND('',#525,.T.);
#323=FACE_OUTER_BOUND('',#526,.T.);
#324=FACE_OUTER_BOUND('',#527,.T.);
#325=FACE_OUTER_BOUND('',#528,.T.);
#326=FACE_OUTER_BOUND('',#529,.T.);
#327=FACE_OUTER_BOUND('',#530,.T.);
#328=FACE_OUTER_BOUND('',#531,.T.);
#329=FACE_OUTER_BOUND('',#532,.T.);
#330=FACE_OUTER_BOUND('',#533,.T.);
#331=FACE_OUTER_BOUND('',#534,.T.);
#332=FACE_OUTER_BOUND('',#535,.T.);
#333=FACE_OUTER_BOUND('',#536,.T.);
#334=FACE_OUTER_BOUND('',#537,.T.);
#335=FACE_OUTER_BOUND('',#538,.T.);
#336=FACE_OUTER_BOUND('',#539,.T.);
#337=FACE_OUTER_BOUND('',#540,.T.);
#338=FACE_OUTER_BOUND('',#541,.T.);
#339=FACE_OUTER_BOUND('',#542,.T.);
#340=FACE_OUTER_BOUND('',#543,.T.);
#341=FACE_OUTER_BOUND('',#544,.T.);
#342=FACE_OUTER_BOUND('',#545,.T.);
#343=FACE_OUTER_BOUND('',#546,.T.);
#344=FACE_OUTER_BOUND('',#547,.T.);
#345=FACE_OUTER_BOUND('',#548,.T.);
#346=FACE_OUTER_BOUND('',#549,.T.);
#347=FACE_OUTER_BOUND('',#550,.T.);
#348=FACE_OUTER_BOUND('',#551,.T.);
#349=FACE_OUTER_BOUND('',#552,.T.);
#350=FACE_OUTER_BOUND('',#553,.T.);
#351=FACE_OUTER_BOUND('',#554,.T.);
#352=FACE_OUTER_BOUND('',#555,.T.);
#353=FACE_OUTER_BOUND('',#556,.T.);
#354=FACE_OUTER_BOUND('',#557,.T.);
#355=FACE_OUTER_BOUND('',#558,.T.);
#356=FACE_OUTER_BOUND('',#559,.T.);
#357=FACE_OUTER_BOUND('',#561,.T.);
#358=FACE_OUTER_BOUND('',#563,.T.);
#359=FACE_OUTER_BOUND('',#564,.T.);
#360=FACE_OUTER_BOUND('',#565,.T.);
#361=FACE_OUTER_BOUND('',#566,.T.);
#362=FACE_OUTER_BOUND('',#567,.T.);
#363=FACE_OUTER_BOUND('',#568,.T.);
#364=FACE_OUTER_BOUND('',#569,.T.);
#365=FACE_OUTER_BOUND('',#570,.T.);
#366=FACE_OUTER_BOUND('',#571,.T.);
#367=FACE_OUTER_BOUND('',#572,.T.);
#368=FACE_OUTER_BOUND('',#573,.T.);
#369=FACE_OUTER_BOUND('',#574,.T.);
#370=FACE_OUTER_BOUND('',#576,.T.);
#371=FACE_OUTER_BOUND('',#577,.T.);
#372=FACE_OUTER_BOUND('',#578,.T.);
#373=FACE_OUTER_BOUND('',#579,.T.);
#374=FACE_OUTER_BOUND('',#580,.T.);
#375=FACE_OUTER_BOUND('',#581,.T.);
#376=FACE_OUTER_BOUND('',#582,.T.);
#377=FACE_OUTER_BOUND('',#583,.T.);
#378=FACE_OUTER_BOUND('',#584,.T.);
#379=FACE_OUTER_BOUND('',#585,.T.);
#380=FACE_OUTER_BOUND('',#586,.T.);
#381=FACE_OUTER_BOUND('',#587,.T.);
#382=FACE_OUTER_BOUND('',#591,.T.);
#383=FACE_OUTER_BOUND('',#592,.T.);
#384=FACE_OUTER_BOUND('',#593,.T.);
#385=FACE_OUTER_BOUND('',#594,.T.);
#386=FACE_OUTER_BOUND('',#597,.T.);
#387=FACE_OUTER_BOUND('',#598,.T.);
#388=FACE_OUTER_BOUND('',#599,.T.);
#389=FACE_OUTER_BOUND('',#600,.T.);
#390=FACE_OUTER_BOUND('',#601,.T.);
#391=FACE_OUTER_BOUND('',#612,.T.);
#392=FACE_OUTER_BOUND('',#613,.T.);
#393=FACE_OUTER_BOUND('',#614,.T.);
#394=FACE_OUTER_BOUND('',#615,.T.);
#395=FACE_OUTER_BOUND('',#616,.T.);
#396=FACE_OUTER_BOUND('',#617,.T.);
#397=FACE_OUTER_BOUND('',#618,.T.);
#398=FACE_OUTER_BOUND('',#619,.T.);
#399=FACE_OUTER_BOUND('',#620,.T.);
#400=FACE_OUTER_BOUND('',#621,.T.);
#401=FACE_OUTER_BOUND('',#622,.T.);
#402=FACE_OUTER_BOUND('',#623,.T.);
#403=FACE_OUTER_BOUND('',#624,.T.);
#404=FACE_OUTER_BOUND('',#625,.T.);
#405=FACE_OUTER_BOUND('',#626,.T.);
#406=FACE_OUTER_BOUND('',#641,.T.);
#407=FACE_OUTER_BOUND('',#642,.T.);
#408=FACE_OUTER_BOUND('',#643,.T.);
#409=FACE_OUTER_BOUND('',#644,.T.);
#410=FACE_OUTER_BOUND('',#645,.T.);
#411=FACE_OUTER_BOUND('',#646,.T.);
#412=FACE_OUTER_BOUND('',#647,.T.);
#413=FACE_OUTER_BOUND('',#648,.T.);
#414=FACE_OUTER_BOUND('',#649,.T.);
#415=FACE_OUTER_BOUND('',#650,.T.);
#416=FACE_OUTER_BOUND('',#651,.T.);
#417=FACE_OUTER_BOUND('',#652,.T.);
#418=FACE_OUTER_BOUND('',#653,.T.);
#419=FACE_OUTER_BOUND('',#654,.T.);
#420=FACE_OUTER_BOUND('',#655,.T.);
#421=FACE_OUTER_BOUND('',#656,.T.);
#422=FACE_OUTER_BOUND('',#657,.T.);
#423=FACE_OUTER_BOUND('',#658,.T.);
#424=FACE_OUTER_BOUND('',#659,.T.);
#425=FACE_OUTER_BOUND('',#660,.T.);
#426=FACE_OUTER_BOUND('',#661,.T.);
#427=FACE_OUTER_BOUND('',#662,.T.);
#428=FACE_OUTER_BOUND('',#663,.T.);
#429=FACE_OUTER_BOUND('',#664,.T.);
#430=FACE_OUTER_BOUND('',#666,.T.);
#431=FACE_OUTER_BOUND('',#667,.T.);
#432=FACE_OUTER_BOUND('',#668,.T.);
#433=FACE_OUTER_BOUND('',#669,.T.);
#434=FACE_OUTER_BOUND('',#670,.T.);
#435=FACE_OUTER_BOUND('',#671,.T.);
#436=FACE_OUTER_BOUND('',#672,.T.);
#437=FACE_OUTER_BOUND('',#673,.T.);
#438=FACE_OUTER_BOUND('',#674,.T.);
#439=FACE_OUTER_BOUND('',#675,.T.);
#440=FACE_OUTER_BOUND('',#676,.T.);
#441=FACE_OUTER_BOUND('',#678,.T.);
#442=FACE_OUTER_BOUND('',#680,.T.);
#443=FACE_OUTER_BOUND('',#681,.T.);
#444=FACE_OUTER_BOUND('',#682,.T.);
#445=FACE_OUTER_BOUND('',#683,.T.);
#446=FACE_OUTER_BOUND('',#684,.T.);
#447=FACE_OUTER_BOUND('',#685,.T.);
#448=FACE_OUTER_BOUND('',#686,.T.);
#449=FACE_OUTER_BOUND('',#687,.T.);
#450=FACE_OUTER_BOUND('',#688,.T.);
#451=EDGE_LOOP('',(#2317,#2318,#2319,#2320));
#452=EDGE_LOOP('',(#2321,#2322,#2323,#2324));
#453=EDGE_LOOP('',(#2325,#2326,#2327,#2328));
#454=EDGE_LOOP('',(#2329,#2330,#2331,#2332));
#455=EDGE_LOOP('',(#2333,#2334,#2335,#2336));
#456=EDGE_LOOP('',(#2337,#2338,#2339,#2340));
#457=EDGE_LOOP('',(#2341,#2342,#2343,#2344));
#458=EDGE_LOOP('',(#2345,#2346,#2347,#2348));
#459=EDGE_LOOP('',(#2349,#2350,#2351,#2352,#2353,#2354));
#460=EDGE_LOOP('',(#2355,#2356,#2357,#2358,#2359,#2360,#2361,#2362,#2363,
#2364));
#461=EDGE_LOOP('',(#2365,#2366,#2367,#2368,#2369,#2370,#2371));
#462=EDGE_LOOP('',(#2372,#2373,#2374,#2375,#2376,#2377));
#463=EDGE_LOOP('',(#2378,#2379,#2380,#2381,#2382));
#464=EDGE_LOOP('',(#2383,#2384,#2385,#2386,#2387,#2388));
#465=EDGE_LOOP('',(#2389,#2390,#2391,#2392,#2393,#2394,#2395,#2396,#2397,
#2398,#2399,#2400,#2401,#2402,#2403,#2404,#2405,#2406,#2407,#2408,#2409,
#2410,#2411,#2412,#2413,#2414));
#466=EDGE_LOOP('',(#2415));
#467=EDGE_LOOP('',(#2416));
#468=EDGE_LOOP('',(#2417));
#469=EDGE_LOOP('',(#2418));
#470=EDGE_LOOP('',(#2419));
#471=EDGE_LOOP('',(#2420,#2421,#2422));
#472=EDGE_LOOP('',(#2423,#2424,#2425,#2426,#2427));
#473=EDGE_LOOP('',(#2428,#2429,#2430,#2431,#2432,#2433));
#474=EDGE_LOOP('',(#2434,#2435,#2436,#2437,#2438,#2439,#2440,#2441,#2442,
#2443,#2444,#2445,#2446,#2447,#2448,#2449,#2450,#2451,#2452,#2453,#2454,
#2455,#2456,#2457,#2458,#2459));
#475=EDGE_LOOP('',(#2460));
#476=EDGE_LOOP('',(#2461));
#477=EDGE_LOOP('',(#2462));
#478=EDGE_LOOP('',(#2463));
#479=EDGE_LOOP('',(#2464));
#480=EDGE_LOOP('',(#2465,#2466,#2467));
#481=EDGE_LOOP('',(#2468,#2469,#2470,#2471,#2472));
#482=EDGE_LOOP('',(#2473,#2474,#2475,#2476,#2477,#2478));
#483=EDGE_LOOP('',(#2479,#2480,#2481,#2482,#2483,#2484,#2485,#2486,#2487,
#2488));
#484=EDGE_LOOP('',(#2489,#2490,#2491,#2492,#2493,#2494,#2495));
#485=EDGE_LOOP('',(#2496,#2497,#2498,#2499,#2500,#2501));
#486=EDGE_LOOP('',(#2502,#2503,#2504,#2505,#2506));
#487=EDGE_LOOP('',(#2507,#2508,#2509,#2510));
#488=EDGE_LOOP('',(#2511,#2512,#2513,#2514));
#489=EDGE_LOOP('',(#2515,#2516,#2517,#2518));
#490=EDGE_LOOP('',(#2519,#2520,#2521,#2522));
#491=EDGE_LOOP('',(#2523,#2524,#2525,#2526));
#492=EDGE_LOOP('',(#2527,#2528,#2529,#2530));
#493=EDGE_LOOP('',(#2531,#2532,#2533,#2534));
#494=EDGE_LOOP('',(#2535,#2536,#2537,#2538));
#495=EDGE_LOOP('',(#2539,#2540,#2541,#2542));
#496=EDGE_LOOP('',(#2543,#2544,#2545,#2546));
#497=EDGE_LOOP('',(#2547,#2548,#2549,#2550));
#498=EDGE_LOOP('',(#2551,#2552,#2553,#2554));
#499=EDGE_LOOP('',(#2555,#2556,#2557,#2558));
#500=EDGE_LOOP('',(#2559,#2560,#2561,#2562));
#501=EDGE_LOOP('',(#2563,#2564,#2565,#2566));
#502=EDGE_LOOP('',(#2567,#2568,#2569,#2570));
#503=EDGE_LOOP('',(#2571,#2572,#2573,#2574));
#504=EDGE_LOOP('',(#2575,#2576,#2577,#2578));
#505=EDGE_LOOP('',(#2579,#2580,#2581,#2582));
#506=EDGE_LOOP('',(#2583,#2584,#2585,#2586));
#507=EDGE_LOOP('',(#2587,#2588,#2589,#2590));
#508=EDGE_LOOP('',(#2591,#2592,#2593,#2594,#2595));
#509=EDGE_LOOP('',(#2596,#2597,#2598,#2599,#2600,#2601,#2602,#2603,#2604,
#2605));
#510=EDGE_LOOP('',(#2606));
#511=EDGE_LOOP('',(#2607));
#512=EDGE_LOOP('',(#2608));
#513=EDGE_LOOP('',(#2609,#2610,#2611,#2612));
#514=EDGE_LOOP('',(#2613,#2614,#2615,#2616));
#515=EDGE_LOOP('',(#2617,#2618,#2619,#2620));
#516=EDGE_LOOP('',(#2621,#2622,#2623,#2624,#2625,#2626,#2627,#2628,#2629,
#2630));
#517=EDGE_LOOP('',(#2631));
#518=EDGE_LOOP('',(#2632));
#519=EDGE_LOOP('',(#2633,#2634,#2635,#2636,#2637));
#520=EDGE_LOOP('',(#2638,#2639,#2640,#2641));
#521=EDGE_LOOP('',(#2642,#2643,#2644,#2645,#2646));
#522=EDGE_LOOP('',(#2647,#2648,#2649,#2650,#2651,#2652,#2653,#2654));
#523=EDGE_LOOP('',(#2655,#2656,#2657));
#524=EDGE_LOOP('',(#2658,#2659,#2660,#2661));
#525=EDGE_LOOP('',(#2662,#2663,#2664,#2665));
#526=EDGE_LOOP('',(#2666,#2667,#2668,#2669));
#527=EDGE_LOOP('',(#2670,#2671,#2672,#2673));
#528=EDGE_LOOP('',(#2674,#2675,#2676,#2677));
#529=EDGE_LOOP('',(#2678,#2679,#2680,#2681));
#530=EDGE_LOOP('',(#2682,#2683,#2684,#2685));
#531=EDGE_LOOP('',(#2686,#2687,#2688,#2689));
#532=EDGE_LOOP('',(#2690,#2691,#2692,#2693));
#533=EDGE_LOOP('',(#2694,#2695,#2696));
#534=EDGE_LOOP('',(#2697,#2698,#2699));
#535=EDGE_LOOP('',(#2700,#2701,#2702,#2703,#2704,#2705));
#536=EDGE_LOOP('',(#2706,#2707,#2708));
#537=EDGE_LOOP('',(#2709,#2710,#2711,#2712,#2713,#2714));
#538=EDGE_LOOP('',(#2715,#2716,#2717,#2718,#2719,#2720));
#539=EDGE_LOOP('',(#2721,#2722,#2723));
#540=EDGE_LOOP('',(#2724,#2725,#2726,#2727,#2728,#2729));
#541=EDGE_LOOP('',(#2730,#2731,#2732,#2733));
#542=EDGE_LOOP('',(#2734,#2735,#2736,#2737));
#543=EDGE_LOOP('',(#2738,#2739,#2740,#2741));
#544=EDGE_LOOP('',(#2742,#2743,#2744,#2745));
#545=EDGE_LOOP('',(#2746,#2747,#2748,#2749,#2750));
#546=EDGE_LOOP('',(#2751,#2752,#2753,#2754));
#547=EDGE_LOOP('',(#2755,#2756,#2757,#2758,#2759));
#548=EDGE_LOOP('',(#2760,#2761,#2762,#2763));
#549=EDGE_LOOP('',(#2764,#2765,#2766,#2767));
#550=EDGE_LOOP('',(#2768,#2769,#2770,#2771));
#551=EDGE_LOOP('',(#2772,#2773,#2774,#2775));
#552=EDGE_LOOP('',(#2776,#2777,#2778,#2779));
#553=EDGE_LOOP('',(#2780,#2781,#2782,#2783));
#554=EDGE_LOOP('',(#2784,#2785,#2786,#2787));
#555=EDGE_LOOP('',(#2788,#2789,#2790,#2791));
#556=EDGE_LOOP('',(#2792,#2793,#2794,#2795));
#557=EDGE_LOOP('',(#2796,#2797,#2798,#2799));
#558=EDGE_LOOP('',(#2800,#2801,#2802,#2803));
#559=EDGE_LOOP('',(#2804,#2805,#2806,#2807,#2808,#2809,#2810));
#560=EDGE_LOOP('',(#2811,#2812,#2813,#2814,#2815,#2816));
#561=EDGE_LOOP('',(#2817,#2818,#2819,#2820,#2821,#2822));
#562=EDGE_LOOP('',(#2823));
#563=EDGE_LOOP('',(#2824,#2825,#2826,#2827));
#564=EDGE_LOOP('',(#2828,#2829,#2830,#2831));
#565=EDGE_LOOP('',(#2832,#2833,#2834,#2835));
#566=EDGE_LOOP('',(#2836,#2837,#2838,#2839));
#567=EDGE_LOOP('',(#2840,#2841,#2842,#2843));
#568=EDGE_LOOP('',(#2844,#2845,#2846,#2847));
#569=EDGE_LOOP('',(#2848,#2849,#2850,#2851));
#570=EDGE_LOOP('',(#2852,#2853,#2854,#2855));
#571=EDGE_LOOP('',(#2856,#2857,#2858,#2859));
#572=EDGE_LOOP('',(#2860,#2861,#2862,#2863));
#573=EDGE_LOOP('',(#2864,#2865,#2866));
#574=EDGE_LOOP('',(#2867,#2868,#2869,#2870,#2871,#2872));
#575=EDGE_LOOP('',(#2873));
#576=EDGE_LOOP('',(#2874,#2875,#2876,#2877));
#577=EDGE_LOOP('',(#2878,#2879,#2880,#2881));
#578=EDGE_LOOP('',(#2882,#2883,#2884,#2885));
#579=EDGE_LOOP('',(#2886,#2887,#2888,#2889));
#580=EDGE_LOOP('',(#2890,#2891,#2892,#2893));
#581=EDGE_LOOP('',(#2894,#2895,#2896,#2897));
#582=EDGE_LOOP('',(#2898,#2899,#2900,#2901));
#583=EDGE_LOOP('',(#2902,#2903,#2904,#2905));
#584=EDGE_LOOP('',(#2906,#2907,#2908,#2909,#2910));
#585=EDGE_LOOP('',(#2911,#2912,#2913,#2914));
#586=EDGE_LOOP('',(#2915,#2916,#2917,#2918,#2919));
#587=EDGE_LOOP('',(#2920,#2921,#2922,#2923,#2924,#2925,#2926,#2927,#2928,
#2929));
#588=EDGE_LOOP('',(#2930));
#589=EDGE_LOOP('',(#2931));
#590=EDGE_LOOP('',(#2932));
#591=EDGE_LOOP('',(#2933,#2934,#2935,#2936));
#592=EDGE_LOOP('',(#2937,#2938,#2939,#2940));
#593=EDGE_LOOP('',(#2941,#2942,#2943,#2944));
#594=EDGE_LOOP('',(#2945,#2946,#2947,#2948,#2949,#2950,#2951,#2952,#2953,
#2954));
#595=EDGE_LOOP('',(#2955));
#596=EDGE_LOOP('',(#2956));
#597=EDGE_LOOP('',(#2957,#2958,#2959,#2960,#2961));
#598=EDGE_LOOP('',(#2962,#2963,#2964,#2965));
#599=EDGE_LOOP('',(#2966,#2967,#2968,#2969,#2970));
#600=EDGE_LOOP('',(#2971,#2972,#2973,#2974,#2975,#2976,#2977,#2978));
#601=EDGE_LOOP('',(#2979,#2980,#2981,#2982,#2983,#2984,#2985,#2986,#2987,
#2988,#2989,#2990,#2991,#2992,#2993,#2994,#2995,#2996,#2997,#2998,#2999,
#3000,#3001,#3002,#3003,#3004,#3005,#3006,#3007,#3008,#3009,#3010,#3011,
#3012,#3013,#3014,#3015,#3016,#3017,#3018,#3019,#3020,#3021,#3022,#3023,
#3024));
#602=EDGE_LOOP('',(#3025,#3026,#3027,#3028));
#603=EDGE_LOOP('',(#3029));
#604=EDGE_LOOP('',(#3030,#3031,#3032,#3033));
#605=EDGE_LOOP('',(#3034));
#606=EDGE_LOOP('',(#3035));
#607=EDGE_LOOP('',(#3036));
#608=EDGE_LOOP('',(#3037,#3038,#3039,#3040));
#609=EDGE_LOOP('',(#3041,#3042,#3043,#3044));
#610=EDGE_LOOP('',(#3045,#3046,#3047,#3048));
#611=EDGE_LOOP('',(#3049,#3050,#3051,#3052));
#612=EDGE_LOOP('',(#3053,#3054,#3055));
#613=EDGE_LOOP('',(#3056,#3057,#3058,#3059));
#614=EDGE_LOOP('',(#3060,#3061,#3062,#3063));
#615=EDGE_LOOP('',(#3064,#3065,#3066,#3067));
#616=EDGE_LOOP('',(#3068,#3069,#3070,#3071));
#617=EDGE_LOOP('',(#3072,#3073,#3074,#3075));
#618=EDGE_LOOP('',(#3076,#3077,#3078,#3079));
#619=EDGE_LOOP('',(#3080,#3081,#3082,#3083));
#620=EDGE_LOOP('',(#3084,#3085,#3086,#3087));
#621=EDGE_LOOP('',(#3088,#3089,#3090,#3091));
#622=EDGE_LOOP('',(#3092,#3093,#3094));
#623=EDGE_LOOP('',(#3095,#3096,#3097));
#624=EDGE_LOOP('',(#3098,#3099,#3100,#3101,#3102,#3103));
#625=EDGE_LOOP('',(#3104,#3105,#3106));
#626=EDGE_LOOP('',(#3107,#3108,#3109,#3110,#3111,#3112,#3113,#3114));
#627=EDGE_LOOP('',(#3115,#3116,#3117,#3118));
#628=EDGE_LOOP('',(#3119));
#629=EDGE_LOOP('',(#3120,#3121,#3122,#3123));
#630=EDGE_LOOP('',(#3124));
#631=EDGE_LOOP('',(#3125));
#632=EDGE_LOOP('',(#3126));
#633=EDGE_LOOP('',(#3127));
#634=EDGE_LOOP('',(#3128));
#635=EDGE_LOOP('',(#3129,#3130,#3131,#3132));
#636=EDGE_LOOP('',(#3133,#3134,#3135,#3136));
#637=EDGE_LOOP('',(#3137));
#638=EDGE_LOOP('',(#3138));
#639=EDGE_LOOP('',(#3139,#3140,#3141,#3142));
#640=EDGE_LOOP('',(#3143,#3144,#3145,#3146));
#641=EDGE_LOOP('',(#3147,#3148,#3149,#3150,#3151,#3152));
#642=EDGE_LOOP('',(#3153,#3154,#3155,#3156,#3157,#3158));
#643=EDGE_LOOP('',(#3159,#3160,#3161));
#644=EDGE_LOOP('',(#3162,#3163,#3164,#3165,#3166,#3167));
#645=EDGE_LOOP('',(#3168,#3169,#3170,#3171));
#646=EDGE_LOOP('',(#3172,#3173,#3174,#3175));
#647=EDGE_LOOP('',(#3176,#3177,#3178,#3179));
#648=EDGE_LOOP('',(#3180,#3181,#3182,#3183));
#649=EDGE_LOOP('',(#3184,#3185,#3186,#3187,#3188));
#650=EDGE_LOOP('',(#3189,#3190,#3191,#3192));
#651=EDGE_LOOP('',(#3193,#3194,#3195,#3196,#3197));
#652=EDGE_LOOP('',(#3198,#3199,#3200,#3201));
#653=EDGE_LOOP('',(#3202,#3203,#3204,#3205));
#654=EDGE_LOOP('',(#3206,#3207,#3208,#3209));
#655=EDGE_LOOP('',(#3210,#3211,#3212,#3213));
#656=EDGE_LOOP('',(#3214,#3215,#3216,#3217));
#657=EDGE_LOOP('',(#3218,#3219,#3220,#3221));
#658=EDGE_LOOP('',(#3222,#3223,#3224,#3225));
#659=EDGE_LOOP('',(#3226,#3227,#3228,#3229));
#660=EDGE_LOOP('',(#3230,#3231,#3232,#3233));
#661=EDGE_LOOP('',(#3234,#3235,#3236,#3237));
#662=EDGE_LOOP('',(#3238,#3239,#3240,#3241));
#663=EDGE_LOOP('',(#3242,#3243,#3244));
#664=EDGE_LOOP('',(#3245,#3246,#3247,#3248,#3249,#3250));
#665=EDGE_LOOP('',(#3251));
#666=EDGE_LOOP('',(#3252,#3253,#3254,#3255));
#667=EDGE_LOOP('',(#3256,#3257,#3258,#3259));
#668=EDGE_LOOP('',(#3260,#3261,#3262,#3263));
#669=EDGE_LOOP('',(#3264,#3265,#3266,#3267));
#670=EDGE_LOOP('',(#3268,#3269,#3270,#3271));
#671=EDGE_LOOP('',(#3272,#3273,#3274,#3275));
#672=EDGE_LOOP('',(#3276,#3277,#3278,#3279));
#673=EDGE_LOOP('',(#3280,#3281,#3282,#3283));
#674=EDGE_LOOP('',(#3284,#3285,#3286,#3287));
#675=EDGE_LOOP('',(#3288,#3289,#3290,#3291));
#676=EDGE_LOOP('',(#3292,#3293,#3294,#3295,#3296,#3297,#3298));
#677=EDGE_LOOP('',(#3299,#3300,#3301,#3302,#3303,#3304));
#678=EDGE_LOOP('',(#3305,#3306,#3307,#3308,#3309,#3310));
#679=EDGE_LOOP('',(#3311));
#680=EDGE_LOOP('',(#3312,#3313,#3314,#3315));
#681=EDGE_LOOP('',(#3316,#3317,#3318,#3319));
#682=EDGE_LOOP('',(#3320,#3321,#3322,#3323));
#683=EDGE_LOOP('',(#3324,#3325,#3326,#3327));
#684=EDGE_LOOP('',(#3328,#3329,#3330,#3331));
#685=EDGE_LOOP('',(#3332,#3333,#3334,#3335));
#686=EDGE_LOOP('',(#3336,#3337,#3338,#3339));
#687=EDGE_LOOP('',(#3340,#3341,#3342,#3343));
#688=EDGE_LOOP('',(#3344,#3345,#3346,#3347,#3348));
#689=LINE('',#5001,#1077);
#690=LINE('',#5003,#1078);
#691=LINE('',#5005,#1079);
#692=LINE('',#5006,#1080);
#693=LINE('',#5012,#1081);
#694=LINE('',#5015,#1082);
#695=LINE('',#5017,#1083);
#696=LINE('',#5018,#1084);
#697=LINE('',#5025,#1085);
#698=LINE('',#5027,#1086);
#699=LINE('',#5029,#1087);
#700=LINE('',#5030,#1088);
#701=LINE('',#5036,#1089);
#702=LINE('',#5039,#1090);
#703=LINE('',#5041,#1091);
#704=LINE('',#5042,#1092);
#705=LINE('',#5051,#1093);
#706=LINE('',#5055,#1094);
#707=LINE('',#5058,#1095);
#708=LINE('',#5061,#1096);
#709=LINE('',#5063,#1097);
#710=LINE('',#5067,#1098);
#711=LINE('',#5071,#1099);
#712=LINE('',#5073,#1100);
#713=LINE('',#5075,#1101);
#714=LINE('',#5076,#1102);
#715=LINE('',#5079,#1103);
#716=LINE('',#5081,#1104);
#717=LINE('',#5083,#1105);
#718=LINE('',#5085,#1106);
#719=LINE('',#5086,#1107);
#720=LINE('',#5089,#1108);
#721=LINE('',#5091,#1109);
#722=LINE('',#5093,#1110);
#723=LINE('',#5095,#1111);
#724=LINE('',#5097,#1112);
#725=LINE('',#5098,#1113);
#726=LINE('',#5101,#1114);
#727=LINE('',#5103,#1115);
#728=LINE('',#5104,#1116);
#729=LINE('',#5111,#1117);
#730=LINE('',#5114,#1118);
#731=LINE('',#5117,#1119);
#732=LINE('',#5119,#1120);
#733=LINE('',#5123,#1121);
#734=LINE('',#5127,#1122);
#735=LINE('',#5131,#1123);
#736=LINE('',#5135,#1124);
#737=LINE('',#5139,#1125);
#738=LINE('',#5143,#1126);
#739=LINE('',#5147,#1127);
#740=LINE('',#5151,#1128);
#741=LINE('',#5155,#1129);
#742=LINE('',#5159,#1130);
#743=LINE('',#5161,#1131);
#744=LINE('',#5163,#1132);
#745=LINE('',#5164,#1133);
#746=LINE('',#5176,#1134);
#747=LINE('',#5179,#1135);
#748=LINE('',#5180,#1136);
#749=LINE('',#5186,#1137);
#750=LINE('',#5190,#1138);
#751=LINE('',#5193,#1139);
#752=LINE('',#5195,#1140);
#753=LINE('',#5197,#1141);
#754=LINE('',#5199,#1142);
#755=LINE('',#5203,#1143);
#756=LINE('',#5207,#1144);
#757=LINE('',#5211,#1145);
#758=LINE('',#5215,#1146);
#759=LINE('',#5219,#1147);
#760=LINE('',#5223,#1148);
#761=LINE('',#5227,#1149);
#762=LINE('',#5231,#1150);
#763=LINE('',#5235,#1151);
#764=LINE('',#5237,#1152);
#765=LINE('',#5249,#1153);
#766=LINE('',#5252,#1154);
#767=LINE('',#5253,#1155);
#768=LINE('',#5260,#1156);
#769=LINE('',#5263,#1157);
#770=LINE('',#5265,#1158);
#771=LINE('',#5267,#1159);
#772=LINE('',#5269,#1160);
#773=LINE('',#5273,#1161);
#774=LINE('',#5277,#1162);
#775=LINE('',#5278,#1163);
#776=LINE('',#5281,#1164);
#777=LINE('',#5283,#1165);
#778=LINE('',#5285,#1166);
#779=LINE('',#5287,#1167);
#780=LINE('',#5288,#1168);
#781=LINE('',#5291,#1169);
#782=LINE('',#5293,#1170);
#783=LINE('',#5295,#1171);
#784=LINE('',#5297,#1172);
#785=LINE('',#5299,#1173);
#786=LINE('',#5300,#1174);
#787=LINE('',#5302,#1175);
#788=LINE('',#5303,#1176);
#789=LINE('',#5307,#1177);
#790=LINE('',#5309,#1178);
#791=LINE('',#5311,#1179);
#792=LINE('',#5312,#1180);
#793=LINE('',#5315,#1181);
#794=LINE('',#5317,#1182);
#795=LINE('',#5318,#1183);
#796=LINE('',#5321,#1184);
#797=LINE('',#5323,#1185);
#798=LINE('',#5324,#1186);
#799=LINE('',#5326,#1187);
#800=LINE('',#5327,#1188);
#801=LINE('',#5332,#1189);
#802=LINE('',#5337,#1190);
#803=LINE('',#5339,#1191);
#804=LINE('',#5341,#1192);
#805=LINE('',#5342,#1193);
#806=LINE('',#5345,#1194);
#807=LINE('',#5347,#1195);
#808=LINE('',#5348,#1196);
#809=LINE('',#5351,#1197);
#810=LINE('',#5353,#1198);
#811=LINE('',#5354,#1199);
#812=LINE('',#5356,#1200);
#813=LINE('',#5357,#1201);
#814=LINE('',#5362,#1202);
#815=LINE('',#5368,#1203);
#816=LINE('',#5374,#1204);
#817=LINE('',#5379,#1205);
#818=LINE('',#5381,#1206);
#819=LINE('',#5383,#1207);
#820=LINE('',#5384,#1208);
#821=LINE('',#5387,#1209);
#822=LINE('',#5389,#1210);
#823=LINE('',#5390,#1211);
#824=LINE('',#5393,#1212);
#825=LINE('',#5395,#1213);
#826=LINE('',#5396,#1214);
#827=LINE('',#5398,#1215);
#828=LINE('',#5399,#1216);
#829=LINE('',#5403,#1217);
#830=LINE('',#5405,#1218);
#831=LINE('',#5407,#1219);
#832=LINE('',#5408,#1220);
#833=LINE('',#5411,#1221);
#834=LINE('',#5413,#1222);
#835=LINE('',#5414,#1223);
#836=LINE('',#5417,#1224);
#837=LINE('',#5419,#1225);
#838=LINE('',#5420,#1226);
#839=LINE('',#5422,#1227);
#840=LINE('',#5423,#1228);
#841=LINE('',#5428,#1229);
#842=LINE('',#5429,#1230);
#843=LINE('',#5432,#1231);
#844=LINE('',#5434,#1232);
#845=LINE('',#5435,#1233);
#846=LINE('',#5438,#1234);
#847=LINE('',#5440,#1235);
#848=LINE('',#5442,#1236);
#849=LINE('',#5444,#1237);
#850=LINE('',#5446,#1238);
#851=LINE('',#5448,#1239);
#852=LINE('',#5451,#1240);
#853=LINE('',#5462,#1241);
#854=LINE('',#5463,#1242);
#855=LINE('',#5466,#1243);
#856=LINE('',#5467,#1244);
#857=LINE('',#5471,#1245);
#858=LINE('',#5474,#1246);
#859=LINE('',#5476,#1247);
#860=LINE('',#5478,#1248);
#861=LINE('',#5480,#1249);
#862=LINE('',#5482,#1250);
#863=LINE('',#5484,#1251);
#864=LINE('',#5485,#1252);
#865=LINE('',#5492,#1253);
#866=LINE('',#5493,#1254);
#867=LINE('',#5495,#1255);
#868=LINE('',#5496,#1256);
#869=LINE('',#5499,#1257);
#870=LINE('',#5500,#1258);
#871=LINE('',#5506,#1259);
#872=LINE('',#5509,#1260);
#873=LINE('',#5512,#1261);
#874=LINE('',#5514,#1262);
#875=LINE('',#5518,#1263);
#876=LINE('',#5522,#1264);
#877=LINE('',#5527,#1265);
#878=LINE('',#5528,#1266);
#879=LINE('',#5532,#1267);
#880=LINE('',#5537,#1268);
#881=LINE('',#5539,#1269);
#882=LINE('',#5543,#1270);
#883=LINE('',#5545,#1271);
#884=LINE('',#5551,#1272);
#885=LINE('',#5555,#1273);
#886=LINE('',#5557,#1274);
#887=LINE('',#5561,#1275);
#888=LINE('',#5563,#1276);
#889=LINE('',#5566,#1277);
#890=LINE('',#5568,#1278);
#891=LINE('',#5570,#1279);
#892=LINE('',#5571,#1280);
#893=LINE('',#5574,#1281);
#894=LINE('',#5576,#1282);
#895=LINE('',#5578,#1283);
#896=LINE('',#5580,#1284);
#897=LINE('',#5581,#1285);
#898=LINE('',#5585,#1286);
#899=LINE('',#5589,#1287);
#900=LINE('',#5592,#1288);
#901=LINE('',#5593,#1289);
#902=LINE('',#5596,#1290);
#903=LINE('',#5599,#1291);
#904=LINE('',#5601,#1292);
#905=LINE('',#5602,#1293);
#906=LINE('',#5606,#1294);
#907=LINE('',#5610,#1295);
#908=LINE('',#5613,#1296);
#909=LINE('',#5616,#1297);
#910=LINE('',#5618,#1298);
#911=LINE('',#5619,#1299);
#912=LINE('',#5623,#1300);
#913=LINE('',#5625,#1301);
#914=LINE('',#5627,#1302);
#915=LINE('',#5628,#1303);
#916=LINE('',#5631,#1304);
#917=LINE('',#5633,#1305);
#918=LINE('',#5634,#1306);
#919=LINE('',#5637,#1307);
#920=LINE('',#5639,#1308);
#921=LINE('',#5640,#1309);
#922=LINE('',#5643,#1310);
#923=LINE('',#5645,#1311);
#924=LINE('',#5646,#1312);
#925=LINE('',#5649,#1313);
#926=LINE('',#5651,#1314);
#927=LINE('',#5652,#1315);
#928=LINE('',#5654,#1316);
#929=LINE('',#5655,#1317);
#930=LINE('',#5658,#1318);
#931=LINE('',#5660,#1319);
#932=LINE('',#5661,#1320);
#933=LINE('',#5664,#1321);
#934=LINE('',#5665,#1322);
#935=LINE('',#5667,#1323);
#936=LINE('',#5669,#1324);
#937=LINE('',#5677,#1325);
#938=LINE('',#5678,#1326);
#939=LINE('',#5679,#1327);
#940=LINE('',#5682,#1328);
#941=LINE('',#5683,#1329);
#942=LINE('',#5686,#1330);
#943=LINE('',#5687,#1331);
#944=LINE('',#5690,#1332);
#945=LINE('',#5691,#1333);
#946=LINE('',#5694,#1334);
#947=LINE('',#5695,#1335);
#948=LINE('',#5697,#1336);
#949=LINE('',#5699,#1337);
#950=LINE('',#5701,#1338);
#951=LINE('',#5703,#1339);
#952=LINE('',#5712,#1340);
#953=LINE('',#5716,#1341);
#954=LINE('',#5718,#1342);
#955=LINE('',#5720,#1343);
#956=LINE('',#5722,#1344);
#957=LINE('',#5725,#1345);
#958=LINE('',#5727,#1346);
#959=LINE('',#5733,#1347);
#960=LINE('',#5734,#1348);
#961=LINE('',#5737,#1349);
#962=LINE('',#5739,#1350);
#963=LINE('',#5740,#1351);
#964=LINE('',#5743,#1352);
#965=LINE('',#5747,#1353);
#966=LINE('',#5749,#1354);
#967=LINE('',#5751,#1355);
#968=LINE('',#5753,#1356);
#969=LINE('',#5755,#1357);
#970=LINE('',#5756,#1358);
#971=LINE('',#5767,#1359);
#972=LINE('',#5768,#1360);
#973=LINE('',#5771,#1361);
#974=LINE('',#5772,#1362);
#975=LINE('',#5776,#1363);
#976=LINE('',#5779,#1364);
#977=LINE('',#5781,#1365);
#978=LINE('',#5783,#1366);
#979=LINE('',#5785,#1367);
#980=LINE('',#5787,#1368);
#981=LINE('',#5789,#1369);
#982=LINE('',#5790,#1370);
#983=LINE('',#5797,#1371);
#984=LINE('',#5798,#1372);
#985=LINE('',#5800,#1373);
#986=LINE('',#5801,#1374);
#987=LINE('',#5804,#1375);
#988=LINE('',#5805,#1376);
#989=LINE('',#5811,#1377);
#990=LINE('',#5814,#1378);
#991=LINE('',#5817,#1379);
#992=LINE('',#5820,#1380);
#993=LINE('',#5821,#1381);
#994=LINE('',#5823,#1382);
#995=LINE('',#5825,#1383);
#996=LINE('',#5827,#1384);
#997=LINE('',#5828,#1385);
#998=LINE('',#5830,#1386);
#999=LINE('',#5832,#1387);
#1000=LINE('',#5834,#1388);
#1001=LINE('',#5836,#1389);
#1002=LINE('',#5838,#1390);
#1003=LINE('',#5840,#1391);
#1004=LINE('',#5841,#1392);
#1005=LINE('',#5843,#1393);
#1006=LINE('',#5845,#1394);
#1007=LINE('',#5847,#1395);
#1008=LINE('',#5849,#1396);
#1009=LINE('',#5851,#1397);
#1010=LINE('',#5852,#1398);
#1011=LINE('',#5854,#1399);
#1012=LINE('',#5862,#1400);
#1013=LINE('',#5869,#1401);
#1014=LINE('',#5872,#1402);
#1015=LINE('',#5879,#1403);
#1016=LINE('',#5884,#1404);
#1017=LINE('',#5886,#1405);
#1018=LINE('',#5888,#1406);
#1019=LINE('',#5890,#1407);
#1020=LINE('',#5900,#1408);
#1021=LINE('',#5902,#1409);
#1022=LINE('',#5907,#1410);
#1023=LINE('',#5910,#1411);
#1024=LINE('',#5913,#1412);
#1025=LINE('',#5916,#1413);
#1026=LINE('',#5919,#1414);
#1027=LINE('',#5923,#1415);
#1028=LINE('',#5927,#1416);
#1029=LINE('',#5930,#1417);
#1030=LINE('',#5934,#1418);
#1031=LINE('',#5935,#1419);
#1032=LINE('',#5936,#1420);
#1033=LINE('',#5939,#1421);
#1034=LINE('',#5940,#1422);
#1035=LINE('',#5943,#1423);
#1036=LINE('',#5944,#1424);
#1037=LINE('',#5947,#1425);
#1038=LINE('',#5948,#1426);
#1039=LINE('',#5951,#1427);
#1040=LINE('',#5952,#1428);
#1041=LINE('',#5954,#1429);
#1042=LINE('',#5956,#1430);
#1043=LINE('',#5957,#1431);
#1044=LINE('',#5959,#1432);
#1045=LINE('',#5969,#1433);
#1046=LINE('',#5971,#1434);
#1047=LINE('',#5973,#1435);
#1048=LINE('',#5974,#1436);
#1049=LINE('',#5977,#1437);
#1050=LINE('',#5979,#1438);
#1051=LINE('',#5980,#1439);
#1052=LINE('',#5983,#1440);
#1053=LINE('',#5985,#1441);
#1054=LINE('',#5986,#1442);
#1055=LINE('',#5989,#1443);
#1056=LINE('',#5991,#1444);
#1057=LINE('',#5992,#1445);
#1058=LINE('',#5995,#1446);
#1059=LINE('',#5997,#1447);
#1060=LINE('',#5998,#1448);
#1061=LINE('',#6000,#1449);
#1062=LINE('',#6001,#1450);
#1063=LINE('',#6004,#1451);
#1064=LINE('',#6005,#1452);
#1065=LINE('',#6008,#1453);
#1066=LINE('',#6009,#1454);
#1067=LINE('',#6012,#1455);
#1068=LINE('',#6013,#1456);
#1069=LINE('',#6015,#1457);
#1070=LINE('',#6021,#1458);
#1071=LINE('',#6023,#1459);
#1072=LINE('',#6025,#1460);
#1073=LINE('',#6027,#1461);
#1074=LINE('',#6029,#1462);
#1075=LINE('',#6032,#1463);
#1076=LINE('',#6034,#1464);
#1077=VECTOR('',#3983,10.);
#1078=VECTOR('',#3984,10.);
#1079=VECTOR('',#3985,10.);
#1080=VECTOR('',#3986,10.);
#1081=VECTOR('',#3993,10.);
#1082=VECTOR('',#3996,10.);
#1083=VECTOR('',#3997,10.);
#1084=VECTOR('',#3998,10.);
#1085=VECTOR('',#4007,10.);
#1086=VECTOR('',#4008,10.);
#1087=VECTOR('',#4009,10.);
#1088=VECTOR('',#4010,10.);
#1089=VECTOR('',#4017,10.);
#1090=VECTOR('',#4020,10.);
#1091=VECTOR('',#4021,10.);
#1092=VECTOR('',#4022,10.);
#1093=VECTOR('',#4033,10.);
#1094=VECTOR('',#4036,10.);
#1095=VECTOR('',#4039,10.);
#1096=VECTOR('',#4042,10.);
#1097=VECTOR('',#4043,10.);
#1098=VECTOR('',#4046,10.);
#1099=VECTOR('',#4049,10.);
#1100=VECTOR('',#4050,10.);
#1101=VECTOR('',#4051,10.);
#1102=VECTOR('',#4052,10.);
#1103=VECTOR('',#4055,10.);
#1104=VECTOR('',#4056,10.);
#1105=VECTOR('',#4057,10.);
#1106=VECTOR('',#4058,10.);
#1107=VECTOR('',#4059,10.);
#1108=VECTOR('',#4060,10.);
#1109=VECTOR('',#4061,10.);
#1110=VECTOR('',#4062,10.);
#1111=VECTOR('',#4063,10.);
#1112=VECTOR('',#4064,10.);
#1113=VECTOR('',#4065,10.);
#1114=VECTOR('',#4068,10.);
#1115=VECTOR('',#4069,10.);
#1116=VECTOR('',#4070,10.);
#1117=VECTOR('',#4077,10.);
#1118=VECTOR('',#4080,10.);
#1119=VECTOR('',#4083,10.);
#1120=VECTOR('',#4084,10.);
#1121=VECTOR('',#4087,10.);
#1122=VECTOR('',#4090,10.);
#1123=VECTOR('',#4093,10.);
#1124=VECTOR('',#4096,10.);
#1125=VECTOR('',#4099,10.);
#1126=VECTOR('',#4102,10.);
#1127=VECTOR('',#4105,10.);
#1128=VECTOR('',#4108,10.);
#1129=VECTOR('',#4111,10.);
#1130=VECTOR('',#4114,10.);
#1131=VECTOR('',#4115,10.);
#1132=VECTOR('',#4116,10.);
#1133=VECTOR('',#4117,10.);
#1134=VECTOR('',#4130,10.);
#1135=VECTOR('',#4133,10.);
#1136=VECTOR('',#4134,10.);
#1137=VECTOR('',#4139,10.);
#1138=VECTOR('',#4142,10.);
#1139=VECTOR('',#4145,10.);
#1140=VECTOR('',#4148,10.);
#1141=VECTOR('',#4149,10.);
#1142=VECTOR('',#4150,10.);
#1143=VECTOR('',#4153,10.);
#1144=VECTOR('',#4156,10.);
#1145=VECTOR('',#4159,10.);
#1146=VECTOR('',#4162,10.);
#1147=VECTOR('',#4165,10.);
#1148=VECTOR('',#4168,10.);
#1149=VECTOR('',#4171,10.);
#1150=VECTOR('',#4174,10.);
#1151=VECTOR('',#4177,10.);
#1152=VECTOR('',#4180,10.);
#1153=VECTOR('',#4193,10.);
#1154=VECTOR('',#4196,10.);
#1155=VECTOR('',#4197,10.);
#1156=VECTOR('',#4204,10.);
#1157=VECTOR('',#4207,10.);
#1158=VECTOR('',#4210,10.);
#1159=VECTOR('',#4211,10.);
#1160=VECTOR('',#4212,10.);
#1161=VECTOR('',#4215,10.);
#1162=VECTOR('',#4218,10.);
#1163=VECTOR('',#4219,10.);
#1164=VECTOR('',#4222,10.);
#1165=VECTOR('',#4223,10.);
#1166=VECTOR('',#4224,10.);
#1167=VECTOR('',#4225,10.);
#1168=VECTOR('',#4226,10.);
#1169=VECTOR('',#4227,10.);
#1170=VECTOR('',#4228,10.);
#1171=VECTOR('',#4229,10.);
#1172=VECTOR('',#4230,10.);
#1173=VECTOR('',#4231,10.);
#1174=VECTOR('',#4232,10.);
#1175=VECTOR('',#4235,10.);
#1176=VECTOR('',#4236,10.);
#1177=VECTOR('',#4239,10.);
#1178=VECTOR('',#4240,10.);
#1179=VECTOR('',#4241,10.);
#1180=VECTOR('',#4242,10.);
#1181=VECTOR('',#4245,10.);
#1182=VECTOR('',#4246,10.);
#1183=VECTOR('',#4247,10.);
#1184=VECTOR('',#4250,10.);
#1185=VECTOR('',#4251,10.);
#1186=VECTOR('',#4252,10.);
#1187=VECTOR('',#4255,10.);
#1188=VECTOR('',#4256,10.);
#1189=VECTOR('',#4261,2.);
#1190=VECTOR('',#4266,10.);
#1191=VECTOR('',#4267,10.);
#1192=VECTOR('',#4268,10.);
#1193=VECTOR('',#4269,10.);
#1194=VECTOR('',#4272,10.);
#1195=VECTOR('',#4273,10.);
#1196=VECTOR('',#4274,10.);
#1197=VECTOR('',#4277,10.);
#1198=VECTOR('',#4278,10.);
#1199=VECTOR('',#4279,10.);
#1200=VECTOR('',#4282,10.);
#1201=VECTOR('',#4283,10.);
#1202=VECTOR('',#4288,2.);
#1203=VECTOR('',#4295,2.);
#1204=VECTOR('',#4302,2.);
#1205=VECTOR('',#4307,10.);
#1206=VECTOR('',#4308,10.);
#1207=VECTOR('',#4309,10.);
#1208=VECTOR('',#4310,10.);
#1209=VECTOR('',#4313,10.);
#1210=VECTOR('',#4314,10.);
#1211=VECTOR('',#4315,10.);
#1212=VECTOR('',#4318,10.);
#1213=VECTOR('',#4319,10.);
#1214=VECTOR('',#4320,10.);
#1215=VECTOR('',#4323,10.);
#1216=VECTOR('',#4324,10.);
#1217=VECTOR('',#4327,10.);
#1218=VECTOR('',#4328,10.);
#1219=VECTOR('',#4329,10.);
#1220=VECTOR('',#4330,10.);
#1221=VECTOR('',#4333,10.);
#1222=VECTOR('',#4334,10.);
#1223=VECTOR('',#4335,10.);
#1224=VECTOR('',#4338,10.);
#1225=VECTOR('',#4339,10.);
#1226=VECTOR('',#4340,10.);
#1227=VECTOR('',#4343,10.);
#1228=VECTOR('',#4344,10.);
#1229=VECTOR('',#4349,10.);
#1230=VECTOR('',#4350,10.);
#1231=VECTOR('',#4353,10.);
#1232=VECTOR('',#4354,10.);
#1233=VECTOR('',#4355,10.);
#1234=VECTOR('',#4358,10.);
#1235=VECTOR('',#4359,10.);
#1236=VECTOR('',#4360,10.);
#1237=VECTOR('',#4361,10.);
#1238=VECTOR('',#4362,10.);
#1239=VECTOR('',#4363,10.);
#1240=VECTOR('',#4366,10.);
#1241=VECTOR('',#4377,10.);
#1242=VECTOR('',#4378,10.);
#1243=VECTOR('',#4381,10.);
#1244=VECTOR('',#4382,10.);
#1245=VECTOR('',#4387,10.);
#1246=VECTOR('',#4390,10.);
#1247=VECTOR('',#4391,10.);
#1248=VECTOR('',#4392,10.);
#1249=VECTOR('',#4393,10.);
#1250=VECTOR('',#4394,10.);
#1251=VECTOR('',#4395,10.);
#1252=VECTOR('',#4396,10.);
#1253=VECTOR('',#4403,10.);
#1254=VECTOR('',#4404,10.);
#1255=VECTOR('',#4407,10.);
#1256=VECTOR('',#4408,10.);
#1257=VECTOR('',#4411,10.);
#1258=VECTOR('',#4412,10.);
#1259=VECTOR('',#4417,10.);
#1260=VECTOR('',#4420,10.);
#1261=VECTOR('',#4423,10.);
#1262=VECTOR('',#4426,10.);
#1263=VECTOR('',#4431,10.);
#1264=VECTOR('',#4436,10.);
#1265=VECTOR('',#4441,10.);
#1266=VECTOR('',#4442,10.);
#1267=VECTOR('',#4445,10.);
#1268=VECTOR('',#4452,10.);
#1269=VECTOR('',#4453,10.);
#1270=VECTOR('',#4458,10.);
#1271=VECTOR('',#4459,10.);
#1272=VECTOR('',#4466,10.);
#1273=VECTOR('',#4471,10.);
#1274=VECTOR('',#4472,10.);
#1275=VECTOR('',#4477,10.);
#1276=VECTOR('',#4478,10.);
#1277=VECTOR('',#4483,10.);
#1278=VECTOR('',#4486,10.);
#1279=VECTOR('',#4489,10.);
#1280=VECTOR('',#4490,10.);
#1281=VECTOR('',#4495,10.);
#1282=VECTOR('',#4498,10.);
#1283=VECTOR('',#4501,10.);
#1284=VECTOR('',#4504,10.);
#1285=VECTOR('',#4505,10.);
#1286=VECTOR('',#4508,10.);
#1287=VECTOR('',#4511,10.);
#1288=VECTOR('',#4516,10.);
#1289=VECTOR('',#4517,10.);
#1290=VECTOR('',#4520,10.);
#1291=VECTOR('',#4523,10.);
#1292=VECTOR('',#4526,10.);
#1293=VECTOR('',#4527,10.);
#1294=VECTOR('',#4532,10.);
#1295=VECTOR('',#4537,10.);
#1296=VECTOR('',#4540,10.);
#1297=VECTOR('',#4543,10.);
#1298=VECTOR('',#4546,10.);
#1299=VECTOR('',#4547,10.);
#1300=VECTOR('',#4550,10.);
#1301=VECTOR('',#4551,10.);
#1302=VECTOR('',#4552,10.);
#1303=VECTOR('',#4553,10.);
#1304=VECTOR('',#4556,10.);
#1305=VECTOR('',#4557,10.);
#1306=VECTOR('',#4558,10.);
#1307=VECTOR('',#4561,10.);
#1308=VECTOR('',#4562,10.);
#1309=VECTOR('',#4563,10.);
#1310=VECTOR('',#4566,10.);
#1311=VECTOR('',#4567,10.);
#1312=VECTOR('',#4568,10.);
#1313=VECTOR('',#4571,10.);
#1314=VECTOR('',#4572,10.);
#1315=VECTOR('',#4573,10.);
#1316=VECTOR('',#4576,10.);
#1317=VECTOR('',#4577,10.);
#1318=VECTOR('',#4580,10.);
#1319=VECTOR('',#4581,10.);
#1320=VECTOR('',#4582,10.);
#1321=VECTOR('',#4585,10.);
#1322=VECTOR('',#4586,10.);
#1323=VECTOR('',#4589,10.);
#1324=VECTOR('',#4592,10.);
#1325=VECTOR('',#4601,10.);
#1326=VECTOR('',#4602,10.);
#1327=VECTOR('',#4603,10.);
#1328=VECTOR('',#4606,10.);
#1329=VECTOR('',#4607,10.);
#1330=VECTOR('',#4610,10.);
#1331=VECTOR('',#4611,10.);
#1332=VECTOR('',#4614,10.);
#1333=VECTOR('',#4615,10.);
#1334=VECTOR('',#4618,10.);
#1335=VECTOR('',#4619,10.);
#1336=VECTOR('',#4622,10.);
#1337=VECTOR('',#4625,10.);
#1338=VECTOR('',#4628,10.);
#1339=VECTOR('',#4631,10.);
#1340=VECTOR('',#4644,1.5);
#1341=VECTOR('',#4649,1.5);
#1342=VECTOR('',#4652,1.54999999999999);
#1343=VECTOR('',#4655,4.25);
#1344=VECTOR('',#4658,1.55);
#1345=VECTOR('',#4663,1.55);
#1346=VECTOR('',#4666,1.55);
#1347=VECTOR('',#4673,10.);
#1348=VECTOR('',#4674,10.);
#1349=VECTOR('',#4677,10.);
#1350=VECTOR('',#4678,10.);
#1351=VECTOR('',#4679,10.);
#1352=VECTOR('',#4682,10.);
#1353=VECTOR('',#4685,10.);
#1354=VECTOR('',#4686,10.);
#1355=VECTOR('',#4687,10.);
#1356=VECTOR('',#4688,10.);
#1357=VECTOR('',#4689,10.);
#1358=VECTOR('',#4690,10.);
#1359=VECTOR('',#4701,10.);
#1360=VECTOR('',#4702,10.);
#1361=VECTOR('',#4705,10.);
#1362=VECTOR('',#4706,10.);
#1363=VECTOR('',#4711,10.);
#1364=VECTOR('',#4714,10.);
#1365=VECTOR('',#4715,10.);
#1366=VECTOR('',#4716,10.);
#1367=VECTOR('',#4717,10.);
#1368=VECTOR('',#4718,10.);
#1369=VECTOR('',#4719,10.);
#1370=VECTOR('',#4720,10.);
#1371=VECTOR('',#4727,10.);
#1372=VECTOR('',#4728,10.);
#1373=VECTOR('',#4731,10.);
#1374=VECTOR('',#4732,10.);
#1375=VECTOR('',#4735,10.);
#1376=VECTOR('',#4736,10.);
#1377=VECTOR('',#4741,10.);
#1378=VECTOR('',#4744,10.);
#1379=VECTOR('',#4747,10.);
#1380=VECTOR('',#4750,10.);
#1381=VECTOR('',#4751,10.);
#1382=VECTOR('',#4752,10.);
#1383=VECTOR('',#4753,10.);
#1384=VECTOR('',#4754,10.);
#1385=VECTOR('',#4755,10.);
#1386=VECTOR('',#4756,10.);
#1387=VECTOR('',#4757,10.);
#1388=VECTOR('',#4758,10.);
#1389=VECTOR('',#4759,10.);
#1390=VECTOR('',#4760,10.);
#1391=VECTOR('',#4761,10.);
#1392=VECTOR('',#4762,10.);
#1393=VECTOR('',#4763,10.);
#1394=VECTOR('',#4764,10.);
#1395=VECTOR('',#4765,10.);
#1396=VECTOR('',#4766,10.);
#1397=VECTOR('',#4767,10.);
#1398=VECTOR('',#4768,10.);
#1399=VECTOR('',#4771,10.);
#1400=VECTOR('',#4784,10.);
#1401=VECTOR('',#4795,10.);
#1402=VECTOR('',#4798,10.);
#1403=VECTOR('',#4809,10.);
#1404=VECTOR('',#4816,10.);
#1405=VECTOR('',#4819,10.);
#1406=VECTOR('',#4822,10.);
#1407=VECTOR('',#4825,10.);
#1408=VECTOR('',#4840,10.);
#1409=VECTOR('',#4843,10.);
#1410=VECTOR('',#4848,10.);
#1411=VECTOR('',#4853,10.);
#1412=VECTOR('',#4856,10.);
#1413=VECTOR('',#4861,10.);
#1414=VECTOR('',#4864,10.);
#1415=VECTOR('',#4869,10.);
#1416=VECTOR('',#4874,10.);
#1417=VECTOR('',#4879,10.);
#1418=VECTOR('',#4882,10.);
#1419=VECTOR('',#4883,10.);
#1420=VECTOR('',#4884,10.);
#1421=VECTOR('',#4887,10.);
#1422=VECTOR('',#4888,10.);
#1423=VECTOR('',#4891,10.);
#1424=VECTOR('',#4892,10.);
#1425=VECTOR('',#4895,10.);
#1426=VECTOR('',#4896,10.);
#1427=VECTOR('',#4899,10.);
#1428=VECTOR('',#4900,10.);
#1429=VECTOR('',#4903,10.);
#1430=VECTOR('',#4906,10.);
#1431=VECTOR('',#4907,10.);
#1432=VECTOR('',#4910,10.);
#1433=VECTOR('',#4923,10.);
#1434=VECTOR('',#4924,10.);
#1435=VECTOR('',#4925,10.);
#1436=VECTOR('',#4926,10.);
#1437=VECTOR('',#4929,10.);
#1438=VECTOR('',#4930,10.);
#1439=VECTOR('',#4931,10.);
#1440=VECTOR('',#4934,10.);
#1441=VECTOR('',#4935,10.);
#1442=VECTOR('',#4936,10.);
#1443=VECTOR('',#4939,10.);
#1444=VECTOR('',#4940,10.);
#1445=VECTOR('',#4941,10.);
#1446=VECTOR('',#4944,10.);
#1447=VECTOR('',#4945,10.);
#1448=VECTOR('',#4946,10.);
#1449=VECTOR('',#4949,10.);
#1450=VECTOR('',#4950,10.);
#1451=VECTOR('',#4953,10.);
#1452=VECTOR('',#4954,10.);
#1453=VECTOR('',#4957,10.);
#1454=VECTOR('',#4958,10.);
#1455=VECTOR('',#4961,10.);
#1456=VECTOR('',#4962,10.);
#1457=VECTOR('',#4965,10.);
#1458=VECTOR('',#4974,1.5);
#1459=VECTOR('',#4977,1.5);
#1460=VECTOR('',#4980,1.54999999999999);
#1461=VECTOR('',#4983,4.25);
#1462=VECTOR('',#4986,1.55);
#1463=VECTOR('',#4991,1.55);
#1464=VECTOR('',#4994,1.55);
#1465=VERTEX_POINT('',#4999);
#1466=VERTEX_POINT('',#5000);
#1467=VERTEX_POINT('',#5002);
#1468=VERTEX_POINT('',#5004);
#1469=VERTEX_POINT('',#5008);
#1470=VERTEX_POINT('',#5010);
#1471=VERTEX_POINT('',#5014);
#1472=VERTEX_POINT('',#5016);
#1473=VERTEX_POINT('',#5023);
#1474=VERTEX_POINT('',#5024);
#1475=VERTEX_POINT('',#5026);
#1476=VERTEX_POINT('',#5028);
#1477=VERTEX_POINT('',#5032);
#1478=VERTEX_POINT('',#5034);
#1479=VERTEX_POINT('',#5038);
#1480=VERTEX_POINT('',#5040);
#1481=VERTEX_POINT('',#5047);
#1482=VERTEX_POINT('',#5048);
#1483=VERTEX_POINT('',#5050);
#1484=VERTEX_POINT('',#5052);
#1485=VERTEX_POINT('',#5054);
#1486=VERTEX_POINT('',#5056);
#1487=VERTEX_POINT('',#5060);
#1488=VERTEX_POINT('',#5062);
#1489=VERTEX_POINT('',#5064);
#1490=VERTEX_POINT('',#5066);
#1491=VERTEX_POINT('',#5068);
#1492=VERTEX_POINT('',#5070);
#1493=VERTEX_POINT('',#5072);
#1494=VERTEX_POINT('',#5074);
#1495=VERTEX_POINT('',#5078);
#1496=VERTEX_POINT('',#5080);
#1497=VERTEX_POINT('',#5082);
#1498=VERTEX_POINT('',#5084);
#1499=VERTEX_POINT('',#5087);
#1500=VERTEX_POINT('',#5088);
#1501=VERTEX_POINT('',#5090);
#1502=VERTEX_POINT('',#5092);
#1503=VERTEX_POINT('',#5094);
#1504=VERTEX_POINT('',#5096);
#1505=VERTEX_POINT('',#5100);
#1506=VERTEX_POINT('',#5102);
#1507=VERTEX_POINT('',#5106);
#1508=VERTEX_POINT('',#5108);
#1509=VERTEX_POINT('',#5110);
#1510=VERTEX_POINT('',#5112);
#1511=VERTEX_POINT('',#5116);
#1512=VERTEX_POINT('',#5118);
#1513=VERTEX_POINT('',#5120);
#1514=VERTEX_POINT('',#5122);
#1515=VERTEX_POINT('',#5124);
#1516=VERTEX_POINT('',#5126);
#1517=VERTEX_POINT('',#5128);
#1518=VERTEX_POINT('',#5130);
#1519=VERTEX_POINT('',#5132);
#1520=VERTEX_POINT('',#5134);
#1521=VERTEX_POINT('',#5136);
#1522=VERTEX_POINT('',#5138);
#1523=VERTEX_POINT('',#5140);
#1524=VERTEX_POINT('',#5142);
#1525=VERTEX_POINT('',#5144);
#1526=VERTEX_POINT('',#5146);
#1527=VERTEX_POINT('',#5148);
#1528=VERTEX_POINT('',#5150);
#1529=VERTEX_POINT('',#5152);
#1530=VERTEX_POINT('',#5154);
#1531=VERTEX_POINT('',#5156);
#1532=VERTEX_POINT('',#5158);
#1533=VERTEX_POINT('',#5160);
#1534=VERTEX_POINT('',#5162);
#1535=VERTEX_POINT('',#5165);
#1536=VERTEX_POINT('',#5167);
#1537=VERTEX_POINT('',#5169);
#1538=VERTEX_POINT('',#5171);
#1539=VERTEX_POINT('',#5173);
#1540=VERTEX_POINT('',#5178);
#1541=VERTEX_POINT('',#5182);
#1542=VERTEX_POINT('',#5183);
#1543=VERTEX_POINT('',#5185);
#1544=VERTEX_POINT('',#5187);
#1545=VERTEX_POINT('',#5189);
#1546=VERTEX_POINT('',#5191);
#1547=VERTEX_POINT('',#5196);
#1548=VERTEX_POINT('',#5198);
#1549=VERTEX_POINT('',#5200);
#1550=VERTEX_POINT('',#5202);
#1551=VERTEX_POINT('',#5204);
#1552=VERTEX_POINT('',#5206);
#1553=VERTEX_POINT('',#5208);
#1554=VERTEX_POINT('',#5210);
#1555=VERTEX_POINT('',#5212);
#1556=VERTEX_POINT('',#5214);
#1557=VERTEX_POINT('',#5216);
#1558=VERTEX_POINT('',#5218);
#1559=VERTEX_POINT('',#5220);
#1560=VERTEX_POINT('',#5222);
#1561=VERTEX_POINT('',#5224);
#1562=VERTEX_POINT('',#5226);
#1563=VERTEX_POINT('',#5228);
#1564=VERTEX_POINT('',#5230);
#1565=VERTEX_POINT('',#5232);
#1566=VERTEX_POINT('',#5234);
#1567=VERTEX_POINT('',#5238);
#1568=VERTEX_POINT('',#5240);
#1569=VERTEX_POINT('',#5242);
#1570=VERTEX_POINT('',#5244);
#1571=VERTEX_POINT('',#5246);
#1572=VERTEX_POINT('',#5251);
#1573=VERTEX_POINT('',#5255);
#1574=VERTEX_POINT('',#5257);
#1575=VERTEX_POINT('',#5259);
#1576=VERTEX_POINT('',#5261);
#1577=VERTEX_POINT('',#5266);
#1578=VERTEX_POINT('',#5268);
#1579=VERTEX_POINT('',#5270);
#1580=VERTEX_POINT('',#5272);
#1581=VERTEX_POINT('',#5274);
#1582=VERTEX_POINT('',#5276);
#1583=VERTEX_POINT('',#5280);
#1584=VERTEX_POINT('',#5282);
#1585=VERTEX_POINT('',#5284);
#1586=VERTEX_POINT('',#5286);
#1587=VERTEX_POINT('',#5289);
#1588=VERTEX_POINT('',#5290);
#1589=VERTEX_POINT('',#5292);
#1590=VERTEX_POINT('',#5294);
#1591=VERTEX_POINT('',#5296);
#1592=VERTEX_POINT('',#5298);
#1593=VERTEX_POINT('',#5305);
#1594=VERTEX_POINT('',#5306);
#1595=VERTEX_POINT('',#5308);
#1596=VERTEX_POINT('',#5310);
#1597=VERTEX_POINT('',#5314);
#1598=VERTEX_POINT('',#5316);
#1599=VERTEX_POINT('',#5320);
#1600=VERTEX_POINT('',#5322);
#1601=VERTEX_POINT('',#5329);
#1602=VERTEX_POINT('',#5331);
#1603=VERTEX_POINT('',#5335);
#1604=VERTEX_POINT('',#5336);
#1605=VERTEX_POINT('',#5338);
#1606=VERTEX_POINT('',#5340);
#1607=VERTEX_POINT('',#5344);
#1608=VERTEX_POINT('',#5346);
#1609=VERTEX_POINT('',#5350);
#1610=VERTEX_POINT('',#5352);
#1611=VERTEX_POINT('',#5359);
#1612=VERTEX_POINT('',#5361);
#1613=VERTEX_POINT('',#5365);
#1614=VERTEX_POINT('',#5367);
#1615=VERTEX_POINT('',#5371);
#1616=VERTEX_POINT('',#5373);
#1617=VERTEX_POINT('',#5377);
#1618=VERTEX_POINT('',#5378);
#1619=VERTEX_POINT('',#5380);
#1620=VERTEX_POINT('',#5382);
#1621=VERTEX_POINT('',#5386);
#1622=VERTEX_POINT('',#5388);
#1623=VERTEX_POINT('',#5392);
#1624=VERTEX_POINT('',#5394);
#1625=VERTEX_POINT('',#5401);
#1626=VERTEX_POINT('',#5402);
#1627=VERTEX_POINT('',#5404);
#1628=VERTEX_POINT('',#5406);
#1629=VERTEX_POINT('',#5410);
#1630=VERTEX_POINT('',#5412);
#1631=VERTEX_POINT('',#5416);
#1632=VERTEX_POINT('',#5418);
#1633=VERTEX_POINT('',#5425);
#1634=VERTEX_POINT('',#5426);
#1635=VERTEX_POINT('',#5431);
#1636=VERTEX_POINT('',#5433);
#1637=VERTEX_POINT('',#5437);
#1638=VERTEX_POINT('',#5439);
#1639=VERTEX_POINT('',#5441);
#1640=VERTEX_POINT('',#5443);
#1641=VERTEX_POINT('',#5445);
#1642=VERTEX_POINT('',#5447);
#1643=VERTEX_POINT('',#5449);
#1644=VERTEX_POINT('',#5452);
#1645=VERTEX_POINT('',#5454);
#1646=VERTEX_POINT('',#5456);
#1647=VERTEX_POINT('',#5459);
#1648=VERTEX_POINT('',#5460);
#1649=VERTEX_POINT('',#5465);
#1650=VERTEX_POINT('',#5469);
#1651=VERTEX_POINT('',#5473);
#1652=VERTEX_POINT('',#5475);
#1653=VERTEX_POINT('',#5477);
#1654=VERTEX_POINT('',#5479);
#1655=VERTEX_POINT('',#5481);
#1656=VERTEX_POINT('',#5483);
#1657=VERTEX_POINT('',#5486);
#1658=VERTEX_POINT('',#5488);
#1659=VERTEX_POINT('',#5491);
#1660=VERTEX_POINT('',#5498);
#1661=VERTEX_POINT('',#5502);
#1662=VERTEX_POINT('',#5503);
#1663=VERTEX_POINT('',#5505);
#1664=VERTEX_POINT('',#5507);
#1665=VERTEX_POINT('',#5510);
#1666=VERTEX_POINT('',#5516);
#1667=VERTEX_POINT('',#5520);
#1668=VERTEX_POINT('',#5524);
#1669=VERTEX_POINT('',#5525);
#1670=VERTEX_POINT('',#5530);
#1671=VERTEX_POINT('',#5531);
#1672=VERTEX_POINT('',#5536);
#1673=VERTEX_POINT('',#5538);
#1674=VERTEX_POINT('',#5542);
#1675=VERTEX_POINT('',#5544);
#1676=VERTEX_POINT('',#5548);
#1677=VERTEX_POINT('',#5550);
#1678=VERTEX_POINT('',#5554);
#1679=VERTEX_POINT('',#5556);
#1680=VERTEX_POINT('',#5560);
#1681=VERTEX_POINT('',#5562);
#1682=VERTEX_POINT('',#5583);
#1683=VERTEX_POINT('',#5584);
#1684=VERTEX_POINT('',#5586);
#1685=VERTEX_POINT('',#5588);
#1686=VERTEX_POINT('',#5595);
#1687=VERTEX_POINT('',#5597);
#1688=VERTEX_POINT('',#5604);
#1689=VERTEX_POINT('',#5608);
#1690=VERTEX_POINT('',#5612);
#1691=VERTEX_POINT('',#5614);
#1692=VERTEX_POINT('',#5621);
#1693=VERTEX_POINT('',#5622);
#1694=VERTEX_POINT('',#5624);
#1695=VERTEX_POINT('',#5626);
#1696=VERTEX_POINT('',#5630);
#1697=VERTEX_POINT('',#5632);
#1698=VERTEX_POINT('',#5636);
#1699=VERTEX_POINT('',#5638);
#1700=VERTEX_POINT('',#5642);
#1701=VERTEX_POINT('',#5644);
#1702=VERTEX_POINT('',#5648);
#1703=VERTEX_POINT('',#5650);
#1704=VERTEX_POINT('',#5657);
#1705=VERTEX_POINT('',#5659);
#1706=VERTEX_POINT('',#5663);
#1707=VERTEX_POINT('',#5672);
#1708=VERTEX_POINT('',#5675);
#1709=VERTEX_POINT('',#5676);
#1710=VERTEX_POINT('',#5681);
#1711=VERTEX_POINT('',#5685);
#1712=VERTEX_POINT('',#5689);
#1713=VERTEX_POINT('',#5693);
#1714=VERTEX_POINT('',#5707);
#1715=VERTEX_POINT('',#5710);
#1716=VERTEX_POINT('',#5714);
#1717=VERTEX_POINT('',#5730);
#1718=VERTEX_POINT('',#5731);
#1719=VERTEX_POINT('',#5736);
#1720=VERTEX_POINT('',#5738);
#1721=VERTEX_POINT('',#5742);
#1722=VERTEX_POINT('',#5744);
#1723=VERTEX_POINT('',#5746);
#1724=VERTEX_POINT('',#5748);
#1725=VERTEX_POINT('',#5750);
#1726=VERTEX_POINT('',#5752);
#1727=VERTEX_POINT('',#5754);
#1728=VERTEX_POINT('',#5757);
#1729=VERTEX_POINT('',#5759);
#1730=VERTEX_POINT('',#5761);
#1731=VERTEX_POINT('',#5764);
#1732=VERTEX_POINT('',#5765);
#1733=VERTEX_POINT('',#5770);
#1734=VERTEX_POINT('',#5774);
#1735=VERTEX_POINT('',#5778);
#1736=VERTEX_POINT('',#5780);
#1737=VERTEX_POINT('',#5782);
#1738=VERTEX_POINT('',#5784);
#1739=VERTEX_POINT('',#5786);
#1740=VERTEX_POINT('',#5788);
#1741=VERTEX_POINT('',#5791);
#1742=VERTEX_POINT('',#5793);
#1743=VERTEX_POINT('',#5796);
#1744=VERTEX_POINT('',#5803);
#1745=VERTEX_POINT('',#5807);
#1746=VERTEX_POINT('',#5808);
#1747=VERTEX_POINT('',#5810);
#1748=VERTEX_POINT('',#5813);
#1749=VERTEX_POINT('',#5815);
#1750=VERTEX_POINT('',#5819);
#1751=VERTEX_POINT('',#5822);
#1752=VERTEX_POINT('',#5824);
#1753=VERTEX_POINT('',#5826);
#1754=VERTEX_POINT('',#5829);
#1755=VERTEX_POINT('',#5831);
#1756=VERTEX_POINT('',#5833);
#1757=VERTEX_POINT('',#5835);
#1758=VERTEX_POINT('',#5837);
#1759=VERTEX_POINT('',#5839);
#1760=VERTEX_POINT('',#5842);
#1761=VERTEX_POINT('',#5844);
#1762=VERTEX_POINT('',#5846);
#1763=VERTEX_POINT('',#5848);
#1764=VERTEX_POINT('',#5850);
#1765=VERTEX_POINT('',#5860);
#1766=VERTEX_POINT('',#5867);
#1767=VERTEX_POINT('',#5871);
#1768=VERTEX_POINT('',#5878);
#1769=VERTEX_POINT('',#5882);
#1770=VERTEX_POINT('',#5893);
#1771=VERTEX_POINT('',#5895);
#1772=VERTEX_POINT('',#5904);
#1773=VERTEX_POINT('',#5906);
#1774=VERTEX_POINT('',#5912);
#1775=VERTEX_POINT('',#5918);
#1776=VERTEX_POINT('',#5922);
#1777=VERTEX_POINT('',#5926);
#1778=VERTEX_POINT('',#5932);
#1779=VERTEX_POINT('',#5933);
#1780=VERTEX_POINT('',#5938);
#1781=VERTEX_POINT('',#5942);
#1782=VERTEX_POINT('',#5946);
#1783=VERTEX_POINT('',#5950);
#1784=VERTEX_POINT('',#5964);
#1785=VERTEX_POINT('',#5967);
#1786=VERTEX_POINT('',#5968);
#1787=VERTEX_POINT('',#5970);
#1788=VERTEX_POINT('',#5972);
#1789=VERTEX_POINT('',#5976);
#1790=VERTEX_POINT('',#5978);
#1791=VERTEX_POINT('',#5982);
#1792=VERTEX_POINT('',#5984);
#1793=VERTEX_POINT('',#5988);
#1794=VERTEX_POINT('',#5990);
#1795=VERTEX_POINT('',#5994);
#1796=VERTEX_POINT('',#5996);
#1797=VERTEX_POINT('',#6003);
#1798=VERTEX_POINT('',#6007);
#1799=VERTEX_POINT('',#6011);
#1800=VERTEX_POINT('',#6018);
#1801=EDGE_CURVE('',#1465,#1466,#689,.T.);
#1802=EDGE_CURVE('',#1467,#1465,#690,.T.);
#1803=EDGE_CURVE('',#1468,#1467,#691,.T.);
#1804=EDGE_CURVE('',#1468,#1466,#692,.T.);
#1805=EDGE_CURVE('',#1466,#1469,#115,.T.);
#1806=EDGE_CURVE('',#1470,#1468,#116,.T.);
#1807=EDGE_CURVE('',#1470,#1469,#693,.T.);
#1808=EDGE_CURVE('',#1469,#1471,#694,.T.);
#1809=EDGE_CURVE('',#1472,#1470,#695,.T.);
#1810=EDGE_CURVE('',#1472,#1471,#696,.T.);
#1811=EDGE_CURVE('',#1471,#1465,#117,.T.);
#1812=EDGE_CURVE('',#1467,#1472,#118,.T.);
#1813=EDGE_CURVE('',#1473,#1474,#697,.T.);
#1814=EDGE_CURVE('',#1475,#1473,#698,.T.);
#1815=EDGE_CURVE('',#1476,#1475,#699,.T.);
#1816=EDGE_CURVE('',#1476,#1474,#700,.T.);
#1817=EDGE_CURVE('',#1474,#1477,#119,.T.);
#1818=EDGE_CURVE('',#1478,#1476,#120,.T.);
#1819=EDGE_CURVE('',#1478,#1477,#701,.T.);
#1820=EDGE_CURVE('',#1477,#1479,#702,.T.);
#1821=EDGE_CURVE('',#1480,#1478,#703,.T.);
#1822=EDGE_CURVE('',#1480,#1479,#704,.T.);
#1823=EDGE_CURVE('',#1479,#1473,#121,.T.);
#1824=EDGE_CURVE('',#1475,#1480,#122,.T.);
#1825=EDGE_CURVE('',#1481,#1482,#123,.T.);
#1826=EDGE_CURVE('',#1482,#1483,#705,.T.);
#1827=EDGE_CURVE('',#1483,#1484,#124,.T.);
#1828=EDGE_CURVE('',#1484,#1485,#706,.T.);
#1829=EDGE_CURVE('',#1485,#1486,#125,.T.);
#1830=EDGE_CURVE('',#1486,#1481,#707,.T.);
#1831=EDGE_CURVE('',#1486,#1487,#708,.T.);
#1832=EDGE_CURVE('',#1488,#1487,#709,.T.);
#1833=EDGE_CURVE('',#1488,#1489,#67,.T.);
#1834=EDGE_CURVE('',#1489,#1490,#710,.T.);
#1835=EDGE_CURVE('',#1491,#1490,#68,.T.);
#1836=EDGE_CURVE('',#1491,#1492,#711,.T.);
#1837=EDGE_CURVE('',#1493,#1492,#712,.T.);
#1838=EDGE_CURVE('',#1494,#1493,#713,.T.);
#1839=EDGE_CURVE('',#1494,#1481,#714,.T.);
#1840=EDGE_CURVE('',#1495,#1485,#715,.T.);
#1841=EDGE_CURVE('',#1496,#1495,#716,.T.);
#1842=EDGE_CURVE('',#1497,#1496,#717,.T.);
#1843=EDGE_CURVE('',#1498,#1497,#718,.T.);
#1844=EDGE_CURVE('',#1487,#1498,#719,.T.);
#1845=EDGE_CURVE('',#1499,#1500,#720,.T.);
#1846=EDGE_CURVE('',#1501,#1499,#721,.T.);
#1847=EDGE_CURVE('',#1502,#1501,#722,.T.);
#1848=EDGE_CURVE('',#1503,#1502,#723,.T.);
#1849=EDGE_CURVE('',#1504,#1503,#724,.T.);
#1850=EDGE_CURVE('',#1500,#1504,#725,.T.);
#1851=EDGE_CURVE('',#1484,#1505,#726,.T.);
#1852=EDGE_CURVE('',#1505,#1506,#727,.T.);
#1853=EDGE_CURVE('',#1506,#1495,#728,.T.);
#1854=EDGE_CURVE('',#1507,#1494,#126,.T.);
#1855=EDGE_CURVE('',#1493,#1508,#127,.T.);
#1856=EDGE_CURVE('',#1508,#1509,#729,.T.);
#1857=EDGE_CURVE('',#1509,#1510,#128,.T.);
#1858=EDGE_CURVE('',#1510,#1507,#730,.T.);
#1859=EDGE_CURVE('',#1511,#1510,#731,.T.);
#1860=EDGE_CURVE('',#1511,#1512,#732,.T.);
#1861=EDGE_CURVE('',#1512,#1513,#69,.F.);
#1862=EDGE_CURVE('',#1514,#1513,#733,.T.);
#1863=EDGE_CURVE('',#1515,#1514,#129,.T.);
#1864=EDGE_CURVE('',#1516,#1515,#734,.T.);
#1865=EDGE_CURVE('',#1517,#1516,#130,.T.);
#1866=EDGE_CURVE('',#1517,#1518,#735,.T.);
#1867=EDGE_CURVE('',#1519,#1518,#131,.T.);
#1868=EDGE_CURVE('',#1520,#1519,#736,.T.);
#1869=EDGE_CURVE('',#1521,#1520,#132,.T.);
#1870=EDGE_CURVE('',#1522,#1521,#737,.T.);
#1871=EDGE_CURVE('',#1523,#1522,#133,.T.);
#1872=EDGE_CURVE('',#1523,#1524,#738,.T.);
#1873=EDGE_CURVE('',#1525,#1524,#134,.T.);
#1874=EDGE_CURVE('',#1525,#1526,#739,.T.);
#1875=EDGE_CURVE('',#1527,#1526,#135,.T.);
#1876=EDGE_CURVE('',#1527,#1528,#740,.T.);
#1877=EDGE_CURVE('',#1529,#1528,#136,.T.);
#1878=EDGE_CURVE('',#1530,#1529,#741,.T.);
#1879=EDGE_CURVE('',#1530,#1531,#70,.F.);
#1880=EDGE_CURVE('',#1532,#1531,#742,.T.);
#1881=EDGE_CURVE('',#1533,#1532,#743,.T.);
#1882=EDGE_CURVE('',#1534,#1533,#744,.T.);
#1883=EDGE_CURVE('',#1507,#1534,#745,.T.);
#1884=EDGE_CURVE('',#1535,#1535,#137,.T.);
#1885=EDGE_CURVE('',#1536,#1536,#138,.T.);
#1886=EDGE_CURVE('',#1537,#1537,#139,.T.);
#1887=EDGE_CURVE('',#1538,#1538,#140,.T.);
#1888=EDGE_CURVE('',#1539,#1539,#141,.T.);
#1889=EDGE_CURVE('',#1509,#1511,#746,.T.);
#1890=EDGE_CURVE('',#1540,#1508,#747,.T.);
#1891=EDGE_CURVE('',#1512,#1540,#748,.T.);
#1892=EDGE_CURVE('',#1541,#1542,#142,.T.);
#1893=EDGE_CURVE('',#1542,#1543,#749,.T.);
#1894=EDGE_CURVE('',#1543,#1544,#143,.T.);
#1895=EDGE_CURVE('',#1544,#1545,#750,.T.);
#1896=EDGE_CURVE('',#1545,#1546,#144,.T.);
#1897=EDGE_CURVE('',#1546,#1541,#751,.T.);
#1898=EDGE_CURVE('',#1482,#1541,#752,.T.);
#1899=EDGE_CURVE('',#1546,#1547,#753,.T.);
#1900=EDGE_CURVE('',#1547,#1548,#754,.T.);
#1901=EDGE_CURVE('',#1549,#1548,#71,.F.);
#1902=EDGE_CURVE('',#1549,#1550,#755,.T.);
#1903=EDGE_CURVE('',#1550,#1551,#145,.T.);
#1904=EDGE_CURVE('',#1552,#1551,#756,.T.);
#1905=EDGE_CURVE('',#1552,#1553,#146,.T.);
#1906=EDGE_CURVE('',#1554,#1553,#757,.T.);
#1907=EDGE_CURVE('',#1554,#1555,#147,.T.);
#1908=EDGE_CURVE('',#1556,#1555,#758,.T.);
#1909=EDGE_CURVE('',#1556,#1557,#148,.T.);
#1910=EDGE_CURVE('',#1557,#1558,#759,.T.);
#1911=EDGE_CURVE('',#1558,#1559,#149,.T.);
#1912=EDGE_CURVE('',#1559,#1560,#760,.T.);
#1913=EDGE_CURVE('',#1560,#1561,#150,.T.);
#1914=EDGE_CURVE('',#1562,#1561,#761,.T.);
#1915=EDGE_CURVE('',#1562,#1563,#151,.T.);
#1916=EDGE_CURVE('',#1563,#1564,#762,.T.);
#1917=EDGE_CURVE('',#1564,#1565,#152,.T.);
#1918=EDGE_CURVE('',#1565,#1566,#763,.T.);
#1919=EDGE_CURVE('',#1506,#1566,#72,.F.);
#1920=EDGE_CURVE('',#1505,#1483,#764,.T.);
#1921=EDGE_CURVE('',#1567,#1567,#153,.T.);
#1922=EDGE_CURVE('',#1568,#1568,#154,.T.);
#1923=EDGE_CURVE('',#1569,#1569,#155,.T.);
#1924=EDGE_CURVE('',#1570,#1570,#156,.T.);
#1925=EDGE_CURVE('',#1571,#1571,#157,.T.);
#1926=EDGE_CURVE('',#1547,#1545,#765,.T.);
#1927=EDGE_CURVE('',#1544,#1572,#766,.T.);
#1928=EDGE_CURVE('',#1548,#1572,#767,.T.);
#1929=EDGE_CURVE('',#1573,#1534,#158,.T.);
#1930=EDGE_CURVE('',#1533,#1574,#159,.T.);
#1931=EDGE_CURVE('',#1574,#1575,#768,.T.);
#1932=EDGE_CURVE('',#1575,#1576,#160,.T.);
#1933=EDGE_CURVE('',#1576,#1573,#769,.T.);
#1934=EDGE_CURVE('',#1573,#1542,#770,.T.);
#1935=EDGE_CURVE('',#1577,#1576,#771,.T.);
#1936=EDGE_CURVE('',#1578,#1577,#772,.T.);
#1937=EDGE_CURVE('',#1579,#1578,#73,.T.);
#1938=EDGE_CURVE('',#1580,#1579,#773,.T.);
#1939=EDGE_CURVE('',#1580,#1581,#74,.T.);
#1940=EDGE_CURVE('',#1581,#1582,#774,.T.);
#1941=EDGE_CURVE('',#1582,#1543,#775,.T.);
#1942=EDGE_CURVE('',#1575,#1583,#776,.T.);
#1943=EDGE_CURVE('',#1583,#1584,#777,.T.);
#1944=EDGE_CURVE('',#1584,#1585,#778,.T.);
#1945=EDGE_CURVE('',#1585,#1586,#779,.T.);
#1946=EDGE_CURVE('',#1586,#1577,#780,.T.);
#1947=EDGE_CURVE('',#1587,#1588,#781,.T.);
#1948=EDGE_CURVE('',#1588,#1589,#782,.T.);
#1949=EDGE_CURVE('',#1589,#1590,#783,.T.);
#1950=EDGE_CURVE('',#1590,#1591,#784,.T.);
#1951=EDGE_CURVE('',#1591,#1592,#785,.T.);
#1952=EDGE_CURVE('',#1592,#1587,#786,.T.);
#1953=EDGE_CURVE('',#1532,#1574,#787,.T.);
#1954=EDGE_CURVE('',#1531,#1583,#788,.T.);
#1955=EDGE_CURVE('',#1593,#1594,#789,.T.);
#1956=EDGE_CURVE('',#1595,#1593,#790,.T.);
#1957=EDGE_CURVE('',#1596,#1595,#791,.T.);
#1958=EDGE_CURVE('',#1596,#1594,#792,.T.);
#1959=EDGE_CURVE('',#1594,#1597,#793,.T.);
#1960=EDGE_CURVE('',#1598,#1596,#794,.T.);
#1961=EDGE_CURVE('',#1598,#1597,#795,.T.);
#1962=EDGE_CURVE('',#1597,#1599,#796,.T.);
#1963=EDGE_CURVE('',#1600,#1598,#797,.T.);
#1964=EDGE_CURVE('',#1600,#1599,#798,.T.);
#1965=EDGE_CURVE('',#1599,#1593,#799,.T.);
#1966=EDGE_CURVE('',#1595,#1600,#800,.T.);
#1967=EDGE_CURVE('',#1601,#1601,#161,.T.);
#1968=EDGE_CURVE('',#1601,#1602,#801,.T.);
#1969=EDGE_CURVE('',#1602,#1602,#162,.T.);
#1970=EDGE_CURVE('',#1603,#1604,#802,.T.);
#1971=EDGE_CURVE('',#1605,#1603,#803,.T.);
#1972=EDGE_CURVE('',#1606,#1605,#804,.T.);
#1973=EDGE_CURVE('',#1606,#1604,#805,.T.);
#1974=EDGE_CURVE('',#1604,#1607,#806,.T.);
#1975=EDGE_CURVE('',#1608,#1606,#807,.T.);
#1976=EDGE_CURVE('',#1608,#1607,#808,.T.);
#1977=EDGE_CURVE('',#1607,#1609,#809,.T.);
#1978=EDGE_CURVE('',#1610,#1608,#810,.T.);
#1979=EDGE_CURVE('',#1610,#1609,#811,.T.);
#1980=EDGE_CURVE('',#1609,#1603,#812,.T.);
#1981=EDGE_CURVE('',#1605,#1610,#813,.T.);
#1982=EDGE_CURVE('',#1611,#1611,#163,.T.);
#1983=EDGE_CURVE('',#1611,#1612,#814,.T.);
#1984=EDGE_CURVE('',#1612,#1612,#164,.T.);
#1985=EDGE_CURVE('',#1613,#1613,#165,.T.);
#1986=EDGE_CURVE('',#1613,#1614,#815,.T.);
#1987=EDGE_CURVE('',#1614,#1614,#166,.T.);
#1988=EDGE_CURVE('',#1615,#1615,#167,.T.);
#1989=EDGE_CURVE('',#1615,#1616,#816,.T.);
#1990=EDGE_CURVE('',#1616,#1616,#168,.T.);
#1991=EDGE_CURVE('',#1617,#1618,#817,.T.);
#1992=EDGE_CURVE('',#1619,#1617,#818,.T.);
#1993=EDGE_CURVE('',#1620,#1619,#819,.T.);
#1994=EDGE_CURVE('',#1620,#1618,#820,.T.);
#1995=EDGE_CURVE('',#1618,#1621,#821,.T.);
#1996=EDGE_CURVE('',#1622,#1620,#822,.T.);
#1997=EDGE_CURVE('',#1622,#1621,#823,.T.);
#1998=EDGE_CURVE('',#1621,#1623,#824,.T.);
#1999=EDGE_CURVE('',#1624,#1622,#825,.T.);
#2000=EDGE_CURVE('',#1624,#1623,#826,.T.);
#2001=EDGE_CURVE('',#1623,#1617,#827,.T.);
#2002=EDGE_CURVE('',#1619,#1624,#828,.T.);
#2003=EDGE_CURVE('',#1625,#1626,#829,.T.);
#2004=EDGE_CURVE('',#1627,#1625,#830,.T.);
#2005=EDGE_CURVE('',#1628,#1627,#831,.T.);
#2006=EDGE_CURVE('',#1628,#1626,#832,.T.);
#2007=EDGE_CURVE('',#1626,#1629,#833,.T.);
#2008=EDGE_CURVE('',#1630,#1628,#834,.T.);
#2009=EDGE_CURVE('',#1630,#1629,#835,.T.);
#2010=EDGE_CURVE('',#1629,#1631,#836,.T.);
#2011=EDGE_CURVE('',#1632,#1630,#837,.T.);
#2012=EDGE_CURVE('',#1632,#1631,#838,.T.);
#2013=EDGE_CURVE('',#1631,#1625,#839,.T.);
#2014=EDGE_CURVE('',#1627,#1632,#840,.T.);
#2015=EDGE_CURVE('',#1633,#1634,#169,.T.);
#2016=EDGE_CURVE('',#1561,#1633,#841,.T.);
#2017=EDGE_CURVE('',#1634,#1560,#842,.T.);
#2018=EDGE_CURVE('',#1559,#1635,#843,.T.);
#2019=EDGE_CURVE('',#1636,#1635,#844,.T.);
#2020=EDGE_CURVE('',#1636,#1634,#845,.T.);
#2021=EDGE_CURVE('',#1637,#1636,#846,.T.);
#2022=EDGE_CURVE('',#1638,#1637,#847,.T.);
#2023=EDGE_CURVE('',#1638,#1639,#848,.T.);
#2024=EDGE_CURVE('',#1640,#1639,#849,.T.);
#2025=EDGE_CURVE('',#1641,#1640,#850,.T.);
#2026=EDGE_CURVE('',#1642,#1641,#851,.T.);
#2027=EDGE_CURVE('',#1642,#1643,#170,.T.);
#2028=EDGE_CURVE('',#1633,#1643,#852,.T.);
#2029=EDGE_CURVE('',#1644,#1644,#171,.T.);
#2030=EDGE_CURVE('',#1645,#1645,#172,.T.);
#2031=EDGE_CURVE('',#1646,#1646,#173,.T.);
#2032=EDGE_CURVE('',#1647,#1648,#174,.T.);
#2033=EDGE_CURVE('',#1553,#1647,#853,.T.);
#2034=EDGE_CURVE('',#1648,#1552,#854,.T.);
#2035=EDGE_CURVE('',#1647,#1649,#855,.T.);
#2036=EDGE_CURVE('',#1649,#1554,#856,.T.);
#2037=EDGE_CURVE('',#1650,#1649,#175,.T.);
#2038=EDGE_CURVE('',#1555,#1650,#857,.T.);
#2039=EDGE_CURVE('',#1651,#1648,#858,.T.);
#2040=EDGE_CURVE('',#1652,#1651,#859,.T.);
#2041=EDGE_CURVE('',#1653,#1652,#860,.T.);
#2042=EDGE_CURVE('',#1653,#1654,#861,.T.);
#2043=EDGE_CURVE('',#1655,#1654,#862,.T.);
#2044=EDGE_CURVE('',#1656,#1655,#863,.T.);
#2045=EDGE_CURVE('',#1650,#1656,#864,.T.);
#2046=EDGE_CURVE('',#1657,#1657,#176,.T.);
#2047=EDGE_CURVE('',#1658,#1658,#177,.T.);
#2048=EDGE_CURVE('',#1659,#1656,#865,.T.);
#2049=EDGE_CURVE('',#1659,#1556,#866,.T.);
#2050=EDGE_CURVE('',#1563,#1642,#867,.T.);
#2051=EDGE_CURVE('',#1643,#1562,#868,.T.);
#2052=EDGE_CURVE('',#1641,#1660,#869,.T.);
#2053=EDGE_CURVE('',#1660,#1564,#870,.T.);
#2054=EDGE_CURVE('',#1661,#1662,#75,.T.);
#2055=EDGE_CURVE('',#1662,#1663,#871,.T.);
#2056=EDGE_CURVE('',#1663,#1664,#76,.T.);
#2057=EDGE_CURVE('',#1565,#1664,#872,.T.);
#2058=EDGE_CURVE('',#1665,#1660,#77,.T.);
#2059=EDGE_CURVE('',#1661,#1665,#873,.T.);
#2060=EDGE_CURVE('',#1664,#1566,#874,.T.);
#2061=EDGE_CURVE('',#1666,#1659,#78,.T.);
#2062=EDGE_CURVE('',#1557,#1666,#875,.T.);
#2063=EDGE_CURVE('',#1635,#1667,#79,.T.);
#2064=EDGE_CURVE('',#1667,#1558,#876,.T.);
#2065=EDGE_CURVE('',#1668,#1669,#80,.T.);
#2066=EDGE_CURVE('',#1551,#1668,#877,.T.);
#2067=EDGE_CURVE('',#1669,#1550,#878,.T.);
#2068=EDGE_CURVE('',#1670,#1671,#879,.T.);
#2069=EDGE_CURVE('',#1654,#1670,#81,.T.);
#2070=EDGE_CURVE('',#1671,#1653,#82,.T.);
#2071=EDGE_CURVE('',#1671,#1672,#880,.T.);
#2072=EDGE_CURVE('',#1673,#1653,#881,.T.);
#2073=EDGE_CURVE('',#1672,#1673,#83,.T.);
#2074=EDGE_CURVE('',#1654,#1674,#882,.T.);
#2075=EDGE_CURVE('',#1675,#1670,#883,.T.);
#2076=EDGE_CURVE('',#1674,#1675,#84,.T.);
#2077=EDGE_CURVE('',#1676,#1638,#85,.T.);
#2078=EDGE_CURVE('',#1677,#1676,#884,.T.);
#2079=EDGE_CURVE('',#1639,#1677,#86,.T.);
#2080=EDGE_CURVE('',#1639,#1678,#885,.T.);
#2081=EDGE_CURVE('',#1679,#1677,#886,.T.);
#2082=EDGE_CURVE('',#1678,#1679,#87,.T.);
#2083=EDGE_CURVE('',#1676,#1680,#887,.T.);
#2084=EDGE_CURVE('',#1681,#1638,#888,.T.);
#2085=EDGE_CURVE('',#1680,#1681,#88,.T.);
#2086=EDGE_CURVE('',#1678,#1640,#889,.T.);
#2087=EDGE_CURVE('',#1681,#1637,#890,.T.);
#2088=EDGE_CURVE('',#1675,#1666,#891,.T.);
#2089=EDGE_CURVE('',#1674,#1655,#892,.T.);
#2090=EDGE_CURVE('',#1679,#1665,#893,.T.);
#2091=EDGE_CURVE('',#1667,#1680,#894,.T.);
#2092=EDGE_CURVE('',#1673,#1652,#895,.T.);
#2093=EDGE_CURVE('',#1669,#1672,#896,.T.);
#2094=EDGE_CURVE('',#1668,#1651,#897,.T.);
#2095=EDGE_CURVE('',#1682,#1683,#898,.T.);
#2096=EDGE_CURVE('',#1684,#1682,#89,.T.);
#2097=EDGE_CURVE('',#1685,#1684,#899,.T.);
#2098=EDGE_CURVE('',#1683,#1685,#90,.T.);
#2099=EDGE_CURVE('',#1683,#1580,#900,.T.);
#2100=EDGE_CURVE('',#1581,#1685,#901,.T.);
#2101=EDGE_CURVE('',#1686,#1682,#902,.T.);
#2102=EDGE_CURVE('',#1687,#1686,#91,.T.);
#2103=EDGE_CURVE('',#1684,#1687,#903,.T.);
#2104=EDGE_CURVE('',#1687,#1548,#904,.T.);
#2105=EDGE_CURVE('',#1549,#1686,#905,.T.);
#2106=EDGE_CURVE('',#1688,#1663,#92,.T.);
#2107=EDGE_CURVE('',#1506,#1688,#906,.T.);
#2108=EDGE_CURVE('',#1689,#1662,#93,.T.);
#2109=EDGE_CURVE('',#1688,#1689,#907,.T.);
#2110=EDGE_CURVE('',#1690,#1661,#908,.T.);
#2111=EDGE_CURVE('',#1691,#1690,#94,.T.);
#2112=EDGE_CURVE('',#1689,#1691,#909,.T.);
#2113=EDGE_CURVE('',#1691,#1488,#910,.T.);
#2114=EDGE_CURVE('',#1489,#1690,#911,.T.);
#2115=EDGE_CURVE('',#1692,#1693,#912,.T.);
#2116=EDGE_CURVE('',#1693,#1694,#913,.T.);
#2117=EDGE_CURVE('',#1694,#1695,#914,.T.);
#2118=EDGE_CURVE('',#1692,#1695,#915,.T.);
#2119=EDGE_CURVE('',#1693,#1696,#916,.T.);
#2120=EDGE_CURVE('',#1696,#1697,#917,.T.);
#2121=EDGE_CURVE('',#1697,#1694,#918,.T.);
#2122=EDGE_CURVE('',#1696,#1698,#919,.T.);
#2123=EDGE_CURVE('',#1698,#1699,#920,.T.);
#2124=EDGE_CURVE('',#1699,#1697,#921,.T.);
#2125=EDGE_CURVE('',#1698,#1700,#922,.T.);
#2126=EDGE_CURVE('',#1700,#1701,#923,.T.);
#2127=EDGE_CURVE('',#1701,#1699,#924,.T.);
#2128=EDGE_CURVE('',#1700,#1702,#925,.T.);
#2129=EDGE_CURVE('',#1702,#1703,#926,.T.);
#2130=EDGE_CURVE('',#1703,#1701,#927,.T.);
#2131=EDGE_CURVE('',#1702,#1692,#928,.T.);
#2132=EDGE_CURVE('',#1695,#1703,#929,.T.);
#2133=EDGE_CURVE('',#1684,#1704,#930,.T.);
#2134=EDGE_CURVE('',#1704,#1705,#931,.T.);
#2135=EDGE_CURVE('',#1685,#1705,#932,.T.);
#2136=EDGE_CURVE('',#1687,#1706,#933,.T.);
#2137=EDGE_CURVE('',#1706,#1704,#934,.T.);
#2138=EDGE_CURVE('',#1572,#1706,#935,.T.);
#2139=EDGE_CURVE('',#1705,#1582,#936,.T.);
#2140=EDGE_CURVE('',#1707,#1707,#178,.T.);
#2141=EDGE_CURVE('',#1708,#1709,#937,.T.);
#2142=EDGE_CURVE('',#1709,#1501,#938,.T.);
#2143=EDGE_CURVE('',#1708,#1499,#939,.T.);
#2144=EDGE_CURVE('',#1709,#1710,#940,.T.);
#2145=EDGE_CURVE('',#1710,#1502,#941,.T.);
#2146=EDGE_CURVE('',#1710,#1711,#942,.T.);
#2147=EDGE_CURVE('',#1711,#1503,#943,.T.);
#2148=EDGE_CURVE('',#1711,#1712,#944,.T.);
#2149=EDGE_CURVE('',#1712,#1504,#945,.T.);
#2150=EDGE_CURVE('',#1712,#1713,#946,.T.);
#2151=EDGE_CURVE('',#1713,#1500,#947,.T.);
#2152=EDGE_CURVE('',#1713,#1708,#948,.T.);
#2153=EDGE_CURVE('',#1688,#1496,#949,.T.);
#2154=EDGE_CURVE('',#1689,#1497,#950,.T.);
#2155=EDGE_CURVE('',#1691,#1498,#951,.T.);
#2156=EDGE_CURVE('',#1714,#1714,#179,.T.);
#2157=EDGE_CURVE('',#1715,#1715,#180,.T.);
#2158=EDGE_CURVE('',#1715,#1707,#952,.T.);
#2159=EDGE_CURVE('',#1716,#1716,#181,.T.);
#2160=EDGE_CURVE('',#1716,#1714,#953,.T.);
#2161=EDGE_CURVE('',#1644,#1567,#954,.T.);
#2162=EDGE_CURVE('',#1645,#1568,#955,.T.);
#2163=EDGE_CURVE('',#1646,#1569,#956,.T.);
#2164=EDGE_CURVE('',#1658,#1570,#957,.T.);
#2165=EDGE_CURVE('',#1657,#1571,#958,.T.);
#2166=EDGE_CURVE('',#1717,#1718,#182,.T.);
#2167=EDGE_CURVE('',#1718,#1519,#959,.T.);
#2168=EDGE_CURVE('',#1518,#1717,#960,.T.);
#2169=EDGE_CURVE('',#1719,#1718,#961,.T.);
#2170=EDGE_CURVE('',#1719,#1720,#962,.T.);
#2171=EDGE_CURVE('',#1520,#1720,#963,.T.);
#2172=EDGE_CURVE('',#1717,#1721,#964,.T.);
#2173=EDGE_CURVE('',#1722,#1721,#183,.T.);
#2174=EDGE_CURVE('',#1722,#1723,#965,.T.);
#2175=EDGE_CURVE('',#1723,#1724,#966,.T.);
#2176=EDGE_CURVE('',#1724,#1725,#967,.T.);
#2177=EDGE_CURVE('',#1726,#1725,#968,.T.);
#2178=EDGE_CURVE('',#1726,#1727,#969,.T.);
#2179=EDGE_CURVE('',#1727,#1719,#970,.T.);
#2180=EDGE_CURVE('',#1728,#1728,#184,.T.);
#2181=EDGE_CURVE('',#1729,#1729,#185,.T.);
#2182=EDGE_CURVE('',#1730,#1730,#186,.T.);
#2183=EDGE_CURVE('',#1731,#1732,#187,.T.);
#2184=EDGE_CURVE('',#1732,#1527,#971,.T.);
#2185=EDGE_CURVE('',#1526,#1731,#972,.T.);
#2186=EDGE_CURVE('',#1733,#1525,#973,.T.);
#2187=EDGE_CURVE('',#1731,#1733,#974,.T.);
#2188=EDGE_CURVE('',#1734,#1733,#188,.T.);
#2189=EDGE_CURVE('',#1524,#1734,#975,.T.);
#2190=EDGE_CURVE('',#1734,#1735,#976,.T.);
#2191=EDGE_CURVE('',#1735,#1736,#977,.T.);
#2192=EDGE_CURVE('',#1736,#1737,#978,.T.);
#2193=EDGE_CURVE('',#1738,#1737,#979,.T.);
#2194=EDGE_CURVE('',#1738,#1739,#980,.T.);
#2195=EDGE_CURVE('',#1739,#1740,#981,.T.);
#2196=EDGE_CURVE('',#1740,#1732,#982,.T.);
#2197=EDGE_CURVE('',#1741,#1741,#189,.T.);
#2198=EDGE_CURVE('',#1742,#1742,#190,.T.);
#2199=EDGE_CURVE('',#1743,#1523,#983,.T.);
#2200=EDGE_CURVE('',#1743,#1735,#984,.T.);
#2201=EDGE_CURVE('',#1721,#1517,#985,.T.);
#2202=EDGE_CURVE('',#1516,#1722,#986,.T.);
#2203=EDGE_CURVE('',#1744,#1515,#987,.T.);
#2204=EDGE_CURVE('',#1723,#1744,#988,.T.);
#2205=EDGE_CURVE('',#1745,#1746,#95,.T.);
#2206=EDGE_CURVE('',#1745,#1747,#989,.T.);
#2207=EDGE_CURVE('',#1747,#1744,#96,.T.);
#2208=EDGE_CURVE('',#1514,#1748,#990,.T.);
#2209=EDGE_CURVE('',#1749,#1748,#97,.T.);
#2210=EDGE_CURVE('',#1746,#1749,#991,.T.);
#2211=EDGE_CURVE('',#1750,#1745,#992,.T.);
#2212=EDGE_CURVE('',#1490,#1750,#993,.T.);
#2213=EDGE_CURVE('',#1751,#1579,#994,.T.);
#2214=EDGE_CURVE('',#1752,#1751,#995,.T.);
#2215=EDGE_CURVE('',#1753,#1752,#996,.T.);
#2216=EDGE_CURVE('',#1530,#1753,#997,.T.);
#2217=EDGE_CURVE('',#1754,#1529,#998,.T.);
#2218=EDGE_CURVE('',#1754,#1755,#999,.T.);
#2219=EDGE_CURVE('',#1756,#1755,#1000,.T.);
#2220=EDGE_CURVE('',#1757,#1756,#1001,.T.);
#2221=EDGE_CURVE('',#1758,#1757,#1002,.T.);
#2222=EDGE_CURVE('',#1758,#1759,#1003,.T.);
#2223=EDGE_CURVE('',#1522,#1759,#1004,.T.);
#2224=EDGE_CURVE('',#1760,#1521,#1005,.T.);
#2225=EDGE_CURVE('',#1760,#1761,#1006,.T.);
#2226=EDGE_CURVE('',#1762,#1761,#1007,.T.);
#2227=EDGE_CURVE('',#1763,#1762,#1008,.T.);
#2228=EDGE_CURVE('',#1764,#1763,#1009,.T.);
#2229=EDGE_CURVE('',#1764,#1747,#1010,.T.);
#2230=EDGE_CURVE('',#1748,#1513,#1011,.T.);
#2231=EDGE_CURVE('',#1759,#1743,#98,.T.);
#2232=EDGE_CURVE('',#1720,#1760,#99,.T.);
#2233=EDGE_CURVE('',#1765,#1754,#100,.T.);
#2234=EDGE_CURVE('',#1528,#1765,#1012,.T.);
#2235=EDGE_CURVE('',#1756,#1738,#101,.T.);
#2236=EDGE_CURVE('',#1737,#1757,#102,.T.);
#2237=EDGE_CURVE('',#1755,#1766,#103,.T.);
#2238=EDGE_CURVE('',#1766,#1738,#1013,.T.);
#2239=EDGE_CURVE('',#1737,#1767,#1014,.T.);
#2240=EDGE_CURVE('',#1767,#1758,#104,.T.);
#2241=EDGE_CURVE('',#1725,#1763,#105,.T.);
#2242=EDGE_CURVE('',#1762,#1726,#106,.T.);
#2243=EDGE_CURVE('',#1725,#1768,#1015,.T.);
#2244=EDGE_CURVE('',#1768,#1764,#107,.T.);
#2245=EDGE_CURVE('',#1761,#1769,#108,.T.);
#2246=EDGE_CURVE('',#1769,#1726,#1016,.T.);
#2247=EDGE_CURVE('',#1768,#1724,#1017,.T.);
#2248=EDGE_CURVE('',#1769,#1727,#1018,.T.);
#2249=EDGE_CURVE('',#1767,#1736,#1019,.T.);
#2250=EDGE_CURVE('',#1770,#1770,#191,.T.);
#2251=EDGE_CURVE('',#1771,#1771,#192,.T.);
#2252=EDGE_CURVE('',#1766,#1739,#1020,.T.);
#2253=EDGE_CURVE('',#1765,#1740,#1021,.T.);
#2254=EDGE_CURVE('',#1751,#1772,#109,.T.);
#2255=EDGE_CURVE('',#1772,#1773,#1022,.T.);
#2256=EDGE_CURVE('',#1773,#1752,#110,.T.);
#2257=EDGE_CURVE('',#1578,#1772,#1023,.T.);
#2258=EDGE_CURVE('',#1773,#1774,#1024,.T.);
#2259=EDGE_CURVE('',#1774,#1753,#111,.T.);
#2260=EDGE_CURVE('',#1774,#1531,#1025,.T.);
#2261=EDGE_CURVE('',#1512,#1775,#1026,.T.);
#2262=EDGE_CURVE('',#1775,#1749,#112,.T.);
#2263=EDGE_CURVE('',#1775,#1776,#1027,.T.);
#2264=EDGE_CURVE('',#1776,#1746,#113,.T.);
#2265=EDGE_CURVE('',#1776,#1777,#1028,.T.);
#2266=EDGE_CURVE('',#1777,#1750,#114,.T.);
#2267=EDGE_CURVE('',#1777,#1491,#1029,.T.);
#2268=EDGE_CURVE('',#1778,#1779,#1030,.T.);
#2269=EDGE_CURVE('',#1778,#1587,#1031,.T.);
#2270=EDGE_CURVE('',#1779,#1592,#1032,.T.);
#2271=EDGE_CURVE('',#1779,#1780,#1033,.T.);
#2272=EDGE_CURVE('',#1780,#1591,#1034,.T.);
#2273=EDGE_CURVE('',#1780,#1781,#1035,.T.);
#2274=EDGE_CURVE('',#1781,#1590,#1036,.T.);
#2275=EDGE_CURVE('',#1781,#1782,#1037,.T.);
#2276=EDGE_CURVE('',#1782,#1589,#1038,.T.);
#2277=EDGE_CURVE('',#1782,#1783,#1039,.T.);
#2278=EDGE_CURVE('',#1783,#1588,#1040,.T.);
#2279=EDGE_CURVE('',#1783,#1778,#1041,.T.);
#2280=EDGE_CURVE('',#1772,#1586,#1042,.T.);
#2281=EDGE_CURVE('',#1773,#1585,#1043,.T.);
#2282=EDGE_CURVE('',#1774,#1584,#1044,.T.);
#2283=EDGE_CURVE('',#1784,#1784,#193,.T.);
#2284=EDGE_CURVE('',#1785,#1786,#1045,.T.);
#2285=EDGE_CURVE('',#1785,#1787,#1046,.T.);
#2286=EDGE_CURVE('',#1788,#1787,#1047,.T.);
#2287=EDGE_CURVE('',#1786,#1788,#1048,.T.);
#2288=EDGE_CURVE('',#1786,#1789,#1049,.T.);
#2289=EDGE_CURVE('',#1790,#1788,#1050,.T.);
#2290=EDGE_CURVE('',#1789,#1790,#1051,.T.);
#2291=EDGE_CURVE('',#1789,#1791,#1052,.T.);
#2292=EDGE_CURVE('',#1792,#1790,#1053,.T.);
#2293=EDGE_CURVE('',#1791,#1792,#1054,.T.);
#2294=EDGE_CURVE('',#1791,#1793,#1055,.T.);
#2295=EDGE_CURVE('',#1794,#1792,#1056,.T.);
#2296=EDGE_CURVE('',#1793,#1794,#1057,.T.);
#2297=EDGE_CURVE('',#1793,#1795,#1058,.T.);
#2298=EDGE_CURVE('',#1796,#1794,#1059,.T.);
#2299=EDGE_CURVE('',#1795,#1796,#1060,.T.);
#2300=EDGE_CURVE('',#1795,#1785,#1061,.T.);
#2301=EDGE_CURVE('',#1787,#1796,#1062,.T.);
#2302=EDGE_CURVE('',#1797,#1540,#1063,.T.);
#2303=EDGE_CURVE('',#1775,#1797,#1064,.T.);
#2304=EDGE_CURVE('',#1798,#1797,#1065,.T.);
#2305=EDGE_CURVE('',#1776,#1798,#1066,.T.);
#2306=EDGE_CURVE('',#1799,#1798,#1067,.T.);
#2307=EDGE_CURVE('',#1777,#1799,#1068,.T.);
#2308=EDGE_CURVE('',#1492,#1799,#1069,.T.);
#2309=EDGE_CURVE('',#1800,#1800,#194,.T.);
#2310=EDGE_CURVE('',#1771,#1784,#1070,.T.);
#2311=EDGE_CURVE('',#1770,#1800,#1071,.T.);
#2312=EDGE_CURVE('',#1728,#1535,#1072,.T.);
#2313=EDGE_CURVE('',#1729,#1536,#1073,.T.);
#2314=EDGE_CURVE('',#1730,#1537,#1074,.T.);
#2315=EDGE_CURVE('',#1742,#1538,#1075,.T.);
#2316=EDGE_CURVE('',#1741,#1539,#1076,.T.);
#2317=ORIENTED_EDGE('',*,*,#1801,.F.);
#2318=ORIENTED_EDGE('',*,*,#1802,.F.);
#2319=ORIENTED_EDGE('',*,*,#1803,.F.);
#2320=ORIENTED_EDGE('',*,*,#1804,.T.);
#2321=ORIENTED_EDGE('',*,*,#1805,.F.);
#2322=ORIENTED_EDGE('',*,*,#1804,.F.);
#2323=ORIENTED_EDGE('',*,*,#1806,.F.);
#2324=ORIENTED_EDGE('',*,*,#1807,.T.);
#2325=ORIENTED_EDGE('',*,*,#1808,.F.);
#2326=ORIENTED_EDGE('',*,*,#1807,.F.);
#2327=ORIENTED_EDGE('',*,*,#1809,.F.);
#2328=ORIENTED_EDGE('',*,*,#1810,.T.);
#2329=ORIENTED_EDGE('',*,*,#1811,.F.);
#2330=ORIENTED_EDGE('',*,*,#1810,.F.);
#2331=ORIENTED_EDGE('',*,*,#1812,.F.);
#2332=ORIENTED_EDGE('',*,*,#1802,.T.);
#2333=ORIENTED_EDGE('',*,*,#1813,.F.);
#2334=ORIENTED_EDGE('',*,*,#1814,.F.);
#2335=ORIENTED_EDGE('',*,*,#1815,.F.);
#2336=ORIENTED_EDGE('',*,*,#1816,.T.);
#2337=ORIENTED_EDGE('',*,*,#1817,.F.);
#2338=ORIENTED_EDGE('',*,*,#1816,.F.);
#2339=ORIENTED_EDGE('',*,*,#1818,.F.);
#2340=ORIENTED_EDGE('',*,*,#1819,.T.);
#2341=ORIENTED_EDGE('',*,*,#1820,.F.);
#2342=ORIENTED_EDGE('',*,*,#1819,.F.);
#2343=ORIENTED_EDGE('',*,*,#1821,.F.);
#2344=ORIENTED_EDGE('',*,*,#1822,.T.);
#2345=ORIENTED_EDGE('',*,*,#1823,.F.);
#2346=ORIENTED_EDGE('',*,*,#1822,.F.);
#2347=ORIENTED_EDGE('',*,*,#1824,.F.);
#2348=ORIENTED_EDGE('',*,*,#1814,.T.);
#2349=ORIENTED_EDGE('',*,*,#1825,.T.);
#2350=ORIENTED_EDGE('',*,*,#1826,.T.);
#2351=ORIENTED_EDGE('',*,*,#1827,.T.);
#2352=ORIENTED_EDGE('',*,*,#1828,.T.);
#2353=ORIENTED_EDGE('',*,*,#1829,.T.);
#2354=ORIENTED_EDGE('',*,*,#1830,.T.);
#2355=ORIENTED_EDGE('',*,*,#1830,.F.);
#2356=ORIENTED_EDGE('',*,*,#1831,.T.);
#2357=ORIENTED_EDGE('',*,*,#1832,.F.);
#2358=ORIENTED_EDGE('',*,*,#1833,.T.);
#2359=ORIENTED_EDGE('',*,*,#1834,.T.);
#2360=ORIENTED_EDGE('',*,*,#1835,.F.);
#2361=ORIENTED_EDGE('',*,*,#1836,.T.);
#2362=ORIENTED_EDGE('',*,*,#1837,.F.);
#2363=ORIENTED_EDGE('',*,*,#1838,.F.);
#2364=ORIENTED_EDGE('',*,*,#1839,.T.);
#2365=ORIENTED_EDGE('',*,*,#1829,.F.);
#2366=ORIENTED_EDGE('',*,*,#1840,.F.);
#2367=ORIENTED_EDGE('',*,*,#1841,.F.);
#2368=ORIENTED_EDGE('',*,*,#1842,.F.);
#2369=ORIENTED_EDGE('',*,*,#1843,.F.);
#2370=ORIENTED_EDGE('',*,*,#1844,.F.);
#2371=ORIENTED_EDGE('',*,*,#1831,.F.);
#2372=ORIENTED_EDGE('',*,*,#1845,.F.);
#2373=ORIENTED_EDGE('',*,*,#1846,.F.);
#2374=ORIENTED_EDGE('',*,*,#1847,.F.);
#2375=ORIENTED_EDGE('',*,*,#1848,.F.);
#2376=ORIENTED_EDGE('',*,*,#1849,.F.);
#2377=ORIENTED_EDGE('',*,*,#1850,.F.);
#2378=ORIENTED_EDGE('',*,*,#1828,.F.);
#2379=ORIENTED_EDGE('',*,*,#1851,.T.);
#2380=ORIENTED_EDGE('',*,*,#1852,.T.);
#2381=ORIENTED_EDGE('',*,*,#1853,.T.);
#2382=ORIENTED_EDGE('',*,*,#1840,.T.);
#2383=ORIENTED_EDGE('',*,*,#1854,.T.);
#2384=ORIENTED_EDGE('',*,*,#1838,.T.);
#2385=ORIENTED_EDGE('',*,*,#1855,.T.);
#2386=ORIENTED_EDGE('',*,*,#1856,.T.);
#2387=ORIENTED_EDGE('',*,*,#1857,.T.);
#2388=ORIENTED_EDGE('',*,*,#1858,.T.);
#2389=ORIENTED_EDGE('',*,*,#1858,.F.);
#2390=ORIENTED_EDGE('',*,*,#1859,.F.);
#2391=ORIENTED_EDGE('',*,*,#1860,.T.);
#2392=ORIENTED_EDGE('',*,*,#1861,.T.);
#2393=ORIENTED_EDGE('',*,*,#1862,.F.);
#2394=ORIENTED_EDGE('',*,*,#1863,.F.);
#2395=ORIENTED_EDGE('',*,*,#1864,.F.);
#2396=ORIENTED_EDGE('',*,*,#1865,.F.);
#2397=ORIENTED_EDGE('',*,*,#1866,.T.);
#2398=ORIENTED_EDGE('',*,*,#1867,.F.);
#2399=ORIENTED_EDGE('',*,*,#1868,.F.);
#2400=ORIENTED_EDGE('',*,*,#1869,.F.);
#2401=ORIENTED_EDGE('',*,*,#1870,.F.);
#2402=ORIENTED_EDGE('',*,*,#1871,.F.);
#2403=ORIENTED_EDGE('',*,*,#1872,.T.);
#2404=ORIENTED_EDGE('',*,*,#1873,.F.);
#2405=ORIENTED_EDGE('',*,*,#1874,.T.);
#2406=ORIENTED_EDGE('',*,*,#1875,.F.);
#2407=ORIENTED_EDGE('',*,*,#1876,.T.);
#2408=ORIENTED_EDGE('',*,*,#1877,.F.);
#2409=ORIENTED_EDGE('',*,*,#1878,.F.);
#2410=ORIENTED_EDGE('',*,*,#1879,.T.);
#2411=ORIENTED_EDGE('',*,*,#1880,.F.);
#2412=ORIENTED_EDGE('',*,*,#1881,.F.);
#2413=ORIENTED_EDGE('',*,*,#1882,.F.);
#2414=ORIENTED_EDGE('',*,*,#1883,.F.);
#2415=ORIENTED_EDGE('',*,*,#1884,.F.);
#2416=ORIENTED_EDGE('',*,*,#1885,.F.);
#2417=ORIENTED_EDGE('',*,*,#1886,.F.);
#2418=ORIENTED_EDGE('',*,*,#1887,.F.);
#2419=ORIENTED_EDGE('',*,*,#1888,.F.);
#2420=ORIENTED_EDGE('',*,*,#1857,.F.);
#2421=ORIENTED_EDGE('',*,*,#1889,.T.);
#2422=ORIENTED_EDGE('',*,*,#1859,.T.);
#2423=ORIENTED_EDGE('',*,*,#1856,.F.);
#2424=ORIENTED_EDGE('',*,*,#1890,.F.);
#2425=ORIENTED_EDGE('',*,*,#1891,.F.);
#2426=ORIENTED_EDGE('',*,*,#1860,.F.);
#2427=ORIENTED_EDGE('',*,*,#1889,.F.);
#2428=ORIENTED_EDGE('',*,*,#1892,.T.);
#2429=ORIENTED_EDGE('',*,*,#1893,.T.);
#2430=ORIENTED_EDGE('',*,*,#1894,.T.);
#2431=ORIENTED_EDGE('',*,*,#1895,.T.);
#2432=ORIENTED_EDGE('',*,*,#1896,.T.);
#2433=ORIENTED_EDGE('',*,*,#1897,.T.);
#2434=ORIENTED_EDGE('',*,*,#1826,.F.);
#2435=ORIENTED_EDGE('',*,*,#1898,.T.);
#2436=ORIENTED_EDGE('',*,*,#1897,.F.);
#2437=ORIENTED_EDGE('',*,*,#1899,.T.);
#2438=ORIENTED_EDGE('',*,*,#1900,.T.);
#2439=ORIENTED_EDGE('',*,*,#1901,.F.);
#2440=ORIENTED_EDGE('',*,*,#1902,.T.);
#2441=ORIENTED_EDGE('',*,*,#1903,.T.);
#2442=ORIENTED_EDGE('',*,*,#1904,.F.);
#2443=ORIENTED_EDGE('',*,*,#1905,.T.);
#2444=ORIENTED_EDGE('',*,*,#1906,.F.);
#2445=ORIENTED_EDGE('',*,*,#1907,.T.);
#2446=ORIENTED_EDGE('',*,*,#1908,.F.);
#2447=ORIENTED_EDGE('',*,*,#1909,.T.);
#2448=ORIENTED_EDGE('',*,*,#1910,.T.);
#2449=ORIENTED_EDGE('',*,*,#1911,.T.);
#2450=ORIENTED_EDGE('',*,*,#1912,.T.);
#2451=ORIENTED_EDGE('',*,*,#1913,.T.);
#2452=ORIENTED_EDGE('',*,*,#1914,.F.);
#2453=ORIENTED_EDGE('',*,*,#1915,.T.);
#2454=ORIENTED_EDGE('',*,*,#1916,.T.);
#2455=ORIENTED_EDGE('',*,*,#1917,.T.);
#2456=ORIENTED_EDGE('',*,*,#1918,.T.);
#2457=ORIENTED_EDGE('',*,*,#1919,.F.);
#2458=ORIENTED_EDGE('',*,*,#1852,.F.);
#2459=ORIENTED_EDGE('',*,*,#1920,.T.);
#2460=ORIENTED_EDGE('',*,*,#1921,.T.);
#2461=ORIENTED_EDGE('',*,*,#1922,.T.);
#2462=ORIENTED_EDGE('',*,*,#1923,.T.);
#2463=ORIENTED_EDGE('',*,*,#1924,.T.);
#2464=ORIENTED_EDGE('',*,*,#1925,.T.);
#2465=ORIENTED_EDGE('',*,*,#1896,.F.);
#2466=ORIENTED_EDGE('',*,*,#1926,.F.);
#2467=ORIENTED_EDGE('',*,*,#1899,.F.);
#2468=ORIENTED_EDGE('',*,*,#1895,.F.);
#2469=ORIENTED_EDGE('',*,*,#1927,.T.);
#2470=ORIENTED_EDGE('',*,*,#1928,.F.);
#2471=ORIENTED_EDGE('',*,*,#1900,.F.);
#2472=ORIENTED_EDGE('',*,*,#1926,.T.);
#2473=ORIENTED_EDGE('',*,*,#1929,.T.);
#2474=ORIENTED_EDGE('',*,*,#1882,.T.);
#2475=ORIENTED_EDGE('',*,*,#1930,.T.);
#2476=ORIENTED_EDGE('',*,*,#1931,.T.);
#2477=ORIENTED_EDGE('',*,*,#1932,.T.);
#2478=ORIENTED_EDGE('',*,*,#1933,.T.);
#2479=ORIENTED_EDGE('',*,*,#1893,.F.);
#2480=ORIENTED_EDGE('',*,*,#1934,.F.);
#2481=ORIENTED_EDGE('',*,*,#1933,.F.);
#2482=ORIENTED_EDGE('',*,*,#1935,.F.);
#2483=ORIENTED_EDGE('',*,*,#1936,.F.);
#2484=ORIENTED_EDGE('',*,*,#1937,.F.);
#2485=ORIENTED_EDGE('',*,*,#1938,.F.);
#2486=ORIENTED_EDGE('',*,*,#1939,.T.);
#2487=ORIENTED_EDGE('',*,*,#1940,.T.);
#2488=ORIENTED_EDGE('',*,*,#1941,.T.);
#2489=ORIENTED_EDGE('',*,*,#1932,.F.);
#2490=ORIENTED_EDGE('',*,*,#1942,.T.);
#2491=ORIENTED_EDGE('',*,*,#1943,.T.);
#2492=ORIENTED_EDGE('',*,*,#1944,.T.);
#2493=ORIENTED_EDGE('',*,*,#1945,.T.);
#2494=ORIENTED_EDGE('',*,*,#1946,.T.);
#2495=ORIENTED_EDGE('',*,*,#1935,.T.);
#2496=ORIENTED_EDGE('',*,*,#1947,.T.);
#2497=ORIENTED_EDGE('',*,*,#1948,.T.);
#2498=ORIENTED_EDGE('',*,*,#1949,.T.);
#2499=ORIENTED_EDGE('',*,*,#1950,.T.);
#2500=ORIENTED_EDGE('',*,*,#1951,.T.);
#2501=ORIENTED_EDGE('',*,*,#1952,.T.);
#2502=ORIENTED_EDGE('',*,*,#1931,.F.);
#2503=ORIENTED_EDGE('',*,*,#1953,.F.);
#2504=ORIENTED_EDGE('',*,*,#1880,.T.);
#2505=ORIENTED_EDGE('',*,*,#1954,.T.);
#2506=ORIENTED_EDGE('',*,*,#1942,.F.);
#2507=ORIENTED_EDGE('',*,*,#1955,.F.);
#2508=ORIENTED_EDGE('',*,*,#1956,.F.);
#2509=ORIENTED_EDGE('',*,*,#1957,.F.);
#2510=ORIENTED_EDGE('',*,*,#1958,.T.);
#2511=ORIENTED_EDGE('',*,*,#1959,.F.);
#2512=ORIENTED_EDGE('',*,*,#1958,.F.);
#2513=ORIENTED_EDGE('',*,*,#1960,.F.);
#2514=ORIENTED_EDGE('',*,*,#1961,.T.);
#2515=ORIENTED_EDGE('',*,*,#1962,.F.);
#2516=ORIENTED_EDGE('',*,*,#1961,.F.);
#2517=ORIENTED_EDGE('',*,*,#1963,.F.);
#2518=ORIENTED_EDGE('',*,*,#1964,.T.);
#2519=ORIENTED_EDGE('',*,*,#1965,.F.);
#2520=ORIENTED_EDGE('',*,*,#1964,.F.);
#2521=ORIENTED_EDGE('',*,*,#1966,.F.);
#2522=ORIENTED_EDGE('',*,*,#1956,.T.);
#2523=ORIENTED_EDGE('',*,*,#1967,.F.);
#2524=ORIENTED_EDGE('',*,*,#1968,.T.);
#2525=ORIENTED_EDGE('',*,*,#1969,.F.);
#2526=ORIENTED_EDGE('',*,*,#1968,.F.);
#2527=ORIENTED_EDGE('',*,*,#1970,.F.);
#2528=ORIENTED_EDGE('',*,*,#1971,.F.);
#2529=ORIENTED_EDGE('',*,*,#1972,.F.);
#2530=ORIENTED_EDGE('',*,*,#1973,.T.);
#2531=ORIENTED_EDGE('',*,*,#1974,.F.);
#2532=ORIENTED_EDGE('',*,*,#1973,.F.);
#2533=ORIENTED_EDGE('',*,*,#1975,.F.);
#2534=ORIENTED_EDGE('',*,*,#1976,.T.);
#2535=ORIENTED_EDGE('',*,*,#1977,.F.);
#2536=ORIENTED_EDGE('',*,*,#1976,.F.);
#2537=ORIENTED_EDGE('',*,*,#1978,.F.);
#2538=ORIENTED_EDGE('',*,*,#1979,.T.);
#2539=ORIENTED_EDGE('',*,*,#1980,.F.);
#2540=ORIENTED_EDGE('',*,*,#1979,.F.);
#2541=ORIENTED_EDGE('',*,*,#1981,.F.);
#2542=ORIENTED_EDGE('',*,*,#1971,.T.);
#2543=ORIENTED_EDGE('',*,*,#1982,.F.);
#2544=ORIENTED_EDGE('',*,*,#1983,.T.);
#2545=ORIENTED_EDGE('',*,*,#1984,.F.);
#2546=ORIENTED_EDGE('',*,*,#1983,.F.);
#2547=ORIENTED_EDGE('',*,*,#1985,.F.);
#2548=ORIENTED_EDGE('',*,*,#1986,.T.);
#2549=ORIENTED_EDGE('',*,*,#1987,.F.);
#2550=ORIENTED_EDGE('',*,*,#1986,.F.);
#2551=ORIENTED_EDGE('',*,*,#1988,.F.);
#2552=ORIENTED_EDGE('',*,*,#1989,.T.);
#2553=ORIENTED_EDGE('',*,*,#1990,.F.);
#2554=ORIENTED_EDGE('',*,*,#1989,.F.);
#2555=ORIENTED_EDGE('',*,*,#1991,.F.);
#2556=ORIENTED_EDGE('',*,*,#1992,.F.);
#2557=ORIENTED_EDGE('',*,*,#1993,.F.);
#2558=ORIENTED_EDGE('',*,*,#1994,.T.);
#2559=ORIENTED_EDGE('',*,*,#1995,.F.);
#2560=ORIENTED_EDGE('',*,*,#1994,.F.);
#2561=ORIENTED_EDGE('',*,*,#1996,.F.);
#2562=ORIENTED_EDGE('',*,*,#1997,.T.);
#2563=ORIENTED_EDGE('',*,*,#1998,.F.);
#2564=ORIENTED_EDGE('',*,*,#1997,.F.);
#2565=ORIENTED_EDGE('',*,*,#1999,.F.);
#2566=ORIENTED_EDGE('',*,*,#2000,.T.);
#2567=ORIENTED_EDGE('',*,*,#2001,.F.);
#2568=ORIENTED_EDGE('',*,*,#2000,.F.);
#2569=ORIENTED_EDGE('',*,*,#2002,.F.);
#2570=ORIENTED_EDGE('',*,*,#1992,.T.);
#2571=ORIENTED_EDGE('',*,*,#2003,.F.);
#2572=ORIENTED_EDGE('',*,*,#2004,.F.);
#2573=ORIENTED_EDGE('',*,*,#2005,.F.);
#2574=ORIENTED_EDGE('',*,*,#2006,.T.);
#2575=ORIENTED_EDGE('',*,*,#2007,.F.);
#2576=ORIENTED_EDGE('',*,*,#2006,.F.);
#2577=ORIENTED_EDGE('',*,*,#2008,.F.);
#2578=ORIENTED_EDGE('',*,*,#2009,.T.);
#2579=ORIENTED_EDGE('',*,*,#2010,.F.);
#2580=ORIENTED_EDGE('',*,*,#2009,.F.);
#2581=ORIENTED_EDGE('',*,*,#2011,.F.);
#2582=ORIENTED_EDGE('',*,*,#2012,.T.);
#2583=ORIENTED_EDGE('',*,*,#2013,.F.);
#2584=ORIENTED_EDGE('',*,*,#2012,.F.);
#2585=ORIENTED_EDGE('',*,*,#2014,.F.);
#2586=ORIENTED_EDGE('',*,*,#2004,.T.);
#2587=ORIENTED_EDGE('',*,*,#2015,.F.);
#2588=ORIENTED_EDGE('',*,*,#2016,.F.);
#2589=ORIENTED_EDGE('',*,*,#1913,.F.);
#2590=ORIENTED_EDGE('',*,*,#2017,.F.);
#2591=ORIENTED_EDGE('',*,*,#2017,.T.);
#2592=ORIENTED_EDGE('',*,*,#1912,.F.);
#2593=ORIENTED_EDGE('',*,*,#2018,.T.);
#2594=ORIENTED_EDGE('',*,*,#2019,.F.);
#2595=ORIENTED_EDGE('',*,*,#2020,.T.);
#2596=ORIENTED_EDGE('',*,*,#2015,.T.);
#2597=ORIENTED_EDGE('',*,*,#2020,.F.);
#2598=ORIENTED_EDGE('',*,*,#2021,.F.);
#2599=ORIENTED_EDGE('',*,*,#2022,.F.);
#2600=ORIENTED_EDGE('',*,*,#2023,.T.);
#2601=ORIENTED_EDGE('',*,*,#2024,.F.);
#2602=ORIENTED_EDGE('',*,*,#2025,.F.);
#2603=ORIENTED_EDGE('',*,*,#2026,.F.);
#2604=ORIENTED_EDGE('',*,*,#2027,.T.);
#2605=ORIENTED_EDGE('',*,*,#2028,.F.);
#2606=ORIENTED_EDGE('',*,*,#2029,.F.);
#2607=ORIENTED_EDGE('',*,*,#2030,.F.);
#2608=ORIENTED_EDGE('',*,*,#2031,.F.);
#2609=ORIENTED_EDGE('',*,*,#2032,.F.);
#2610=ORIENTED_EDGE('',*,*,#2033,.F.);
#2611=ORIENTED_EDGE('',*,*,#1905,.F.);
#2612=ORIENTED_EDGE('',*,*,#2034,.F.);
#2613=ORIENTED_EDGE('',*,*,#2033,.T.);
#2614=ORIENTED_EDGE('',*,*,#2035,.T.);
#2615=ORIENTED_EDGE('',*,*,#2036,.T.);
#2616=ORIENTED_EDGE('',*,*,#1906,.T.);
#2617=ORIENTED_EDGE('',*,*,#2037,.F.);
#2618=ORIENTED_EDGE('',*,*,#2038,.F.);
#2619=ORIENTED_EDGE('',*,*,#1907,.F.);
#2620=ORIENTED_EDGE('',*,*,#2036,.F.);
#2621=ORIENTED_EDGE('',*,*,#2032,.T.);
#2622=ORIENTED_EDGE('',*,*,#2039,.F.);
#2623=ORIENTED_EDGE('',*,*,#2040,.F.);
#2624=ORIENTED_EDGE('',*,*,#2041,.F.);
#2625=ORIENTED_EDGE('',*,*,#2042,.T.);
#2626=ORIENTED_EDGE('',*,*,#2043,.F.);
#2627=ORIENTED_EDGE('',*,*,#2044,.F.);
#2628=ORIENTED_EDGE('',*,*,#2045,.F.);
#2629=ORIENTED_EDGE('',*,*,#2037,.T.);
#2630=ORIENTED_EDGE('',*,*,#2035,.F.);
#2631=ORIENTED_EDGE('',*,*,#2046,.F.);
#2632=ORIENTED_EDGE('',*,*,#2047,.F.);
#2633=ORIENTED_EDGE('',*,*,#2038,.T.);
#2634=ORIENTED_EDGE('',*,*,#2045,.T.);
#2635=ORIENTED_EDGE('',*,*,#2048,.F.);
#2636=ORIENTED_EDGE('',*,*,#2049,.T.);
#2637=ORIENTED_EDGE('',*,*,#1908,.T.);
#2638=ORIENTED_EDGE('',*,*,#2027,.F.);
#2639=ORIENTED_EDGE('',*,*,#2050,.F.);
#2640=ORIENTED_EDGE('',*,*,#1915,.F.);
#2641=ORIENTED_EDGE('',*,*,#2051,.F.);
#2642=ORIENTED_EDGE('',*,*,#2050,.T.);
#2643=ORIENTED_EDGE('',*,*,#2026,.T.);
#2644=ORIENTED_EDGE('',*,*,#2052,.T.);
#2645=ORIENTED_EDGE('',*,*,#2053,.T.);
#2646=ORIENTED_EDGE('',*,*,#1916,.F.);
#2647=ORIENTED_EDGE('',*,*,#2054,.T.);
#2648=ORIENTED_EDGE('',*,*,#2055,.T.);
#2649=ORIENTED_EDGE('',*,*,#2056,.T.);
#2650=ORIENTED_EDGE('',*,*,#2057,.F.);
#2651=ORIENTED_EDGE('',*,*,#1917,.F.);
#2652=ORIENTED_EDGE('',*,*,#2053,.F.);
#2653=ORIENTED_EDGE('',*,*,#2058,.F.);
#2654=ORIENTED_EDGE('',*,*,#2059,.F.);
#2655=ORIENTED_EDGE('',*,*,#2057,.T.);
#2656=ORIENTED_EDGE('',*,*,#2060,.T.);
#2657=ORIENTED_EDGE('',*,*,#1918,.F.);
#2658=ORIENTED_EDGE('',*,*,#2061,.F.);
#2659=ORIENTED_EDGE('',*,*,#2062,.F.);
#2660=ORIENTED_EDGE('',*,*,#1909,.F.);
#2661=ORIENTED_EDGE('',*,*,#2049,.F.);
#2662=ORIENTED_EDGE('',*,*,#2063,.F.);
#2663=ORIENTED_EDGE('',*,*,#2018,.F.);
#2664=ORIENTED_EDGE('',*,*,#1911,.F.);
#2665=ORIENTED_EDGE('',*,*,#2064,.F.);
#2666=ORIENTED_EDGE('',*,*,#2065,.F.);
#2667=ORIENTED_EDGE('',*,*,#2066,.F.);
#2668=ORIENTED_EDGE('',*,*,#1903,.F.);
#2669=ORIENTED_EDGE('',*,*,#2067,.F.);
#2670=ORIENTED_EDGE('',*,*,#2068,.F.);
#2671=ORIENTED_EDGE('',*,*,#2069,.F.);
#2672=ORIENTED_EDGE('',*,*,#2042,.F.);
#2673=ORIENTED_EDGE('',*,*,#2070,.F.);
#2674=ORIENTED_EDGE('',*,*,#2071,.F.);
#2675=ORIENTED_EDGE('',*,*,#2070,.T.);
#2676=ORIENTED_EDGE('',*,*,#2072,.F.);
#2677=ORIENTED_EDGE('',*,*,#2073,.F.);
#2678=ORIENTED_EDGE('',*,*,#2074,.F.);
#2679=ORIENTED_EDGE('',*,*,#2069,.T.);
#2680=ORIENTED_EDGE('',*,*,#2075,.F.);
#2681=ORIENTED_EDGE('',*,*,#2076,.F.);
#2682=ORIENTED_EDGE('',*,*,#2023,.F.);
#2683=ORIENTED_EDGE('',*,*,#2077,.F.);
#2684=ORIENTED_EDGE('',*,*,#2078,.F.);
#2685=ORIENTED_EDGE('',*,*,#2079,.F.);
#2686=ORIENTED_EDGE('',*,*,#2080,.F.);
#2687=ORIENTED_EDGE('',*,*,#2079,.T.);
#2688=ORIENTED_EDGE('',*,*,#2081,.F.);
#2689=ORIENTED_EDGE('',*,*,#2082,.F.);
#2690=ORIENTED_EDGE('',*,*,#2083,.F.);
#2691=ORIENTED_EDGE('',*,*,#2077,.T.);
#2692=ORIENTED_EDGE('',*,*,#2084,.F.);
#2693=ORIENTED_EDGE('',*,*,#2085,.F.);
#2694=ORIENTED_EDGE('',*,*,#2080,.T.);
#2695=ORIENTED_EDGE('',*,*,#2086,.T.);
#2696=ORIENTED_EDGE('',*,*,#2024,.T.);
#2697=ORIENTED_EDGE('',*,*,#2084,.T.);
#2698=ORIENTED_EDGE('',*,*,#2022,.T.);
#2699=ORIENTED_EDGE('',*,*,#2087,.F.);
#2700=ORIENTED_EDGE('',*,*,#2088,.T.);
#2701=ORIENTED_EDGE('',*,*,#2061,.T.);
#2702=ORIENTED_EDGE('',*,*,#2048,.T.);
#2703=ORIENTED_EDGE('',*,*,#2044,.T.);
#2704=ORIENTED_EDGE('',*,*,#2089,.F.);
#2705=ORIENTED_EDGE('',*,*,#2076,.T.);
#2706=ORIENTED_EDGE('',*,*,#2074,.T.);
#2707=ORIENTED_EDGE('',*,*,#2089,.T.);
#2708=ORIENTED_EDGE('',*,*,#2043,.T.);
#2709=ORIENTED_EDGE('',*,*,#2090,.T.);
#2710=ORIENTED_EDGE('',*,*,#2058,.T.);
#2711=ORIENTED_EDGE('',*,*,#2052,.F.);
#2712=ORIENTED_EDGE('',*,*,#2025,.T.);
#2713=ORIENTED_EDGE('',*,*,#2086,.F.);
#2714=ORIENTED_EDGE('',*,*,#2082,.T.);
#2715=ORIENTED_EDGE('',*,*,#2091,.T.);
#2716=ORIENTED_EDGE('',*,*,#2085,.T.);
#2717=ORIENTED_EDGE('',*,*,#2087,.T.);
#2718=ORIENTED_EDGE('',*,*,#2021,.T.);
#2719=ORIENTED_EDGE('',*,*,#2019,.T.);
#2720=ORIENTED_EDGE('',*,*,#2063,.T.);
#2721=ORIENTED_EDGE('',*,*,#2072,.T.);
#2722=ORIENTED_EDGE('',*,*,#2041,.T.);
#2723=ORIENTED_EDGE('',*,*,#2092,.F.);
#2724=ORIENTED_EDGE('',*,*,#2093,.T.);
#2725=ORIENTED_EDGE('',*,*,#2073,.T.);
#2726=ORIENTED_EDGE('',*,*,#2092,.T.);
#2727=ORIENTED_EDGE('',*,*,#2040,.T.);
#2728=ORIENTED_EDGE('',*,*,#2094,.F.);
#2729=ORIENTED_EDGE('',*,*,#2065,.T.);
#2730=ORIENTED_EDGE('',*,*,#2095,.F.);
#2731=ORIENTED_EDGE('',*,*,#2096,.F.);
#2732=ORIENTED_EDGE('',*,*,#2097,.F.);
#2733=ORIENTED_EDGE('',*,*,#2098,.F.);
#2734=ORIENTED_EDGE('',*,*,#2099,.F.);
#2735=ORIENTED_EDGE('',*,*,#2098,.T.);
#2736=ORIENTED_EDGE('',*,*,#2100,.F.);
#2737=ORIENTED_EDGE('',*,*,#1939,.F.);
#2738=ORIENTED_EDGE('',*,*,#2101,.F.);
#2739=ORIENTED_EDGE('',*,*,#2102,.F.);
#2740=ORIENTED_EDGE('',*,*,#2103,.F.);
#2741=ORIENTED_EDGE('',*,*,#2096,.T.);
#2742=ORIENTED_EDGE('',*,*,#2104,.F.);
#2743=ORIENTED_EDGE('',*,*,#2102,.T.);
#2744=ORIENTED_EDGE('',*,*,#2105,.F.);
#2745=ORIENTED_EDGE('',*,*,#1901,.T.);
#2746=ORIENTED_EDGE('',*,*,#2056,.F.);
#2747=ORIENTED_EDGE('',*,*,#2106,.F.);
#2748=ORIENTED_EDGE('',*,*,#2107,.F.);
#2749=ORIENTED_EDGE('',*,*,#1919,.T.);
#2750=ORIENTED_EDGE('',*,*,#2060,.F.);
#2751=ORIENTED_EDGE('',*,*,#2055,.F.);
#2752=ORIENTED_EDGE('',*,*,#2108,.F.);
#2753=ORIENTED_EDGE('',*,*,#2109,.F.);
#2754=ORIENTED_EDGE('',*,*,#2106,.T.);
#2755=ORIENTED_EDGE('',*,*,#2054,.F.);
#2756=ORIENTED_EDGE('',*,*,#2110,.F.);
#2757=ORIENTED_EDGE('',*,*,#2111,.F.);
#2758=ORIENTED_EDGE('',*,*,#2112,.F.);
#2759=ORIENTED_EDGE('',*,*,#2108,.T.);
#2760=ORIENTED_EDGE('',*,*,#2113,.F.);
#2761=ORIENTED_EDGE('',*,*,#2111,.T.);
#2762=ORIENTED_EDGE('',*,*,#2114,.F.);
#2763=ORIENTED_EDGE('',*,*,#1833,.F.);
#2764=ORIENTED_EDGE('',*,*,#2115,.T.);
#2765=ORIENTED_EDGE('',*,*,#2116,.T.);
#2766=ORIENTED_EDGE('',*,*,#2117,.T.);
#2767=ORIENTED_EDGE('',*,*,#2118,.F.);
#2768=ORIENTED_EDGE('',*,*,#2119,.T.);
#2769=ORIENTED_EDGE('',*,*,#2120,.T.);
#2770=ORIENTED_EDGE('',*,*,#2121,.T.);
#2771=ORIENTED_EDGE('',*,*,#2116,.F.);
#2772=ORIENTED_EDGE('',*,*,#2122,.T.);
#2773=ORIENTED_EDGE('',*,*,#2123,.T.);
#2774=ORIENTED_EDGE('',*,*,#2124,.T.);
#2775=ORIENTED_EDGE('',*,*,#2120,.F.);
#2776=ORIENTED_EDGE('',*,*,#2125,.T.);
#2777=ORIENTED_EDGE('',*,*,#2126,.T.);
#2778=ORIENTED_EDGE('',*,*,#2127,.T.);
#2779=ORIENTED_EDGE('',*,*,#2123,.F.);
#2780=ORIENTED_EDGE('',*,*,#2128,.T.);
#2781=ORIENTED_EDGE('',*,*,#2129,.T.);
#2782=ORIENTED_EDGE('',*,*,#2130,.T.);
#2783=ORIENTED_EDGE('',*,*,#2126,.F.);
#2784=ORIENTED_EDGE('',*,*,#2131,.T.);
#2785=ORIENTED_EDGE('',*,*,#2118,.T.);
#2786=ORIENTED_EDGE('',*,*,#2132,.T.);
#2787=ORIENTED_EDGE('',*,*,#2129,.F.);
#2788=ORIENTED_EDGE('',*,*,#2097,.T.);
#2789=ORIENTED_EDGE('',*,*,#2133,.T.);
#2790=ORIENTED_EDGE('',*,*,#2134,.T.);
#2791=ORIENTED_EDGE('',*,*,#2135,.F.);
#2792=ORIENTED_EDGE('',*,*,#2103,.T.);
#2793=ORIENTED_EDGE('',*,*,#2136,.T.);
#2794=ORIENTED_EDGE('',*,*,#2137,.T.);
#2795=ORIENTED_EDGE('',*,*,#2133,.F.);
#2796=ORIENTED_EDGE('',*,*,#2104,.T.);
#2797=ORIENTED_EDGE('',*,*,#1928,.T.);
#2798=ORIENTED_EDGE('',*,*,#2138,.T.);
#2799=ORIENTED_EDGE('',*,*,#2136,.F.);
#2800=ORIENTED_EDGE('',*,*,#2100,.T.);
#2801=ORIENTED_EDGE('',*,*,#2135,.T.);
#2802=ORIENTED_EDGE('',*,*,#2139,.T.);
#2803=ORIENTED_EDGE('',*,*,#1940,.F.);
#2804=ORIENTED_EDGE('',*,*,#1894,.F.);
#2805=ORIENTED_EDGE('',*,*,#1941,.F.);
#2806=ORIENTED_EDGE('',*,*,#2139,.F.);
#2807=ORIENTED_EDGE('',*,*,#2134,.F.);
#2808=ORIENTED_EDGE('',*,*,#2137,.F.);
#2809=ORIENTED_EDGE('',*,*,#2138,.F.);
#2810=ORIENTED_EDGE('',*,*,#1927,.F.);
#2811=ORIENTED_EDGE('',*,*,#2132,.F.);
#2812=ORIENTED_EDGE('',*,*,#2117,.F.);
#2813=ORIENTED_EDGE('',*,*,#2121,.F.);
#2814=ORIENTED_EDGE('',*,*,#2124,.F.);
#2815=ORIENTED_EDGE('',*,*,#2127,.F.);
#2816=ORIENTED_EDGE('',*,*,#2130,.F.);
#2817=ORIENTED_EDGE('',*,*,#2115,.F.);
#2818=ORIENTED_EDGE('',*,*,#2131,.F.);
#2819=ORIENTED_EDGE('',*,*,#2128,.F.);
#2820=ORIENTED_EDGE('',*,*,#2125,.F.);
#2821=ORIENTED_EDGE('',*,*,#2122,.F.);
#2822=ORIENTED_EDGE('',*,*,#2119,.F.);
#2823=ORIENTED_EDGE('',*,*,#2140,.T.);
#2824=ORIENTED_EDGE('',*,*,#2141,.T.);
#2825=ORIENTED_EDGE('',*,*,#2142,.T.);
#2826=ORIENTED_EDGE('',*,*,#1846,.T.);
#2827=ORIENTED_EDGE('',*,*,#2143,.F.);
#2828=ORIENTED_EDGE('',*,*,#2144,.T.);
#2829=ORIENTED_EDGE('',*,*,#2145,.T.);
#2830=ORIENTED_EDGE('',*,*,#1847,.T.);
#2831=ORIENTED_EDGE('',*,*,#2142,.F.);
#2832=ORIENTED_EDGE('',*,*,#2146,.T.);
#2833=ORIENTED_EDGE('',*,*,#2147,.T.);
#2834=ORIENTED_EDGE('',*,*,#1848,.T.);
#2835=ORIENTED_EDGE('',*,*,#2145,.F.);
#2836=ORIENTED_EDGE('',*,*,#2148,.T.);
#2837=ORIENTED_EDGE('',*,*,#2149,.T.);
#2838=ORIENTED_EDGE('',*,*,#1849,.T.);
#2839=ORIENTED_EDGE('',*,*,#2147,.F.);
#2840=ORIENTED_EDGE('',*,*,#2150,.T.);
#2841=ORIENTED_EDGE('',*,*,#2151,.T.);
#2842=ORIENTED_EDGE('',*,*,#1850,.T.);
#2843=ORIENTED_EDGE('',*,*,#2149,.F.);
#2844=ORIENTED_EDGE('',*,*,#2152,.T.);
#2845=ORIENTED_EDGE('',*,*,#2143,.T.);
#2846=ORIENTED_EDGE('',*,*,#1845,.T.);
#2847=ORIENTED_EDGE('',*,*,#2151,.F.);
#2848=ORIENTED_EDGE('',*,*,#2107,.T.);
#2849=ORIENTED_EDGE('',*,*,#2153,.T.);
#2850=ORIENTED_EDGE('',*,*,#1841,.T.);
#2851=ORIENTED_EDGE('',*,*,#1853,.F.);
#2852=ORIENTED_EDGE('',*,*,#2109,.T.);
#2853=ORIENTED_EDGE('',*,*,#2154,.T.);
#2854=ORIENTED_EDGE('',*,*,#1842,.T.);
#2855=ORIENTED_EDGE('',*,*,#2153,.F.);
#2856=ORIENTED_EDGE('',*,*,#2112,.T.);
#2857=ORIENTED_EDGE('',*,*,#2155,.T.);
#2858=ORIENTED_EDGE('',*,*,#1843,.T.);
#2859=ORIENTED_EDGE('',*,*,#2154,.F.);
#2860=ORIENTED_EDGE('',*,*,#2113,.T.);
#2861=ORIENTED_EDGE('',*,*,#1832,.T.);
#2862=ORIENTED_EDGE('',*,*,#1844,.T.);
#2863=ORIENTED_EDGE('',*,*,#2155,.F.);
#2864=ORIENTED_EDGE('',*,*,#1827,.F.);
#2865=ORIENTED_EDGE('',*,*,#1920,.F.);
#2866=ORIENTED_EDGE('',*,*,#1851,.F.);
#2867=ORIENTED_EDGE('',*,*,#2141,.F.);
#2868=ORIENTED_EDGE('',*,*,#2152,.F.);
#2869=ORIENTED_EDGE('',*,*,#2150,.F.);
#2870=ORIENTED_EDGE('',*,*,#2148,.F.);
#2871=ORIENTED_EDGE('',*,*,#2146,.F.);
#2872=ORIENTED_EDGE('',*,*,#2144,.F.);
#2873=ORIENTED_EDGE('',*,*,#2156,.T.);
#2874=ORIENTED_EDGE('',*,*,#2157,.T.);
#2875=ORIENTED_EDGE('',*,*,#2158,.T.);
#2876=ORIENTED_EDGE('',*,*,#2140,.F.);
#2877=ORIENTED_EDGE('',*,*,#2158,.F.);
#2878=ORIENTED_EDGE('',*,*,#2159,.T.);
#2879=ORIENTED_EDGE('',*,*,#2160,.T.);
#2880=ORIENTED_EDGE('',*,*,#2156,.F.);
#2881=ORIENTED_EDGE('',*,*,#2160,.F.);
#2882=ORIENTED_EDGE('',*,*,#2029,.T.);
#2883=ORIENTED_EDGE('',*,*,#2161,.T.);
#2884=ORIENTED_EDGE('',*,*,#1921,.F.);
#2885=ORIENTED_EDGE('',*,*,#2161,.F.);
#2886=ORIENTED_EDGE('',*,*,#2030,.T.);
#2887=ORIENTED_EDGE('',*,*,#2162,.T.);
#2888=ORIENTED_EDGE('',*,*,#1922,.F.);
#2889=ORIENTED_EDGE('',*,*,#2162,.F.);
#2890=ORIENTED_EDGE('',*,*,#2031,.T.);
#2891=ORIENTED_EDGE('',*,*,#2163,.T.);
#2892=ORIENTED_EDGE('',*,*,#1923,.F.);
#2893=ORIENTED_EDGE('',*,*,#2163,.F.);
#2894=ORIENTED_EDGE('',*,*,#2016,.T.);
#2895=ORIENTED_EDGE('',*,*,#2028,.T.);
#2896=ORIENTED_EDGE('',*,*,#2051,.T.);
#2897=ORIENTED_EDGE('',*,*,#1914,.T.);
#2898=ORIENTED_EDGE('',*,*,#2047,.T.);
#2899=ORIENTED_EDGE('',*,*,#2164,.T.);
#2900=ORIENTED_EDGE('',*,*,#1924,.F.);
#2901=ORIENTED_EDGE('',*,*,#2164,.F.);
#2902=ORIENTED_EDGE('',*,*,#2046,.T.);
#2903=ORIENTED_EDGE('',*,*,#2165,.T.);
#2904=ORIENTED_EDGE('',*,*,#1925,.F.);
#2905=ORIENTED_EDGE('',*,*,#2165,.F.);
#2906=ORIENTED_EDGE('',*,*,#2034,.T.);
#2907=ORIENTED_EDGE('',*,*,#1904,.T.);
#2908=ORIENTED_EDGE('',*,*,#2066,.T.);
#2909=ORIENTED_EDGE('',*,*,#2094,.T.);
#2910=ORIENTED_EDGE('',*,*,#2039,.T.);
#2911=ORIENTED_EDGE('',*,*,#2166,.T.);
#2912=ORIENTED_EDGE('',*,*,#2167,.T.);
#2913=ORIENTED_EDGE('',*,*,#1867,.T.);
#2914=ORIENTED_EDGE('',*,*,#2168,.T.);
#2915=ORIENTED_EDGE('',*,*,#2167,.F.);
#2916=ORIENTED_EDGE('',*,*,#2169,.F.);
#2917=ORIENTED_EDGE('',*,*,#2170,.T.);
#2918=ORIENTED_EDGE('',*,*,#2171,.F.);
#2919=ORIENTED_EDGE('',*,*,#1868,.T.);
#2920=ORIENTED_EDGE('',*,*,#2166,.F.);
#2921=ORIENTED_EDGE('',*,*,#2172,.T.);
#2922=ORIENTED_EDGE('',*,*,#2173,.F.);
#2923=ORIENTED_EDGE('',*,*,#2174,.T.);
#2924=ORIENTED_EDGE('',*,*,#2175,.T.);
#2925=ORIENTED_EDGE('',*,*,#2176,.T.);
#2926=ORIENTED_EDGE('',*,*,#2177,.F.);
#2927=ORIENTED_EDGE('',*,*,#2178,.T.);
#2928=ORIENTED_EDGE('',*,*,#2179,.T.);
#2929=ORIENTED_EDGE('',*,*,#2169,.T.);
#2930=ORIENTED_EDGE('',*,*,#2180,.T.);
#2931=ORIENTED_EDGE('',*,*,#2181,.T.);
#2932=ORIENTED_EDGE('',*,*,#2182,.T.);
#2933=ORIENTED_EDGE('',*,*,#2183,.T.);
#2934=ORIENTED_EDGE('',*,*,#2184,.T.);
#2935=ORIENTED_EDGE('',*,*,#1875,.T.);
#2936=ORIENTED_EDGE('',*,*,#2185,.T.);
#2937=ORIENTED_EDGE('',*,*,#2185,.F.);
#2938=ORIENTED_EDGE('',*,*,#1874,.F.);
#2939=ORIENTED_EDGE('',*,*,#2186,.F.);
#2940=ORIENTED_EDGE('',*,*,#2187,.F.);
#2941=ORIENTED_EDGE('',*,*,#2188,.T.);
#2942=ORIENTED_EDGE('',*,*,#2186,.T.);
#2943=ORIENTED_EDGE('',*,*,#1873,.T.);
#2944=ORIENTED_EDGE('',*,*,#2189,.T.);
#2945=ORIENTED_EDGE('',*,*,#2183,.F.);
#2946=ORIENTED_EDGE('',*,*,#2187,.T.);
#2947=ORIENTED_EDGE('',*,*,#2188,.F.);
#2948=ORIENTED_EDGE('',*,*,#2190,.T.);
#2949=ORIENTED_EDGE('',*,*,#2191,.T.);
#2950=ORIENTED_EDGE('',*,*,#2192,.T.);
#2951=ORIENTED_EDGE('',*,*,#2193,.F.);
#2952=ORIENTED_EDGE('',*,*,#2194,.T.);
#2953=ORIENTED_EDGE('',*,*,#2195,.T.);
#2954=ORIENTED_EDGE('',*,*,#2196,.T.);
#2955=ORIENTED_EDGE('',*,*,#2197,.T.);
#2956=ORIENTED_EDGE('',*,*,#2198,.T.);
#2957=ORIENTED_EDGE('',*,*,#2189,.F.);
#2958=ORIENTED_EDGE('',*,*,#1872,.F.);
#2959=ORIENTED_EDGE('',*,*,#2199,.F.);
#2960=ORIENTED_EDGE('',*,*,#2200,.T.);
#2961=ORIENTED_EDGE('',*,*,#2190,.F.);
#2962=ORIENTED_EDGE('',*,*,#2173,.T.);
#2963=ORIENTED_EDGE('',*,*,#2201,.T.);
#2964=ORIENTED_EDGE('',*,*,#1865,.T.);
#2965=ORIENTED_EDGE('',*,*,#2202,.T.);
#2966=ORIENTED_EDGE('',*,*,#2202,.F.);
#2967=ORIENTED_EDGE('',*,*,#1864,.T.);
#2968=ORIENTED_EDGE('',*,*,#2203,.F.);
#2969=ORIENTED_EDGE('',*,*,#2204,.F.);
#2970=ORIENTED_EDGE('',*,*,#2174,.F.);
#2971=ORIENTED_EDGE('',*,*,#2205,.F.);
#2972=ORIENTED_EDGE('',*,*,#2206,.T.);
#2973=ORIENTED_EDGE('',*,*,#2207,.T.);
#2974=ORIENTED_EDGE('',*,*,#2203,.T.);
#2975=ORIENTED_EDGE('',*,*,#1863,.T.);
#2976=ORIENTED_EDGE('',*,*,#2208,.T.);
#2977=ORIENTED_EDGE('',*,*,#2209,.F.);
#2978=ORIENTED_EDGE('',*,*,#2210,.F.);
#2979=ORIENTED_EDGE('',*,*,#2206,.F.);
#2980=ORIENTED_EDGE('',*,*,#2211,.F.);
#2981=ORIENTED_EDGE('',*,*,#2212,.F.);
#2982=ORIENTED_EDGE('',*,*,#1834,.F.);
#2983=ORIENTED_EDGE('',*,*,#2114,.T.);
#2984=ORIENTED_EDGE('',*,*,#2110,.T.);
#2985=ORIENTED_EDGE('',*,*,#2059,.T.);
#2986=ORIENTED_EDGE('',*,*,#2090,.F.);
#2987=ORIENTED_EDGE('',*,*,#2081,.T.);
#2988=ORIENTED_EDGE('',*,*,#2078,.T.);
#2989=ORIENTED_EDGE('',*,*,#2083,.T.);
#2990=ORIENTED_EDGE('',*,*,#2091,.F.);
#2991=ORIENTED_EDGE('',*,*,#2064,.T.);
#2992=ORIENTED_EDGE('',*,*,#1910,.F.);
#2993=ORIENTED_EDGE('',*,*,#2062,.T.);
#2994=ORIENTED_EDGE('',*,*,#2088,.F.);
#2995=ORIENTED_EDGE('',*,*,#2075,.T.);
#2996=ORIENTED_EDGE('',*,*,#2068,.T.);
#2997=ORIENTED_EDGE('',*,*,#2071,.T.);
#2998=ORIENTED_EDGE('',*,*,#2093,.F.);
#2999=ORIENTED_EDGE('',*,*,#2067,.T.);
#3000=ORIENTED_EDGE('',*,*,#1902,.F.);
#3001=ORIENTED_EDGE('',*,*,#2105,.T.);
#3002=ORIENTED_EDGE('',*,*,#2101,.T.);
#3003=ORIENTED_EDGE('',*,*,#2095,.T.);
#3004=ORIENTED_EDGE('',*,*,#2099,.T.);
#3005=ORIENTED_EDGE('',*,*,#1938,.T.);
#3006=ORIENTED_EDGE('',*,*,#2213,.F.);
#3007=ORIENTED_EDGE('',*,*,#2214,.F.);
#3008=ORIENTED_EDGE('',*,*,#2215,.F.);
#3009=ORIENTED_EDGE('',*,*,#2216,.F.);
#3010=ORIENTED_EDGE('',*,*,#1878,.T.);
#3011=ORIENTED_EDGE('',*,*,#2217,.F.);
#3012=ORIENTED_EDGE('',*,*,#2218,.T.);
#3013=ORIENTED_EDGE('',*,*,#2219,.F.);
#3014=ORIENTED_EDGE('',*,*,#2220,.F.);
#3015=ORIENTED_EDGE('',*,*,#2221,.F.);
#3016=ORIENTED_EDGE('',*,*,#2222,.T.);
#3017=ORIENTED_EDGE('',*,*,#2223,.F.);
#3018=ORIENTED_EDGE('',*,*,#1870,.T.);
#3019=ORIENTED_EDGE('',*,*,#2224,.F.);
#3020=ORIENTED_EDGE('',*,*,#2225,.T.);
#3021=ORIENTED_EDGE('',*,*,#2226,.F.);
#3022=ORIENTED_EDGE('',*,*,#2227,.F.);
#3023=ORIENTED_EDGE('',*,*,#2228,.F.);
#3024=ORIENTED_EDGE('',*,*,#2229,.T.);
#3025=ORIENTED_EDGE('',*,*,#1963,.T.);
#3026=ORIENTED_EDGE('',*,*,#1960,.T.);
#3027=ORIENTED_EDGE('',*,*,#1957,.T.);
#3028=ORIENTED_EDGE('',*,*,#1966,.T.);
#3029=ORIENTED_EDGE('',*,*,#1967,.T.);
#3030=ORIENTED_EDGE('',*,*,#1978,.T.);
#3031=ORIENTED_EDGE('',*,*,#1975,.T.);
#3032=ORIENTED_EDGE('',*,*,#1972,.T.);
#3033=ORIENTED_EDGE('',*,*,#1981,.T.);
#3034=ORIENTED_EDGE('',*,*,#1982,.T.);
#3035=ORIENTED_EDGE('',*,*,#1985,.T.);
#3036=ORIENTED_EDGE('',*,*,#1988,.T.);
#3037=ORIENTED_EDGE('',*,*,#1999,.T.);
#3038=ORIENTED_EDGE('',*,*,#1996,.T.);
#3039=ORIENTED_EDGE('',*,*,#1993,.T.);
#3040=ORIENTED_EDGE('',*,*,#2002,.T.);
#3041=ORIENTED_EDGE('',*,*,#2011,.T.);
#3042=ORIENTED_EDGE('',*,*,#2008,.T.);
#3043=ORIENTED_EDGE('',*,*,#2005,.T.);
#3044=ORIENTED_EDGE('',*,*,#2014,.T.);
#3045=ORIENTED_EDGE('',*,*,#1821,.T.);
#3046=ORIENTED_EDGE('',*,*,#1818,.T.);
#3047=ORIENTED_EDGE('',*,*,#1815,.T.);
#3048=ORIENTED_EDGE('',*,*,#1824,.T.);
#3049=ORIENTED_EDGE('',*,*,#1809,.T.);
#3050=ORIENTED_EDGE('',*,*,#1806,.T.);
#3051=ORIENTED_EDGE('',*,*,#1803,.T.);
#3052=ORIENTED_EDGE('',*,*,#1812,.T.);
#3053=ORIENTED_EDGE('',*,*,#2208,.F.);
#3054=ORIENTED_EDGE('',*,*,#1862,.T.);
#3055=ORIENTED_EDGE('',*,*,#2230,.F.);
#3056=ORIENTED_EDGE('',*,*,#2231,.T.);
#3057=ORIENTED_EDGE('',*,*,#2199,.T.);
#3058=ORIENTED_EDGE('',*,*,#1871,.T.);
#3059=ORIENTED_EDGE('',*,*,#2223,.T.);
#3060=ORIENTED_EDGE('',*,*,#2232,.T.);
#3061=ORIENTED_EDGE('',*,*,#2224,.T.);
#3062=ORIENTED_EDGE('',*,*,#1869,.T.);
#3063=ORIENTED_EDGE('',*,*,#2171,.T.);
#3064=ORIENTED_EDGE('',*,*,#2233,.T.);
#3065=ORIENTED_EDGE('',*,*,#2217,.T.);
#3066=ORIENTED_EDGE('',*,*,#1877,.T.);
#3067=ORIENTED_EDGE('',*,*,#2234,.T.);
#3068=ORIENTED_EDGE('',*,*,#2220,.T.);
#3069=ORIENTED_EDGE('',*,*,#2235,.T.);
#3070=ORIENTED_EDGE('',*,*,#2193,.T.);
#3071=ORIENTED_EDGE('',*,*,#2236,.T.);
#3072=ORIENTED_EDGE('',*,*,#2219,.T.);
#3073=ORIENTED_EDGE('',*,*,#2237,.T.);
#3074=ORIENTED_EDGE('',*,*,#2238,.T.);
#3075=ORIENTED_EDGE('',*,*,#2235,.F.);
#3076=ORIENTED_EDGE('',*,*,#2239,.T.);
#3077=ORIENTED_EDGE('',*,*,#2240,.T.);
#3078=ORIENTED_EDGE('',*,*,#2221,.T.);
#3079=ORIENTED_EDGE('',*,*,#2236,.F.);
#3080=ORIENTED_EDGE('',*,*,#2177,.T.);
#3081=ORIENTED_EDGE('',*,*,#2241,.T.);
#3082=ORIENTED_EDGE('',*,*,#2227,.T.);
#3083=ORIENTED_EDGE('',*,*,#2242,.T.);
#3084=ORIENTED_EDGE('',*,*,#2243,.T.);
#3085=ORIENTED_EDGE('',*,*,#2244,.T.);
#3086=ORIENTED_EDGE('',*,*,#2228,.T.);
#3087=ORIENTED_EDGE('',*,*,#2241,.F.);
#3088=ORIENTED_EDGE('',*,*,#2226,.T.);
#3089=ORIENTED_EDGE('',*,*,#2245,.T.);
#3090=ORIENTED_EDGE('',*,*,#2246,.T.);
#3091=ORIENTED_EDGE('',*,*,#2242,.F.);
#3092=ORIENTED_EDGE('',*,*,#2243,.F.);
#3093=ORIENTED_EDGE('',*,*,#2176,.F.);
#3094=ORIENTED_EDGE('',*,*,#2247,.F.);
#3095=ORIENTED_EDGE('',*,*,#2246,.F.);
#3096=ORIENTED_EDGE('',*,*,#2248,.T.);
#3097=ORIENTED_EDGE('',*,*,#2178,.F.);
#3098=ORIENTED_EDGE('',*,*,#2222,.F.);
#3099=ORIENTED_EDGE('',*,*,#2240,.F.);
#3100=ORIENTED_EDGE('',*,*,#2249,.T.);
#3101=ORIENTED_EDGE('',*,*,#2191,.F.);
#3102=ORIENTED_EDGE('',*,*,#2200,.F.);
#3103=ORIENTED_EDGE('',*,*,#2231,.F.);
#3104=ORIENTED_EDGE('',*,*,#2239,.F.);
#3105=ORIENTED_EDGE('',*,*,#2192,.F.);
#3106=ORIENTED_EDGE('',*,*,#2249,.F.);
#3107=ORIENTED_EDGE('',*,*,#1825,.F.);
#3108=ORIENTED_EDGE('',*,*,#1839,.F.);
#3109=ORIENTED_EDGE('',*,*,#1854,.F.);
#3110=ORIENTED_EDGE('',*,*,#1883,.T.);
#3111=ORIENTED_EDGE('',*,*,#1929,.F.);
#3112=ORIENTED_EDGE('',*,*,#1934,.T.);
#3113=ORIENTED_EDGE('',*,*,#1892,.F.);
#3114=ORIENTED_EDGE('',*,*,#1898,.F.);
#3115=ORIENTED_EDGE('',*,*,#1962,.T.);
#3116=ORIENTED_EDGE('',*,*,#1965,.T.);
#3117=ORIENTED_EDGE('',*,*,#1955,.T.);
#3118=ORIENTED_EDGE('',*,*,#1959,.T.);
#3119=ORIENTED_EDGE('',*,*,#1969,.T.);
#3120=ORIENTED_EDGE('',*,*,#1977,.T.);
#3121=ORIENTED_EDGE('',*,*,#1980,.T.);
#3122=ORIENTED_EDGE('',*,*,#1970,.T.);
#3123=ORIENTED_EDGE('',*,*,#1974,.T.);
#3124=ORIENTED_EDGE('',*,*,#1984,.T.);
#3125=ORIENTED_EDGE('',*,*,#2250,.T.);
#3126=ORIENTED_EDGE('',*,*,#2251,.T.);
#3127=ORIENTED_EDGE('',*,*,#2157,.F.);
#3128=ORIENTED_EDGE('',*,*,#2159,.F.);
#3129=ORIENTED_EDGE('',*,*,#2010,.T.);
#3130=ORIENTED_EDGE('',*,*,#2013,.T.);
#3131=ORIENTED_EDGE('',*,*,#2003,.T.);
#3132=ORIENTED_EDGE('',*,*,#2007,.T.);
#3133=ORIENTED_EDGE('',*,*,#1998,.T.);
#3134=ORIENTED_EDGE('',*,*,#2001,.T.);
#3135=ORIENTED_EDGE('',*,*,#1991,.T.);
#3136=ORIENTED_EDGE('',*,*,#1995,.T.);
#3137=ORIENTED_EDGE('',*,*,#1990,.T.);
#3138=ORIENTED_EDGE('',*,*,#1987,.T.);
#3139=ORIENTED_EDGE('',*,*,#1820,.T.);
#3140=ORIENTED_EDGE('',*,*,#1823,.T.);
#3141=ORIENTED_EDGE('',*,*,#1813,.T.);
#3142=ORIENTED_EDGE('',*,*,#1817,.T.);
#3143=ORIENTED_EDGE('',*,*,#1808,.T.);
#3144=ORIENTED_EDGE('',*,*,#1811,.T.);
#3145=ORIENTED_EDGE('',*,*,#1801,.T.);
#3146=ORIENTED_EDGE('',*,*,#1805,.T.);
#3147=ORIENTED_EDGE('',*,*,#2229,.F.);
#3148=ORIENTED_EDGE('',*,*,#2244,.F.);
#3149=ORIENTED_EDGE('',*,*,#2247,.T.);
#3150=ORIENTED_EDGE('',*,*,#2175,.F.);
#3151=ORIENTED_EDGE('',*,*,#2204,.T.);
#3152=ORIENTED_EDGE('',*,*,#2207,.F.);
#3153=ORIENTED_EDGE('',*,*,#2225,.F.);
#3154=ORIENTED_EDGE('',*,*,#2232,.F.);
#3155=ORIENTED_EDGE('',*,*,#2170,.F.);
#3156=ORIENTED_EDGE('',*,*,#2179,.F.);
#3157=ORIENTED_EDGE('',*,*,#2248,.F.);
#3158=ORIENTED_EDGE('',*,*,#2245,.F.);
#3159=ORIENTED_EDGE('',*,*,#2238,.F.);
#3160=ORIENTED_EDGE('',*,*,#2252,.T.);
#3161=ORIENTED_EDGE('',*,*,#2194,.F.);
#3162=ORIENTED_EDGE('',*,*,#2218,.F.);
#3163=ORIENTED_EDGE('',*,*,#2233,.F.);
#3164=ORIENTED_EDGE('',*,*,#2253,.T.);
#3165=ORIENTED_EDGE('',*,*,#2195,.F.);
#3166=ORIENTED_EDGE('',*,*,#2252,.F.);
#3167=ORIENTED_EDGE('',*,*,#2237,.F.);
#3168=ORIENTED_EDGE('',*,*,#2214,.T.);
#3169=ORIENTED_EDGE('',*,*,#2254,.T.);
#3170=ORIENTED_EDGE('',*,*,#2255,.T.);
#3171=ORIENTED_EDGE('',*,*,#2256,.T.);
#3172=ORIENTED_EDGE('',*,*,#2213,.T.);
#3173=ORIENTED_EDGE('',*,*,#1937,.T.);
#3174=ORIENTED_EDGE('',*,*,#2257,.T.);
#3175=ORIENTED_EDGE('',*,*,#2254,.F.);
#3176=ORIENTED_EDGE('',*,*,#2215,.T.);
#3177=ORIENTED_EDGE('',*,*,#2256,.F.);
#3178=ORIENTED_EDGE('',*,*,#2258,.T.);
#3179=ORIENTED_EDGE('',*,*,#2259,.T.);
#3180=ORIENTED_EDGE('',*,*,#2260,.T.);
#3181=ORIENTED_EDGE('',*,*,#1879,.F.);
#3182=ORIENTED_EDGE('',*,*,#2216,.T.);
#3183=ORIENTED_EDGE('',*,*,#2259,.F.);
#3184=ORIENTED_EDGE('',*,*,#2209,.T.);
#3185=ORIENTED_EDGE('',*,*,#2230,.T.);
#3186=ORIENTED_EDGE('',*,*,#1861,.F.);
#3187=ORIENTED_EDGE('',*,*,#2261,.T.);
#3188=ORIENTED_EDGE('',*,*,#2262,.T.);
#3189=ORIENTED_EDGE('',*,*,#2210,.T.);
#3190=ORIENTED_EDGE('',*,*,#2262,.F.);
#3191=ORIENTED_EDGE('',*,*,#2263,.T.);
#3192=ORIENTED_EDGE('',*,*,#2264,.T.);
#3193=ORIENTED_EDGE('',*,*,#2205,.T.);
#3194=ORIENTED_EDGE('',*,*,#2264,.F.);
#3195=ORIENTED_EDGE('',*,*,#2265,.T.);
#3196=ORIENTED_EDGE('',*,*,#2266,.T.);
#3197=ORIENTED_EDGE('',*,*,#2211,.T.);
#3198=ORIENTED_EDGE('',*,*,#2267,.T.);
#3199=ORIENTED_EDGE('',*,*,#1835,.T.);
#3200=ORIENTED_EDGE('',*,*,#2212,.T.);
#3201=ORIENTED_EDGE('',*,*,#2266,.F.);
#3202=ORIENTED_EDGE('',*,*,#2268,.F.);
#3203=ORIENTED_EDGE('',*,*,#2269,.T.);
#3204=ORIENTED_EDGE('',*,*,#1952,.F.);
#3205=ORIENTED_EDGE('',*,*,#2270,.F.);
#3206=ORIENTED_EDGE('',*,*,#2271,.F.);
#3207=ORIENTED_EDGE('',*,*,#2270,.T.);
#3208=ORIENTED_EDGE('',*,*,#1951,.F.);
#3209=ORIENTED_EDGE('',*,*,#2272,.F.);
#3210=ORIENTED_EDGE('',*,*,#2273,.F.);
#3211=ORIENTED_EDGE('',*,*,#2272,.T.);
#3212=ORIENTED_EDGE('',*,*,#1950,.F.);
#3213=ORIENTED_EDGE('',*,*,#2274,.F.);
#3214=ORIENTED_EDGE('',*,*,#2275,.F.);
#3215=ORIENTED_EDGE('',*,*,#2274,.T.);
#3216=ORIENTED_EDGE('',*,*,#1949,.F.);
#3217=ORIENTED_EDGE('',*,*,#2276,.F.);
#3218=ORIENTED_EDGE('',*,*,#2277,.F.);
#3219=ORIENTED_EDGE('',*,*,#2276,.T.);
#3220=ORIENTED_EDGE('',*,*,#1948,.F.);
#3221=ORIENTED_EDGE('',*,*,#2278,.F.);
#3222=ORIENTED_EDGE('',*,*,#2279,.F.);
#3223=ORIENTED_EDGE('',*,*,#2278,.T.);
#3224=ORIENTED_EDGE('',*,*,#1947,.F.);
#3225=ORIENTED_EDGE('',*,*,#2269,.F.);
#3226=ORIENTED_EDGE('',*,*,#2255,.F.);
#3227=ORIENTED_EDGE('',*,*,#2280,.T.);
#3228=ORIENTED_EDGE('',*,*,#1945,.F.);
#3229=ORIENTED_EDGE('',*,*,#2281,.F.);
#3230=ORIENTED_EDGE('',*,*,#2258,.F.);
#3231=ORIENTED_EDGE('',*,*,#2281,.T.);
#3232=ORIENTED_EDGE('',*,*,#1944,.F.);
#3233=ORIENTED_EDGE('',*,*,#2282,.F.);
#3234=ORIENTED_EDGE('',*,*,#2260,.F.);
#3235=ORIENTED_EDGE('',*,*,#2282,.T.);
#3236=ORIENTED_EDGE('',*,*,#1943,.F.);
#3237=ORIENTED_EDGE('',*,*,#1954,.F.);
#3238=ORIENTED_EDGE('',*,*,#2257,.F.);
#3239=ORIENTED_EDGE('',*,*,#1936,.T.);
#3240=ORIENTED_EDGE('',*,*,#1946,.F.);
#3241=ORIENTED_EDGE('',*,*,#2280,.F.);
#3242=ORIENTED_EDGE('',*,*,#1930,.F.);
#3243=ORIENTED_EDGE('',*,*,#1881,.T.);
#3244=ORIENTED_EDGE('',*,*,#1953,.T.);
#3245=ORIENTED_EDGE('',*,*,#2268,.T.);
#3246=ORIENTED_EDGE('',*,*,#2271,.T.);
#3247=ORIENTED_EDGE('',*,*,#2273,.T.);
#3248=ORIENTED_EDGE('',*,*,#2275,.T.);
#3249=ORIENTED_EDGE('',*,*,#2277,.T.);
#3250=ORIENTED_EDGE('',*,*,#2279,.T.);
#3251=ORIENTED_EDGE('',*,*,#2283,.F.);
#3252=ORIENTED_EDGE('',*,*,#2284,.F.);
#3253=ORIENTED_EDGE('',*,*,#2285,.T.);
#3254=ORIENTED_EDGE('',*,*,#2286,.F.);
#3255=ORIENTED_EDGE('',*,*,#2287,.F.);
#3256=ORIENTED_EDGE('',*,*,#2288,.F.);
#3257=ORIENTED_EDGE('',*,*,#2287,.T.);
#3258=ORIENTED_EDGE('',*,*,#2289,.F.);
#3259=ORIENTED_EDGE('',*,*,#2290,.F.);
#3260=ORIENTED_EDGE('',*,*,#2291,.F.);
#3261=ORIENTED_EDGE('',*,*,#2290,.T.);
#3262=ORIENTED_EDGE('',*,*,#2292,.F.);
#3263=ORIENTED_EDGE('',*,*,#2293,.F.);
#3264=ORIENTED_EDGE('',*,*,#2294,.F.);
#3265=ORIENTED_EDGE('',*,*,#2293,.T.);
#3266=ORIENTED_EDGE('',*,*,#2295,.F.);
#3267=ORIENTED_EDGE('',*,*,#2296,.F.);
#3268=ORIENTED_EDGE('',*,*,#2297,.F.);
#3269=ORIENTED_EDGE('',*,*,#2296,.T.);
#3270=ORIENTED_EDGE('',*,*,#2298,.F.);
#3271=ORIENTED_EDGE('',*,*,#2299,.F.);
#3272=ORIENTED_EDGE('',*,*,#2300,.F.);
#3273=ORIENTED_EDGE('',*,*,#2299,.T.);
#3274=ORIENTED_EDGE('',*,*,#2301,.F.);
#3275=ORIENTED_EDGE('',*,*,#2285,.F.);
#3276=ORIENTED_EDGE('',*,*,#2261,.F.);
#3277=ORIENTED_EDGE('',*,*,#1891,.T.);
#3278=ORIENTED_EDGE('',*,*,#2302,.F.);
#3279=ORIENTED_EDGE('',*,*,#2303,.F.);
#3280=ORIENTED_EDGE('',*,*,#2263,.F.);
#3281=ORIENTED_EDGE('',*,*,#2303,.T.);
#3282=ORIENTED_EDGE('',*,*,#2304,.F.);
#3283=ORIENTED_EDGE('',*,*,#2305,.F.);
#3284=ORIENTED_EDGE('',*,*,#2265,.F.);
#3285=ORIENTED_EDGE('',*,*,#2305,.T.);
#3286=ORIENTED_EDGE('',*,*,#2306,.F.);
#3287=ORIENTED_EDGE('',*,*,#2307,.F.);
#3288=ORIENTED_EDGE('',*,*,#2267,.F.);
#3289=ORIENTED_EDGE('',*,*,#2307,.T.);
#3290=ORIENTED_EDGE('',*,*,#2308,.F.);
#3291=ORIENTED_EDGE('',*,*,#1836,.F.);
#3292=ORIENTED_EDGE('',*,*,#1855,.F.);
#3293=ORIENTED_EDGE('',*,*,#1837,.T.);
#3294=ORIENTED_EDGE('',*,*,#2308,.T.);
#3295=ORIENTED_EDGE('',*,*,#2306,.T.);
#3296=ORIENTED_EDGE('',*,*,#2304,.T.);
#3297=ORIENTED_EDGE('',*,*,#2302,.T.);
#3298=ORIENTED_EDGE('',*,*,#1890,.T.);
#3299=ORIENTED_EDGE('',*,*,#2301,.T.);
#3300=ORIENTED_EDGE('',*,*,#2298,.T.);
#3301=ORIENTED_EDGE('',*,*,#2295,.T.);
#3302=ORIENTED_EDGE('',*,*,#2292,.T.);
#3303=ORIENTED_EDGE('',*,*,#2289,.T.);
#3304=ORIENTED_EDGE('',*,*,#2286,.T.);
#3305=ORIENTED_EDGE('',*,*,#2284,.T.);
#3306=ORIENTED_EDGE('',*,*,#2288,.T.);
#3307=ORIENTED_EDGE('',*,*,#2291,.T.);
#3308=ORIENTED_EDGE('',*,*,#2294,.T.);
#3309=ORIENTED_EDGE('',*,*,#2297,.T.);
#3310=ORIENTED_EDGE('',*,*,#2300,.T.);
#3311=ORIENTED_EDGE('',*,*,#2309,.F.);
#3312=ORIENTED_EDGE('',*,*,#2251,.F.);
#3313=ORIENTED_EDGE('',*,*,#2310,.T.);
#3314=ORIENTED_EDGE('',*,*,#2283,.T.);
#3315=ORIENTED_EDGE('',*,*,#2310,.F.);
#3316=ORIENTED_EDGE('',*,*,#2250,.F.);
#3317=ORIENTED_EDGE('',*,*,#2311,.T.);
#3318=ORIENTED_EDGE('',*,*,#2309,.T.);
#3319=ORIENTED_EDGE('',*,*,#2311,.F.);
#3320=ORIENTED_EDGE('',*,*,#2180,.F.);
#3321=ORIENTED_EDGE('',*,*,#2312,.T.);
#3322=ORIENTED_EDGE('',*,*,#1884,.T.);
#3323=ORIENTED_EDGE('',*,*,#2312,.F.);
#3324=ORIENTED_EDGE('',*,*,#2181,.F.);
#3325=ORIENTED_EDGE('',*,*,#2313,.T.);
#3326=ORIENTED_EDGE('',*,*,#1885,.T.);
#3327=ORIENTED_EDGE('',*,*,#2313,.F.);
#3328=ORIENTED_EDGE('',*,*,#2182,.F.);
#3329=ORIENTED_EDGE('',*,*,#2314,.T.);
#3330=ORIENTED_EDGE('',*,*,#1886,.T.);
#3331=ORIENTED_EDGE('',*,*,#2314,.F.);
#3332=ORIENTED_EDGE('',*,*,#2168,.F.);
#3333=ORIENTED_EDGE('',*,*,#1866,.F.);
#3334=ORIENTED_EDGE('',*,*,#2201,.F.);
#3335=ORIENTED_EDGE('',*,*,#2172,.F.);
#3336=ORIENTED_EDGE('',*,*,#2198,.F.);
#3337=ORIENTED_EDGE('',*,*,#2315,.T.);
#3338=ORIENTED_EDGE('',*,*,#1887,.T.);
#3339=ORIENTED_EDGE('',*,*,#2315,.F.);
#3340=ORIENTED_EDGE('',*,*,#2197,.F.);
#3341=ORIENTED_EDGE('',*,*,#2316,.T.);
#3342=ORIENTED_EDGE('',*,*,#1888,.T.);
#3343=ORIENTED_EDGE('',*,*,#2316,.F.);
#3344=ORIENTED_EDGE('',*,*,#2184,.F.);
#3345=ORIENTED_EDGE('',*,*,#2196,.F.);
#3346=ORIENTED_EDGE('',*,*,#2253,.F.);
#3347=ORIENTED_EDGE('',*,*,#2234,.F.);
#3348=ORIENTED_EDGE('',*,*,#1876,.F.);
#3349=PLANE('',#3665);
#3350=PLANE('',#3669);
#3351=PLANE('',#3673);
#3352=PLANE('',#3677);
#3353=PLANE('',#3685);
#3354=PLANE('',#3688);
#3355=PLANE('',#3689);
#3356=PLANE('',#3694);
#3357=PLANE('',#3710);
#3358=PLANE('',#3711);
#3359=PLANE('',#3716);
#3360=PLANE('',#3732);
#3361=PLANE('',#3733);
#3362=PLANE('',#3738);
#3363=PLANE('',#3741);
#3364=PLANE('',#3742);
#3365=PLANE('',#3743);
#3366=PLANE('',#3744);
#3367=PLANE('',#3745);
#3368=PLANE('',#3746);
#3369=PLANE('',#3750);
#3370=PLANE('',#3751);
#3371=PLANE('',#3752);
#3372=PLANE('',#3753);
#3373=PLANE('',#3763);
#3374=PLANE('',#3764);
#3375=PLANE('',#3765);
#3376=PLANE('',#3766);
#3377=PLANE('',#3767);
#3378=PLANE('',#3768);
#3379=PLANE('',#3769);
#3380=PLANE('',#3770);
#3381=PLANE('',#3773);
#3382=PLANE('',#3774);
#3383=PLANE('',#3781);
#3384=PLANE('',#3784);
#3385=PLANE('',#3787);
#3386=PLANE('',#3789);
#3387=PLANE('',#3794);
#3388=PLANE('',#3815);
#3389=PLANE('',#3816);
#3390=PLANE('',#3817);
#3391=PLANE('',#3818);
#3392=PLANE('',#3819);
#3393=PLANE('',#3820);
#3394=PLANE('',#3821);
#3395=PLANE('',#3822);
#3396=PLANE('',#3837);
#3397=PLANE('',#3838);
#3398=PLANE('',#3839);
#3399=PLANE('',#3840);
#3400=PLANE('',#3841);
#3401=PLANE('',#3842);
#3402=PLANE('',#3843);
#3403=PLANE('',#3844);
#3404=PLANE('',#3845);
#3405=PLANE('',#3846);
#3406=PLANE('',#3847);
#3407=PLANE('',#3848);
#3408=PLANE('',#3850);
#3409=PLANE('',#3851);
#3410=PLANE('',#3852);
#3411=PLANE('',#3853);
#3412=PLANE('',#3854);
#3413=PLANE('',#3855);
#3414=PLANE('',#3856);
#3415=PLANE('',#3857);
#3416=PLANE('',#3858);
#3417=PLANE('',#3859);
#3418=PLANE('',#3860);
#3419=PLANE('',#3861);
#3420=PLANE('',#3870);
#3421=PLANE('',#3873);
#3422=PLANE('',#3876);
#3423=PLANE('',#3877);
#3424=PLANE('',#3884);
#3425=PLANE('',#3887);
#3426=PLANE('',#3890);
#3427=PLANE('',#3892);
#3428=PLANE('',#3897);
#3429=PLANE('',#3898);
#3430=PLANE('',#3919);
#3431=PLANE('',#3920);
#3432=PLANE('',#3921);
#3433=PLANE('',#3922);
#3434=PLANE('',#3923);
#3435=PLANE('',#3926);
#3436=PLANE('',#3927);
#3437=PLANE('',#3928);
#3438=PLANE('',#3929);
#3439=PLANE('',#3944);
#3440=PLANE('',#3945);
#3441=PLANE('',#3946);
#3442=PLANE('',#3947);
#3443=PLANE('',#3948);
#3444=PLANE('',#3949);
#3445=PLANE('',#3950);
#3446=PLANE('',#3951);
#3447=PLANE('',#3952);
#3448=PLANE('',#3953);
#3449=PLANE('',#3954);
#3450=PLANE('',#3955);
#3451=PLANE('',#3957);
#3452=PLANE('',#3958);
#3453=PLANE('',#3959);
#3454=PLANE('',#3960);
#3455=PLANE('',#3961);
#3456=PLANE('',#3962);
#3457=PLANE('',#3963);
#3458=PLANE('',#3964);
#3459=PLANE('',#3965);
#3460=PLANE('',#3966);
#3461=PLANE('',#3967);
#3462=PLANE('',#3968);
#3463=PLANE('',#3975);
#3464=PLANE('',#3978);
#3465=ADVANCED_FACE('',(#265),#3349,.F.);
#3466=ADVANCED_FACE('',(#266),#195,.F.);
#3467=ADVANCED_FACE('',(#267),#3350,.F.);
#3468=ADVANCED_FACE('',(#268),#196,.F.);
#3469=ADVANCED_FACE('',(#269),#3351,.F.);
#3470=ADVANCED_FACE('',(#270),#197,.F.);
#3471=ADVANCED_FACE('',(#271),#3352,.F.);
#3472=ADVANCED_FACE('',(#272),#198,.F.);
#3473=ADVANCED_FACE('',(#273),#199,.T.);
#3474=ADVANCED_FACE('',(#274),#3353,.T.);
#3475=ADVANCED_FACE('',(#275,#15),#3354,.F.);
#3476=ADVANCED_FACE('',(#276),#3355,.F.);
#3477=ADVANCED_FACE('',(#277),#200,.T.);
#3478=ADVANCED_FACE('',(#278,#16,#17,#18,#19,#20),#3356,.F.);
#3479=ADVANCED_FACE('',(#279),#3357,.F.);
#3480=ADVANCED_FACE('',(#280),#3358,.T.);
#3481=ADVANCED_FACE('',(#281),#201,.T.);
#3482=ADVANCED_FACE('',(#282,#21,#22,#23,#24,#25),#3359,.T.);
#3483=ADVANCED_FACE('',(#283),#3360,.T.);
#3484=ADVANCED_FACE('',(#284),#3361,.F.);
#3485=ADVANCED_FACE('',(#285),#202,.T.);
#3486=ADVANCED_FACE('',(#286),#3362,.T.);
#3487=ADVANCED_FACE('',(#287,#26),#3363,.T.);
#3488=ADVANCED_FACE('',(#288),#3364,.T.);
#3489=ADVANCED_FACE('',(#289),#3365,.T.);
#3490=ADVANCED_FACE('',(#290),#3366,.T.);
#3491=ADVANCED_FACE('',(#291),#3367,.T.);
#3492=ADVANCED_FACE('',(#292),#3368,.T.);
#3493=ADVANCED_FACE('',(#293),#203,.F.);
#3494=ADVANCED_FACE('',(#294),#3369,.T.);
#3495=ADVANCED_FACE('',(#295),#3370,.T.);
#3496=ADVANCED_FACE('',(#296),#3371,.T.);
#3497=ADVANCED_FACE('',(#297),#3372,.T.);
#3498=ADVANCED_FACE('',(#298),#204,.F.);
#3499=ADVANCED_FACE('',(#299),#205,.F.);
#3500=ADVANCED_FACE('',(#300),#206,.F.);
#3501=ADVANCED_FACE('',(#301),#3373,.F.);
#3502=ADVANCED_FACE('',(#302),#3374,.F.);
#3503=ADVANCED_FACE('',(#303),#3375,.F.);
#3504=ADVANCED_FACE('',(#304),#3376,.F.);
#3505=ADVANCED_FACE('',(#305),#3377,.F.);
#3506=ADVANCED_FACE('',(#306),#3378,.F.);
#3507=ADVANCED_FACE('',(#307),#3379,.F.);
#3508=ADVANCED_FACE('',(#308),#3380,.F.);
#3509=ADVANCED_FACE('',(#309),#207,.T.);
#3510=ADVANCED_FACE('',(#310),#3381,.F.);
#3511=ADVANCED_FACE('',(#311,#27,#28,#29),#3382,.F.);
#3512=ADVANCED_FACE('',(#312),#208,.T.);
#3513=ADVANCED_FACE('',(#313),#3383,.F.);
#3514=ADVANCED_FACE('',(#314),#209,.T.);
#3515=ADVANCED_FACE('',(#315,#30,#31),#3384,.F.);
#3516=ADVANCED_FACE('',(#316),#3385,.F.);
#3517=ADVANCED_FACE('',(#317),#210,.T.);
#3518=ADVANCED_FACE('',(#318),#3386,.F.);
#3519=ADVANCED_FACE('',(#319),#211,.F.);
#3520=ADVANCED_FACE('',(#320),#3387,.T.);
#3521=ADVANCED_FACE('',(#321),#212,.F.);
#3522=ADVANCED_FACE('',(#322),#213,.F.);
#3523=ADVANCED_FACE('',(#323),#214,.F.);
#3524=ADVANCED_FACE('',(#324),#215,.F.);
#3525=ADVANCED_FACE('',(#325),#216,.F.);
#3526=ADVANCED_FACE('',(#326),#217,.F.);
#3527=ADVANCED_FACE('',(#327),#218,.F.);
#3528=ADVANCED_FACE('',(#328),#219,.F.);
#3529=ADVANCED_FACE('',(#329),#220,.F.);
#3530=ADVANCED_FACE('',(#330),#3388,.T.);
#3531=ADVANCED_FACE('',(#331),#3389,.F.);
#3532=ADVANCED_FACE('',(#332),#3390,.T.);
#3533=ADVANCED_FACE('',(#333),#3391,.T.);
#3534=ADVANCED_FACE('',(#334),#3392,.T.);
#3535=ADVANCED_FACE('',(#335),#3393,.F.);
#3536=ADVANCED_FACE('',(#336),#3394,.F.);
#3537=ADVANCED_FACE('',(#337),#3395,.F.);
#3538=ADVANCED_FACE('',(#338),#221,.F.);
#3539=ADVANCED_FACE('',(#339),#222,.F.);
#3540=ADVANCED_FACE('',(#340),#223,.F.);
#3541=ADVANCED_FACE('',(#341),#224,.F.);
#3542=ADVANCED_FACE('',(#342),#225,.F.);
#3543=ADVANCED_FACE('',(#343),#226,.F.);
#3544=ADVANCED_FACE('',(#344),#227,.F.);
#3545=ADVANCED_FACE('',(#345),#228,.F.);
#3546=ADVANCED_FACE('',(#346),#3396,.F.);
#3547=ADVANCED_FACE('',(#347),#3397,.F.);
#3548=ADVANCED_FACE('',(#348),#3398,.F.);
#3549=ADVANCED_FACE('',(#349),#3399,.F.);
#3550=ADVANCED_FACE('',(#350),#3400,.F.);
#3551=ADVANCED_FACE('',(#351),#3401,.F.);
#3552=ADVANCED_FACE('',(#352),#3402,.F.);
#3553=ADVANCED_FACE('',(#353),#3403,.F.);
#3554=ADVANCED_FACE('',(#354),#3404,.F.);
#3555=ADVANCED_FACE('',(#355),#3405,.F.);
#3556=ADVANCED_FACE('',(#356,#32),#3406,.F.);
#3557=ADVANCED_FACE('',(#357,#33),#3407,.T.);
#3558=ADVANCED_FACE('',(#358),#3408,.F.);
#3559=ADVANCED_FACE('',(#359),#3409,.F.);
#3560=ADVANCED_FACE('',(#360),#3410,.F.);
#3561=ADVANCED_FACE('',(#361),#3411,.F.);
#3562=ADVANCED_FACE('',(#362),#3412,.F.);
#3563=ADVANCED_FACE('',(#363),#3413,.F.);
#3564=ADVANCED_FACE('',(#364),#3414,.F.);
#3565=ADVANCED_FACE('',(#365),#3415,.F.);
#3566=ADVANCED_FACE('',(#366),#3416,.F.);
#3567=ADVANCED_FACE('',(#367),#3417,.F.);
#3568=ADVANCED_FACE('',(#368),#3418,.T.);
#3569=ADVANCED_FACE('',(#369,#34),#3419,.T.);
#3570=ADVANCED_FACE('',(#370),#229,.F.);
#3571=ADVANCED_FACE('',(#371),#230,.F.);
#3572=ADVANCED_FACE('',(#372),#231,.F.);
#3573=ADVANCED_FACE('',(#373),#232,.F.);
#3574=ADVANCED_FACE('',(#374),#233,.F.);
#3575=ADVANCED_FACE('',(#375),#3420,.F.);
#3576=ADVANCED_FACE('',(#376),#234,.F.);
#3577=ADVANCED_FACE('',(#377),#235,.F.);
#3578=ADVANCED_FACE('',(#378),#3421,.F.);
#3579=ADVANCED_FACE('',(#379),#236,.T.);
#3580=ADVANCED_FACE('',(#380),#3422,.T.);
#3581=ADVANCED_FACE('',(#381,#35,#36,#37),#3423,.T.);
#3582=ADVANCED_FACE('',(#382),#237,.T.);
#3583=ADVANCED_FACE('',(#383),#3424,.T.);
#3584=ADVANCED_FACE('',(#384),#238,.T.);
#3585=ADVANCED_FACE('',(#385,#38,#39),#3425,.T.);
#3586=ADVANCED_FACE('',(#386),#3426,.T.);
#3587=ADVANCED_FACE('',(#387),#239,.T.);
#3588=ADVANCED_FACE('',(#388),#3427,.T.);
#3589=ADVANCED_FACE('',(#389),#240,.F.);
#3590=ADVANCED_FACE('',(#390,#40,#41,#42,#43,#44,#45,#46,#47,#48,#49),#3428,
 .F.);
#3591=ADVANCED_FACE('',(#391),#3429,.F.);
#3592=ADVANCED_FACE('',(#392),#241,.F.);
#3593=ADVANCED_FACE('',(#393),#242,.F.);
#3594=ADVANCED_FACE('',(#394),#243,.F.);
#3595=ADVANCED_FACE('',(#395),#244,.F.);
#3596=ADVANCED_FACE('',(#396),#245,.F.);
#3597=ADVANCED_FACE('',(#397),#246,.F.);
#3598=ADVANCED_FACE('',(#398),#247,.F.);
#3599=ADVANCED_FACE('',(#399),#248,.F.);
#3600=ADVANCED_FACE('',(#400),#249,.F.);
#3601=ADVANCED_FACE('',(#401),#3430,.F.);
#3602=ADVANCED_FACE('',(#402),#3431,.T.);
#3603=ADVANCED_FACE('',(#403),#3432,.F.);
#3604=ADVANCED_FACE('',(#404),#3433,.F.);
#3605=ADVANCED_FACE('',(#405,#50,#51,#52,#53,#54,#55,#56,#57,#58,#59,#60,
#61,#62,#63),#3434,.T.);
#3606=ADVANCED_FACE('',(#406),#3435,.F.);
#3607=ADVANCED_FACE('',(#407),#3436,.T.);
#3608=ADVANCED_FACE('',(#408),#3437,.T.);
#3609=ADVANCED_FACE('',(#409),#3438,.T.);
#3610=ADVANCED_FACE('',(#410),#250,.F.);
#3611=ADVANCED_FACE('',(#411),#251,.F.);
#3612=ADVANCED_FACE('',(#412),#252,.F.);
#3613=ADVANCED_FACE('',(#413),#253,.F.);
#3614=ADVANCED_FACE('',(#414),#254,.F.);
#3615=ADVANCED_FACE('',(#415),#255,.F.);
#3616=ADVANCED_FACE('',(#416),#256,.F.);
#3617=ADVANCED_FACE('',(#417),#257,.F.);
#3618=ADVANCED_FACE('',(#418),#3439,.T.);
#3619=ADVANCED_FACE('',(#419),#3440,.T.);
#3620=ADVANCED_FACE('',(#420),#3441,.T.);
#3621=ADVANCED_FACE('',(#421),#3442,.T.);
#3622=ADVANCED_FACE('',(#422),#3443,.T.);
#3623=ADVANCED_FACE('',(#423),#3444,.T.);
#3624=ADVANCED_FACE('',(#424),#3445,.T.);
#3625=ADVANCED_FACE('',(#425),#3446,.T.);
#3626=ADVANCED_FACE('',(#426),#3447,.T.);
#3627=ADVANCED_FACE('',(#427),#3448,.T.);
#3628=ADVANCED_FACE('',(#428),#3449,.F.);
#3629=ADVANCED_FACE('',(#429,#64),#3450,.F.);
#3630=ADVANCED_FACE('',(#430),#3451,.T.);
#3631=ADVANCED_FACE('',(#431),#3452,.T.);
#3632=ADVANCED_FACE('',(#432),#3453,.T.);
#3633=ADVANCED_FACE('',(#433),#3454,.T.);
#3634=ADVANCED_FACE('',(#434),#3455,.T.);
#3635=ADVANCED_FACE('',(#435),#3456,.T.);
#3636=ADVANCED_FACE('',(#436),#3457,.T.);
#3637=ADVANCED_FACE('',(#437),#3458,.T.);
#3638=ADVANCED_FACE('',(#438),#3459,.T.);
#3639=ADVANCED_FACE('',(#439),#3460,.T.);
#3640=ADVANCED_FACE('',(#440,#65),#3461,.T.);
#3641=ADVANCED_FACE('',(#441,#66),#3462,.F.);
#3642=ADVANCED_FACE('',(#442),#258,.F.);
#3643=ADVANCED_FACE('',(#443),#259,.F.);
#3644=ADVANCED_FACE('',(#444),#260,.F.);
#3645=ADVANCED_FACE('',(#445),#261,.F.);
#3646=ADVANCED_FACE('',(#446),#262,.F.);
#3647=ADVANCED_FACE('',(#447),#3463,.T.);
#3648=ADVANCED_FACE('',(#448),#263,.F.);
#3649=ADVANCED_FACE('',(#449),#264,.F.);
#3650=ADVANCED_FACE('',(#450),#3464,.T.);
#3651=CLOSED_SHELL('',(#3465,#3466,#3467,#3468,#3469,#3470,#3471,#3472,
#3473,#3474,#3475,#3476,#3477,#3478,#3479,#3480,#3481,#3482,#3483,#3484,
#3485,#3486,#3487,#3488,#3489,#3490,#3491,#3492,#3493,#3494,#3495,#3496,
#3497,#3498,#3499,#3500,#3501,#3502,#3503,#3504,#3505,#3506,#3507,#3508,
#3509,#3510,#3511,#3512,#3513,#3514,#3515,#3516,#3517,#3518,#3519,#3520,
#3521,#3522,#3523,#3524,#3525,#3526,#3527,#3528,#3529,#3530,#3531,#3532,
#3533,#3534,#3535,#3536,#3537,#3538,#3539,#3540,#3541,#3542,#3543,#3544,
#3545,#3546,#3547,#3548,#3549,#3550,#3551,#3552,#3553,#3554,#3555,#3556,
#3557,#3558,#3559,#3560,#3561,#3562,#3563,#3564,#3565,#3566,#3567,#3568,
#3569,#3570,#3571,#3572,#3573,#3574,#3575,#3576,#3577,#3578,#3579,#3580,
#3581,#3582,#3583,#3584,#3585,#3586,#3587,#3588,#3589,#3590,#3591,#3592,
#3593,#3594,#3595,#3596,#3597,#3598,#3599,#3600,#3601,#3602,#3603,#3604,
#3605,#3606,#3607,#3608,#3609,#3610,#3611,#3612,#3613,#3614,#3615,#3616,
#3617,#3618,#3619,#3620,#3621,#3622,#3623,#3624,#3625,#3626,#3627,#3628,
#3629,#3630,#3631,#3632,#3633,#3634,#3635,#3636,#3637,#3638,#3639,#3640,
#3641,#3642,#3643,#3644,#3645,#3646,#3647,#3648,#3649,#3650));
#3652=DERIVED_UNIT_ELEMENT(#3654,1.);
#3653=DERIVED_UNIT_ELEMENT(#6041,-3.);
#3654=(
MASS_UNIT()
NAMED_UNIT(*)
SI_UNIT(.KILO.,.GRAM.)
);
#3655=DERIVED_UNIT((#3652,#3653));
#3656=MEASURE_REPRESENTATION_ITEM('density measure',
POSITIVE_RATIO_MEASURE(7850.),#3655);
#3657=PROPERTY_DEFINITION_REPRESENTATION(#3662,#3659);
#3658=PROPERTY_DEFINITION_REPRESENTATION(#3663,#3660);
#3659=REPRESENTATION('material name',(#3661),#6038);
#3660=REPRESENTATION('density',(#3656),#6038);
#3661=DESCRIPTIVE_REPRESENTATION_ITEM('Acier','Acier');
#3662=PROPERTY_DEFINITION('material property','material name',#6048);
#3663=PROPERTY_DEFINITION('material property','density of part',#6048);
#3664=AXIS2_PLACEMENT_3D('',#4997,#3979,#3980);
#3665=AXIS2_PLACEMENT_3D('',#4998,#3981,#3982);
#3666=AXIS2_PLACEMENT_3D('',#5007,#3987,#3988);
#3667=AXIS2_PLACEMENT_3D('',#5009,#3989,#3990);
#3668=AXIS2_PLACEMENT_3D('',#5011,#3991,#3992);
#3669=AXIS2_PLACEMENT_3D('',#5013,#3994,#3995);
#3670=AXIS2_PLACEMENT_3D('',#5019,#3999,#4000);
#3671=AXIS2_PLACEMENT_3D('',#5020,#4001,#4002);
#3672=AXIS2_PLACEMENT_3D('',#5021,#4003,#4004);
#3673=AXIS2_PLACEMENT_3D('',#5022,#4005,#4006);
#3674=AXIS2_PLACEMENT_3D('',#5031,#4011,#4012);
#3675=AXIS2_PLACEMENT_3D('',#5033,#4013,#4014);
#3676=AXIS2_PLACEMENT_3D('',#5035,#4015,#4016);
#3677=AXIS2_PLACEMENT_3D('',#5037,#4018,#4019);
#3678=AXIS2_PLACEMENT_3D('',#5043,#4023,#4024);
#3679=AXIS2_PLACEMENT_3D('',#5044,#4025,#4026);
#3680=AXIS2_PLACEMENT_3D('',#5045,#4027,#4028);
#3681=AXIS2_PLACEMENT_3D('',#5046,#4029,#4030);
#3682=AXIS2_PLACEMENT_3D('',#5049,#4031,#4032);
#3683=AXIS2_PLACEMENT_3D('',#5053,#4034,#4035);
#3684=AXIS2_PLACEMENT_3D('',#5057,#4037,#4038);
#3685=AXIS2_PLACEMENT_3D('',#5059,#4040,#4041);
#3686=AXIS2_PLACEMENT_3D('',#5065,#4044,#4045);
#3687=AXIS2_PLACEMENT_3D('',#5069,#4047,#4048);
#3688=AXIS2_PLACEMENT_3D('',#5077,#4053,#4054);
#3689=AXIS2_PLACEMENT_3D('',#5099,#4066,#4067);
#3690=AXIS2_PLACEMENT_3D('',#5105,#4071,#4072);
#3691=AXIS2_PLACEMENT_3D('',#5107,#4073,#4074);
#3692=AXIS2_PLACEMENT_3D('',#5109,#4075,#4076);
#3693=AXIS2_PLACEMENT_3D('',#5113,#4078,#4079);
#3694=AXIS2_PLACEMENT_3D('',#5115,#4081,#4082);
#3695=AXIS2_PLACEMENT_3D('',#5121,#4085,#4086);
#3696=AXIS2_PLACEMENT_3D('',#5125,#4088,#4089);
#3697=AXIS2_PLACEMENT_3D('',#5129,#4091,#4092);
#3698=AXIS2_PLACEMENT_3D('',#5133,#4094,#4095);
#3699=AXIS2_PLACEMENT_3D('',#5137,#4097,#4098);
#3700=AXIS2_PLACEMENT_3D('',#5141,#4100,#4101);
#3701=AXIS2_PLACEMENT_3D('',#5145,#4103,#4104);
#3702=AXIS2_PLACEMENT_3D('',#5149,#4106,#4107);
#3703=AXIS2_PLACEMENT_3D('',#5153,#4109,#4110);
#3704=AXIS2_PLACEMENT_3D('',#5157,#4112,#4113);
#3705=AXIS2_PLACEMENT_3D('',#5166,#4118,#4119);
#3706=AXIS2_PLACEMENT_3D('',#5168,#4120,#4121);
#3707=AXIS2_PLACEMENT_3D('',#5170,#4122,#4123);
#3708=AXIS2_PLACEMENT_3D('',#5172,#4124,#4125);
#3709=AXIS2_PLACEMENT_3D('',#5174,#4126,#4127);
#3710=AXIS2_PLACEMENT_3D('',#5175,#4128,#4129);
#3711=AXIS2_PLACEMENT_3D('',#5177,#4131,#4132);
#3712=AXIS2_PLACEMENT_3D('',#5181,#4135,#4136);
#3713=AXIS2_PLACEMENT_3D('',#5184,#4137,#4138);
#3714=AXIS2_PLACEMENT_3D('',#5188,#4140,#4141);
#3715=AXIS2_PLACEMENT_3D('',#5192,#4143,#4144);
#3716=AXIS2_PLACEMENT_3D('',#5194,#4146,#4147);
#3717=AXIS2_PLACEMENT_3D('',#5201,#4151,#4152);
#3718=AXIS2_PLACEMENT_3D('',#5205,#4154,#4155);
#3719=AXIS2_PLACEMENT_3D('',#5209,#4157,#4158);
#3720=AXIS2_PLACEMENT_3D('',#5213,#4160,#4161);
#3721=AXIS2_PLACEMENT_3D('',#5217,#4163,#4164);
#3722=AXIS2_PLACEMENT_3D('',#5221,#4166,#4167);
#3723=AXIS2_PLACEMENT_3D('',#5225,#4169,#4170);
#3724=AXIS2_PLACEMENT_3D('',#5229,#4172,#4173);
#3725=AXIS2_PLACEMENT_3D('',#5233,#4175,#4176);
#3726=AXIS2_PLACEMENT_3D('',#5236,#4178,#4179);
#3727=AXIS2_PLACEMENT_3D('',#5239,#4181,#4182);
#3728=AXIS2_PLACEMENT_3D('',#5241,#4183,#4184);
#3729=AXIS2_PLACEMENT_3D('',#5243,#4185,#4186);
#3730=AXIS2_PLACEMENT_3D('',#5245,#4187,#4188);
#3731=AXIS2_PLACEMENT_3D('',#5247,#4189,#4190);
#3732=AXIS2_PLACEMENT_3D('',#5248,#4191,#4192);
#3733=AXIS2_PLACEMENT_3D('',#5250,#4194,#4195);
#3734=AXIS2_PLACEMENT_3D('',#5254,#4198,#4199);
#3735=AXIS2_PLACEMENT_3D('',#5256,#4200,#4201);
#3736=AXIS2_PLACEMENT_3D('',#5258,#4202,#4203);
#3737=AXIS2_PLACEMENT_3D('',#5262,#4205,#4206);
#3738=AXIS2_PLACEMENT_3D('',#5264,#4208,#4209);
#3739=AXIS2_PLACEMENT_3D('',#5271,#4213,#4214);
#3740=AXIS2_PLACEMENT_3D('',#5275,#4216,#4217);
#3741=AXIS2_PLACEMENT_3D('',#5279,#4220,#4221);
#3742=AXIS2_PLACEMENT_3D('',#5301,#4233,#4234);
#3743=AXIS2_PLACEMENT_3D('',#5304,#4237,#4238);
#3744=AXIS2_PLACEMENT_3D('',#5313,#4243,#4244);
#3745=AXIS2_PLACEMENT_3D('',#5319,#4248,#4249);
#3746=AXIS2_PLACEMENT_3D('',#5325,#4253,#4254);
#3747=AXIS2_PLACEMENT_3D('',#5328,#4257,#4258);
#3748=AXIS2_PLACEMENT_3D('',#5330,#4259,#4260);
#3749=AXIS2_PLACEMENT_3D('',#5333,#4262,#4263);
#3750=AXIS2_PLACEMENT_3D('',#5334,#4264,#4265);
#3751=AXIS2_PLACEMENT_3D('',#5343,#4270,#4271);
#3752=AXIS2_PLACEMENT_3D('',#5349,#4275,#4276);
#3753=AXIS2_PLACEMENT_3D('',#5355,#4280,#4281);
#3754=AXIS2_PLACEMENT_3D('',#5358,#4284,#4285);
#3755=AXIS2_PLACEMENT_3D('',#5360,#4286,#4287);
#3756=AXIS2_PLACEMENT_3D('',#5363,#4289,#4290);
#3757=AXIS2_PLACEMENT_3D('',#5364,#4291,#4292);
#3758=AXIS2_PLACEMENT_3D('',#5366,#4293,#4294);
#3759=AXIS2_PLACEMENT_3D('',#5369,#4296,#4297);
#3760=AXIS2_PLACEMENT_3D('',#5370,#4298,#4299);
#3761=AXIS2_PLACEMENT_3D('',#5372,#4300,#4301);
#3762=AXIS2_PLACEMENT_3D('',#5375,#4303,#4304);
#3763=AXIS2_PLACEMENT_3D('',#5376,#4305,#4306);
#3764=AXIS2_PLACEMENT_3D('',#5385,#4311,#4312);
#3765=AXIS2_PLACEMENT_3D('',#5391,#4316,#4317);
#3766=AXIS2_PLACEMENT_3D('',#5397,#4321,#4322);
#3767=AXIS2_PLACEMENT_3D('',#5400,#4325,#4326);
#3768=AXIS2_PLACEMENT_3D('',#5409,#4331,#4332);
#3769=AXIS2_PLACEMENT_3D('',#5415,#4336,#4337);
#3770=AXIS2_PLACEMENT_3D('',#5421,#4341,#4342);
#3771=AXIS2_PLACEMENT_3D('',#5424,#4345,#4346);
#3772=AXIS2_PLACEMENT_3D('',#5427,#4347,#4348);
#3773=AXIS2_PLACEMENT_3D('',#5430,#4351,#4352);
#3774=AXIS2_PLACEMENT_3D('',#5436,#4356,#4357);
#3775=AXIS2_PLACEMENT_3D('',#5450,#4364,#4365);
#3776=AXIS2_PLACEMENT_3D('',#5453,#4367,#4368);
#3777=AXIS2_PLACEMENT_3D('',#5455,#4369,#4370);
#3778=AXIS2_PLACEMENT_3D('',#5457,#4371,#4372);
#3779=AXIS2_PLACEMENT_3D('',#5458,#4373,#4374);
#3780=AXIS2_PLACEMENT_3D('',#5461,#4375,#4376);
#3781=AXIS2_PLACEMENT_3D('',#5464,#4379,#4380);
#3782=AXIS2_PLACEMENT_3D('',#5468,#4383,#4384);
#3783=AXIS2_PLACEMENT_3D('',#5470,#4385,#4386);
#3784=AXIS2_PLACEMENT_3D('',#5472,#4388,#4389);
#3785=AXIS2_PLACEMENT_3D('',#5487,#4397,#4398);
#3786=AXIS2_PLACEMENT_3D('',#5489,#4399,#4400);
#3787=AXIS2_PLACEMENT_3D('',#5490,#4401,#4402);
#3788=AXIS2_PLACEMENT_3D('',#5494,#4405,#4406);
#3789=AXIS2_PLACEMENT_3D('',#5497,#4409,#4410);
#3790=AXIS2_PLACEMENT_3D('',#5501,#4413,#4414);
#3791=AXIS2_PLACEMENT_3D('',#5504,#4415,#4416);
#3792=AXIS2_PLACEMENT_3D('',#5508,#4418,#4419);
#3793=AXIS2_PLACEMENT_3D('',#5511,#4421,#4422);
#3794=AXIS2_PLACEMENT_3D('',#5513,#4424,#4425);
#3795=AXIS2_PLACEMENT_3D('',#5515,#4427,#4428);
#3796=AXIS2_PLACEMENT_3D('',#5517,#4429,#4430);
#3797=AXIS2_PLACEMENT_3D('',#5519,#4432,#4433);
#3798=AXIS2_PLACEMENT_3D('',#5521,#4434,#4435);
#3799=AXIS2_PLACEMENT_3D('',#5523,#4437,#4438);
#3800=AXIS2_PLACEMENT_3D('',#5526,#4439,#4440);
#3801=AXIS2_PLACEMENT_3D('',#5529,#4443,#4444);
#3802=AXIS2_PLACEMENT_3D('',#5533,#4446,#4447);
#3803=AXIS2_PLACEMENT_3D('',#5534,#4448,#4449);
#3804=AXIS2_PLACEMENT_3D('',#5535,#4450,#4451);
#3805=AXIS2_PLACEMENT_3D('',#5540,#4454,#4455);
#3806=AXIS2_PLACEMENT_3D('',#5541,#4456,#4457);
#3807=AXIS2_PLACEMENT_3D('',#5546,#4460,#4461);
#3808=AXIS2_PLACEMENT_3D('',#5547,#4462,#4463);
#3809=AXIS2_PLACEMENT_3D('',#5549,#4464,#4465);
#3810=AXIS2_PLACEMENT_3D('',#5552,#4467,#4468);
#3811=AXIS2_PLACEMENT_3D('',#5553,#4469,#4470);
#3812=AXIS2_PLACEMENT_3D('',#5558,#4473,#4474);
#3813=AXIS2_PLACEMENT_3D('',#5559,#4475,#4476);
#3814=AXIS2_PLACEMENT_3D('',#5564,#4479,#4480);
#3815=AXIS2_PLACEMENT_3D('',#5565,#4481,#4482);
#3816=AXIS2_PLACEMENT_3D('',#5567,#4484,#4485);
#3817=AXIS2_PLACEMENT_3D('',#5569,#4487,#4488);
#3818=AXIS2_PLACEMENT_3D('',#5572,#4491,#4492);
#3819=AXIS2_PLACEMENT_3D('',#5573,#4493,#4494);
#3820=AXIS2_PLACEMENT_3D('',#5575,#4496,#4497);
#3821=AXIS2_PLACEMENT_3D('',#5577,#4499,#4500);
#3822=AXIS2_PLACEMENT_3D('',#5579,#4502,#4503);
#3823=AXIS2_PLACEMENT_3D('',#5582,#4506,#4507);
#3824=AXIS2_PLACEMENT_3D('',#5587,#4509,#4510);
#3825=AXIS2_PLACEMENT_3D('',#5590,#4512,#4513);
#3826=AXIS2_PLACEMENT_3D('',#5591,#4514,#4515);
#3827=AXIS2_PLACEMENT_3D('',#5594,#4518,#4519);
#3828=AXIS2_PLACEMENT_3D('',#5598,#4521,#4522);
#3829=AXIS2_PLACEMENT_3D('',#5600,#4524,#4525);
#3830=AXIS2_PLACEMENT_3D('',#5603,#4528,#4529);
#3831=AXIS2_PLACEMENT_3D('',#5605,#4530,#4531);
#3832=AXIS2_PLACEMENT_3D('',#5607,#4533,#4534);
#3833=AXIS2_PLACEMENT_3D('',#5609,#4535,#4536);
#3834=AXIS2_PLACEMENT_3D('',#5611,#4538,#4539);
#3835=AXIS2_PLACEMENT_3D('',#5615,#4541,#4542);
#3836=AXIS2_PLACEMENT_3D('',#5617,#4544,#4545);
#3837=AXIS2_PLACEMENT_3D('',#5620,#4548,#4549);
#3838=AXIS2_PLACEMENT_3D('',#5629,#4554,#4555);
#3839=AXIS2_PLACEMENT_3D('',#5635,#4559,#4560);
#3840=AXIS2_PLACEMENT_3D('',#5641,#4564,#4565);
#3841=AXIS2_PLACEMENT_3D('',#5647,#4569,#4570);
#3842=AXIS2_PLACEMENT_3D('',#5653,#4574,#4575);
#3843=AXIS2_PLACEMENT_3D('',#5656,#4578,#4579);
#3844=AXIS2_PLACEMENT_3D('',#5662,#4583,#4584);
#3845=AXIS2_PLACEMENT_3D('',#5666,#4587,#4588);
#3846=AXIS2_PLACEMENT_3D('',#5668,#4590,#4591);
#3847=AXIS2_PLACEMENT_3D('',#5670,#4593,#4594);
#3848=AXIS2_PLACEMENT_3D('',#5671,#4595,#4596);
#3849=AXIS2_PLACEMENT_3D('',#5673,#4597,#4598);
#3850=AXIS2_PLACEMENT_3D('',#5674,#4599,#4600);
#3851=AXIS2_PLACEMENT_3D('',#5680,#4604,#4605);
#3852=AXIS2_PLACEMENT_3D('',#5684,#4608,#4609);
#3853=AXIS2_PLACEMENT_3D('',#5688,#4612,#4613);
#3854=AXIS2_PLACEMENT_3D('',#5692,#4616,#4617);
#3855=AXIS2_PLACEMENT_3D('',#5696,#4620,#4621);
#3856=AXIS2_PLACEMENT_3D('',#5698,#4623,#4624);
#3857=AXIS2_PLACEMENT_3D('',#5700,#4626,#4627);
#3858=AXIS2_PLACEMENT_3D('',#5702,#4629,#4630);
#3859=AXIS2_PLACEMENT_3D('',#5704,#4632,#4633);
#3860=AXIS2_PLACEMENT_3D('',#5705,#4634,#4635);
#3861=AXIS2_PLACEMENT_3D('',#5706,#4636,#4637);
#3862=AXIS2_PLACEMENT_3D('',#5708,#4638,#4639);
#3863=AXIS2_PLACEMENT_3D('',#5709,#4640,#4641);
#3864=AXIS2_PLACEMENT_3D('',#5711,#4642,#4643);
#3865=AXIS2_PLACEMENT_3D('',#5713,#4645,#4646);
#3866=AXIS2_PLACEMENT_3D('',#5715,#4647,#4648);
#3867=AXIS2_PLACEMENT_3D('',#5717,#4650,#4651);
#3868=AXIS2_PLACEMENT_3D('',#5719,#4653,#4654);
#3869=AXIS2_PLACEMENT_3D('',#5721,#4656,#4657);
#3870=AXIS2_PLACEMENT_3D('',#5723,#4659,#4660);
#3871=AXIS2_PLACEMENT_3D('',#5724,#4661,#4662);
#3872=AXIS2_PLACEMENT_3D('',#5726,#4664,#4665);
#3873=AXIS2_PLACEMENT_3D('',#5728,#4667,#4668);
#3874=AXIS2_PLACEMENT_3D('',#5729,#4669,#4670);
#3875=AXIS2_PLACEMENT_3D('',#5732,#4671,#4672);
#3876=AXIS2_PLACEMENT_3D('',#5735,#4675,#4676);
#3877=AXIS2_PLACEMENT_3D('',#5741,#4680,#4681);
#3878=AXIS2_PLACEMENT_3D('',#5745,#4683,#4684);
#3879=AXIS2_PLACEMENT_3D('',#5758,#4691,#4692);
#3880=AXIS2_PLACEMENT_3D('',#5760,#4693,#4694);
#3881=AXIS2_PLACEMENT_3D('',#5762,#4695,#4696);
#3882=AXIS2_PLACEMENT_3D('',#5763,#4697,#4698);
#3883=AXIS2_PLACEMENT_3D('',#5766,#4699,#4700);
#3884=AXIS2_PLACEMENT_3D('',#5769,#4703,#4704);
#3885=AXIS2_PLACEMENT_3D('',#5773,#4707,#4708);
#3886=AXIS2_PLACEMENT_3D('',#5775,#4709,#4710);
#3887=AXIS2_PLACEMENT_3D('',#5777,#4712,#4713);
#3888=AXIS2_PLACEMENT_3D('',#5792,#4721,#4722);
#3889=AXIS2_PLACEMENT_3D('',#5794,#4723,#4724);
#3890=AXIS2_PLACEMENT_3D('',#5795,#4725,#4726);
#3891=AXIS2_PLACEMENT_3D('',#5799,#4729,#4730);
#3892=AXIS2_PLACEMENT_3D('',#5802,#4733,#4734);
#3893=AXIS2_PLACEMENT_3D('',#5806,#4737,#4738);
#3894=AXIS2_PLACEMENT_3D('',#5809,#4739,#4740);
#3895=AXIS2_PLACEMENT_3D('',#5812,#4742,#4743);
#3896=AXIS2_PLACEMENT_3D('',#5816,#4745,#4746);
#3897=AXIS2_PLACEMENT_3D('',#5818,#4748,#4749);
#3898=AXIS2_PLACEMENT_3D('',#5853,#4769,#4770);
#3899=AXIS2_PLACEMENT_3D('',#5855,#4772,#4773);
#3900=AXIS2_PLACEMENT_3D('',#5856,#4774,#4775);
#3901=AXIS2_PLACEMENT_3D('',#5857,#4776,#4777);
#3902=AXIS2_PLACEMENT_3D('',#5858,#4778,#4779);
#3903=AXIS2_PLACEMENT_3D('',#5859,#4780,#4781);
#3904=AXIS2_PLACEMENT_3D('',#5861,#4782,#4783);
#3905=AXIS2_PLACEMENT_3D('',#5863,#4785,#4786);
#3906=AXIS2_PLACEMENT_3D('',#5864,#4787,#4788);
#3907=AXIS2_PLACEMENT_3D('',#5865,#4789,#4790);
#3908=AXIS2_PLACEMENT_3D('',#5866,#4791,#4792);
#3909=AXIS2_PLACEMENT_3D('',#5868,#4793,#4794);
#3910=AXIS2_PLACEMENT_3D('',#5870,#4796,#4797);
#3911=AXIS2_PLACEMENT_3D('',#5873,#4799,#4800);
#3912=AXIS2_PLACEMENT_3D('',#5874,#4801,#4802);
#3913=AXIS2_PLACEMENT_3D('',#5875,#4803,#4804);
#3914=AXIS2_PLACEMENT_3D('',#5876,#4805,#4806);
#3915=AXIS2_PLACEMENT_3D('',#5877,#4807,#4808);
#3916=AXIS2_PLACEMENT_3D('',#5880,#4810,#4811);
#3917=AXIS2_PLACEMENT_3D('',#5881,#4812,#4813);
#3918=AXIS2_PLACEMENT_3D('',#5883,#4814,#4815);
#3919=AXIS2_PLACEMENT_3D('',#5885,#4817,#4818);
#3920=AXIS2_PLACEMENT_3D('',#5887,#4820,#4821);
#3921=AXIS2_PLACEMENT_3D('',#5889,#4823,#4824);
#3922=AXIS2_PLACEMENT_3D('',#5891,#4826,#4827);
#3923=AXIS2_PLACEMENT_3D('',#5892,#4828,#4829);
#3924=AXIS2_PLACEMENT_3D('',#5894,#4830,#4831);
#3925=AXIS2_PLACEMENT_3D('',#5896,#4832,#4833);
#3926=AXIS2_PLACEMENT_3D('',#5897,#4834,#4835);
#3927=AXIS2_PLACEMENT_3D('',#5898,#4836,#4837);
#3928=AXIS2_PLACEMENT_3D('',#5899,#4838,#4839);
#3929=AXIS2_PLACEMENT_3D('',#5901,#4841,#4842);
#3930=AXIS2_PLACEMENT_3D('',#5903,#4844,#4845);
#3931=AXIS2_PLACEMENT_3D('',#5905,#4846,#4847);
#3932=AXIS2_PLACEMENT_3D('',#5908,#4849,#4850);
#3933=AXIS2_PLACEMENT_3D('',#5909,#4851,#4852);
#3934=AXIS2_PLACEMENT_3D('',#5911,#4854,#4855);
#3935=AXIS2_PLACEMENT_3D('',#5914,#4857,#4858);
#3936=AXIS2_PLACEMENT_3D('',#5915,#4859,#4860);
#3937=AXIS2_PLACEMENT_3D('',#5917,#4862,#4863);
#3938=AXIS2_PLACEMENT_3D('',#5920,#4865,#4866);
#3939=AXIS2_PLACEMENT_3D('',#5921,#4867,#4868);
#3940=AXIS2_PLACEMENT_3D('',#5924,#4870,#4871);
#3941=AXIS2_PLACEMENT_3D('',#5925,#4872,#4873);
#3942=AXIS2_PLACEMENT_3D('',#5928,#4875,#4876);
#3943=AXIS2_PLACEMENT_3D('',#5929,#4877,#4878);
#3944=AXIS2_PLACEMENT_3D('',#5931,#4880,#4881);
#3945=AXIS2_PLACEMENT_3D('',#5937,#4885,#4886);
#3946=AXIS2_PLACEMENT_3D('',#5941,#4889,#4890);
#3947=AXIS2_PLACEMENT_3D('',#5945,#4893,#4894);
#3948=AXIS2_PLACEMENT_3D('',#5949,#4897,#4898);
#3949=AXIS2_PLACEMENT_3D('',#5953,#4901,#4902);
#3950=AXIS2_PLACEMENT_3D('',#5955,#4904,#4905);
#3951=AXIS2_PLACEMENT_3D('',#5958,#4908,#4909);
#3952=AXIS2_PLACEMENT_3D('',#5960,#4911,#4912);
#3953=AXIS2_PLACEMENT_3D('',#5961,#4913,#4914);
#3954=AXIS2_PLACEMENT_3D('',#5962,#4915,#4916);
#3955=AXIS2_PLACEMENT_3D('',#5963,#4917,#4918);
#3956=AXIS2_PLACEMENT_3D('',#5965,#4919,#4920);
#3957=AXIS2_PLACEMENT_3D('',#5966,#4921,#4922);
#3958=AXIS2_PLACEMENT_3D('',#5975,#4927,#4928);
#3959=AXIS2_PLACEMENT_3D('',#5981,#4932,#4933);
#3960=AXIS2_PLACEMENT_3D('',#5987,#4937,#4938);
#3961=AXIS2_PLACEMENT_3D('',#5993,#4942,#4943);
#3962=AXIS2_PLACEMENT_3D('',#5999,#4947,#4948);
#3963=AXIS2_PLACEMENT_3D('',#6002,#4951,#4952);
#3964=AXIS2_PLACEMENT_3D('',#6006,#4955,#4956);
#3965=AXIS2_PLACEMENT_3D('',#6010,#4959,#4960);
#3966=AXIS2_PLACEMENT_3D('',#6014,#4963,#4964);
#3967=AXIS2_PLACEMENT_3D('',#6016,#4966,#4967);
#3968=AXIS2_PLACEMENT_3D('',#6017,#4968,#4969);
#3969=AXIS2_PLACEMENT_3D('',#6019,#4970,#4971);
#3970=AXIS2_PLACEMENT_3D('',#6020,#4972,#4973);
#3971=AXIS2_PLACEMENT_3D('',#6022,#4975,#4976);
#3972=AXIS2_PLACEMENT_3D('',#6024,#4978,#4979);
#3973=AXIS2_PLACEMENT_3D('',#6026,#4981,#4982);
#3974=AXIS2_PLACEMENT_3D('',#6028,#4984,#4985);
#3975=AXIS2_PLACEMENT_3D('',#6030,#4987,#4988);
#3976=AXIS2_PLACEMENT_3D('',#6031,#4989,#4990);
#3977=AXIS2_PLACEMENT_3D('',#6033,#4992,#4993);
#3978=AXIS2_PLACEMENT_3D('',#6035,#4995,#4996);
#3979=DIRECTION('axis',(0.,0.,1.));
#3980=DIRECTION('refdir',(1.,0.,0.));
#3981=DIRECTION('center_axis',(1.,0.,0.));
#3982=DIRECTION('ref_axis',(0.,0.,1.));
#3983=DIRECTION('',(0.,0.,-1.));
#3984=DIRECTION('',(0.,-1.,0.));
#3985=DIRECTION('',(0.,0.,1.));
#3986=DIRECTION('',(0.,-1.,0.));
#3987=DIRECTION('center_axis',(0.,-1.,0.));
#3988=DIRECTION('ref_axis',(1.,0.,0.));
#3989=DIRECTION('center_axis',(0.,1.,0.));
#3990=DIRECTION('ref_axis',(1.,0.,0.));
#3991=DIRECTION('center_axis',(0.,-1.,0.));
#3992=DIRECTION('ref_axis',(1.,0.,0.));
#3993=DIRECTION('',(0.,-1.,0.));
#3994=DIRECTION('center_axis',(-1.,0.,0.));
#3995=DIRECTION('ref_axis',(0.,0.,-1.));
#3996=DIRECTION('',(0.,0.,1.));
#3997=DIRECTION('',(0.,0.,-1.));
#3998=DIRECTION('',(0.,-1.,0.));
#3999=DIRECTION('center_axis',(0.,-1.,0.));
#4000=DIRECTION('ref_axis',(-1.,0.,0.));
#4001=DIRECTION('center_axis',(0.,1.,0.));
#4002=DIRECTION('ref_axis',(-1.,0.,0.));
#4003=DIRECTION('center_axis',(0.,-1.,0.));
#4004=DIRECTION('ref_axis',(-1.,0.,0.));
#4005=DIRECTION('center_axis',(1.,0.,0.));
#4006=DIRECTION('ref_axis',(0.,0.,1.));
#4007=DIRECTION('',(0.,0.,-1.));
#4008=DIRECTION('',(0.,-1.,0.));
#4009=DIRECTION('',(0.,0.,1.));
#4010=DIRECTION('',(0.,-1.,0.));
#4011=DIRECTION('center_axis',(0.,-1.,0.));
#4012=DIRECTION('ref_axis',(1.,0.,0.));
#4013=DIRECTION('center_axis',(0.,1.,0.));
#4014=DIRECTION('ref_axis',(1.,0.,0.));
#4015=DIRECTION('center_axis',(0.,-1.,0.));
#4016=DIRECTION('ref_axis',(1.,0.,0.));
#4017=DIRECTION('',(0.,-1.,0.));
#4018=DIRECTION('center_axis',(-1.,0.,0.));
#4019=DIRECTION('ref_axis',(0.,0.,-1.));
#4020=DIRECTION('',(0.,0.,1.));
#4021=DIRECTION('',(0.,0.,-1.));
#4022=DIRECTION('',(0.,-1.,0.));
#4023=DIRECTION('center_axis',(0.,-1.,0.));
#4024=DIRECTION('ref_axis',(-1.,0.,0.));
#4025=DIRECTION('center_axis',(0.,1.,0.));
#4026=DIRECTION('ref_axis',(-1.,0.,0.));
#4027=DIRECTION('center_axis',(0.,-1.,0.));
#4028=DIRECTION('ref_axis',(-1.,0.,0.));
#4029=DIRECTION('center_axis',(3.3416057483658E-12,-1.,1.09044391701542E-24));
#4030=DIRECTION('ref_axis',(-0.707106781186431,-2.36298915031946E-12,-0.707106781186664));
#4031=DIRECTION('center_axis',(0.,1.,0.));
#4032=DIRECTION('ref_axis',(-0.707106781186431,-2.36298915031946E-12,-0.707106781186664));
#4033=DIRECTION('',(-3.3416057483658E-12,1.,-1.09044391701542E-24));
#4034=DIRECTION('center_axis',(-8.3266726846887E-17,-1.,1.84889274661175E-32));
#4035=DIRECTION('ref_axis',(-0.707106781186431,-2.36298915031946E-12,-0.707106781186664));
#4036=DIRECTION('',(-3.3416057483658E-12,1.,-1.09044391701542E-24));
#4037=DIRECTION('center_axis',(-8.3266726846887E-17,-1.,1.84889274661175E-32));
#4038=DIRECTION('ref_axis',(-0.707106781186431,-2.36298915031946E-12,-0.707106781186664));
#4039=DIRECTION('',(3.3416057483658E-12,-1.,1.09044391701542E-24));
#4040=DIRECTION('center_axis',(3.26323330497231E-13,0.,-1.));
#4041=DIRECTION('ref_axis',(1.,0.,3.26323330497231E-13));
#4042=DIRECTION('',(1.,-8.3266726846887E-17,-3.26767419707081E-13));
#4043=DIRECTION('',(8.3266726846887E-17,1.,-1.84889274661175E-32));
#4044=DIRECTION('center_axis',(3.26767419707081E-13,-2.71903645517455E-29,
1.));
#4045=DIRECTION('ref_axis',(-1.,-1.57103608951104E-16,3.26824170406046E-13));
#4046=DIRECTION('',(1.,-8.3266726846887E-17,-3.26767419707081E-13));
#4047=DIRECTION('center_axis',(3.26323330497231E-13,0.,-1.));
#4048=DIRECTION('ref_axis',(1.,-2.40370335797991E-16,3.26380081196196E-13));
#4049=DIRECTION('',(0.,1.,0.));
#4050=DIRECTION('',(-1.,0.,-3.26323330497231E-13));
#4051=DIRECTION('',(3.34168901509265E-12,1.,1.09047108889105E-24));
#4052=DIRECTION('',(-1.,8.3266726846887E-17,3.26767419707081E-13));
#4053=DIRECTION('center_axis',(-8.3266726846887E-17,-1.,1.84889274661175E-32));
#4054=DIRECTION('ref_axis',(4.44089209850063E-16,-1.84889274661175E-32,
1.));
#4055=DIRECTION('',(0.500000000000001,-4.16333634234436E-17,-0.866025403784438));
#4056=DIRECTION('',(-0.500000000000001,4.16333634234435E-17,-0.866025403784438));
#4057=DIRECTION('',(-1.,8.3266726846887E-17,4.44089209850063E-16));
#4058=DIRECTION('',(-0.5,4.16333634234435E-17,0.866025403784439));
#4059=DIRECTION('',(0.5,-4.16333634234435E-17,0.866025403784439));
#4060=DIRECTION('',(-1.,8.3266726846887E-17,4.44089209850063E-16));
#4061=DIRECTION('',(-0.5,4.16333634234435E-17,-0.866025403784439));
#4062=DIRECTION('',(0.499999999999999,-4.16333634234435E-17,-0.866025403784439));
#4063=DIRECTION('',(1.,-8.3266726846887E-17,-4.44089209850063E-16));
#4064=DIRECTION('',(0.499999999999997,-4.16333634234433E-17,0.86602540378444));
#4065=DIRECTION('',(-0.499999999999997,4.16333634234432E-17,0.866025403784441));
#4066=DIRECTION('center_axis',(0.866025403784438,-7.21111007393838E-17,
0.500000000000001));
#4067=DIRECTION('ref_axis',(0.500000000000001,-4.16333634234436E-17,-0.866025403784438));
#4068=DIRECTION('',(-0.500000000000001,4.16333634234436E-17,0.866025403784438));
#4069=DIRECTION('',(8.3266726846887E-17,1.,-1.84889274661175E-32));
#4070=DIRECTION('',(8.3266726846887E-17,1.,-1.84889274661175E-32));
#4071=DIRECTION('center_axis',(-3.34168901509265E-12,-1.,-1.09047108889105E-24));
#4072=DIRECTION('ref_axis',(0.707106781186664,-2.3629891503187E-12,-0.707106781186431));
#4073=DIRECTION('center_axis',(0.,1.,0.));
#4074=DIRECTION('ref_axis',(0.707106781186664,-2.3629891503187E-12,-0.707106781186431));
#4075=DIRECTION('center_axis',(0.,-1.,0.));
#4076=DIRECTION('ref_axis',(0.707106781186664,-2.3629891503187E-12,-0.707106781186431));
#4077=DIRECTION('',(-3.34168901509265E-12,-1.,-1.09047108889105E-24));
#4078=DIRECTION('center_axis',(0.,-1.,0.));
#4079=DIRECTION('ref_axis',(0.707106781186664,-2.3629891503187E-12,-0.707106781186431));
#4080=DIRECTION('',(-3.34168901509265E-12,-1.,-1.09047108889105E-24));
#4081=DIRECTION('center_axis',(-1.,3.34168901509265E-12,-3.46944695195361E-16));
#4082=DIRECTION('ref_axis',(-3.46944695195361E-16,0.,1.));
#4083=DIRECTION('',(3.26111267929738E-13,0.,-1.));
#4084=DIRECTION('',(0.,1.,0.));
#4085=DIRECTION('center_axis',(1.,-3.34168901509265E-12,3.46944695195361E-16));
#4086=DIRECTION('ref_axis',(3.92523121123009E-16,1.92929006104237E-12,-1.));
#4087=DIRECTION('',(3.26111267929738E-13,0.,-1.));
#4088=DIRECTION('center_axis',(1.,-3.34168901509265E-12,3.46944695195361E-16));
#4089=DIRECTION('ref_axis',(0.,-0.707106781186549,0.707106781186546));
#4090=DIRECTION('',(-4.26122212192186E-16,-1.,-1.47840841024991E-31));
#4091=DIRECTION('center_axis',(-1.,3.34168901509265E-12,-3.46944695195361E-16));
#4092=DIRECTION('ref_axis',(2.36246578616618E-12,0.707106781186546,-0.707106781186549));
#4093=DIRECTION('',(-3.46944695195361E-16,0.,1.));
#4094=DIRECTION('center_axis',(-1.,3.34168901509265E-12,-3.46944695195361E-16));
#4095=DIRECTION('ref_axis',(2.36246578616618E-12,0.707106781186546,0.707106781186549));
#4096=DIRECTION('',(4.26122212192186E-16,1.,1.47840841024991E-31));
#4097=DIRECTION('center_axis',(1.,-3.34168901509265E-12,3.46944695195361E-16));
#4098=DIRECTION('ref_axis',(0.,-0.707106781186546,-0.707106781186549));
#4099=DIRECTION('',(3.26111267929738E-13,0.,-1.));
#4100=DIRECTION('center_axis',(1.,-3.34168901509265E-12,3.46944695195361E-16));
#4101=DIRECTION('ref_axis',(0.,-0.707106781186546,0.707106781186549));
#4102=DIRECTION('',(4.26122212192186E-16,1.,1.47840841024991E-31));
#4103=DIRECTION('center_axis',(-1.,3.34168901509265E-12,-3.46944695195361E-16));
#4104=DIRECTION('ref_axis',(2.36298915031908E-12,0.707106781186547,-0.707106781186548));
#4105=DIRECTION('',(-3.46944695195361E-16,0.,1.));
#4106=DIRECTION('center_axis',(-1.,3.34168901509265E-12,-3.46944695195361E-16));
#4107=DIRECTION('ref_axis',(2.36298915031908E-12,0.707106781186548,0.707106781186547));
#4108=DIRECTION('',(-3.34168901509265E-12,-1.,-1.15938127677901E-27));
#4109=DIRECTION('center_axis',(1.,-3.34168901509265E-12,3.46944695195361E-16));
#4110=DIRECTION('ref_axis',(0.,-0.707106781186548,-0.707106781186548));
#4111=DIRECTION('',(3.26111267929738E-13,0.,-1.));
#4112=DIRECTION('center_axis',(1.,-3.34168901509265E-12,3.46944695195361E-16));
#4113=DIRECTION('ref_axis',(-3.9252310822242E-16,1.92942883892045E-12,1.));
#4114=DIRECTION('',(0.,1.,0.));
#4115=DIRECTION('',(3.26111267929738E-13,0.,-1.));
#4116=DIRECTION('',(3.34168901509265E-12,1.,1.09047108889105E-24));
#4117=DIRECTION('',(-3.26111267929738E-13,0.,1.));
#4118=DIRECTION('center_axis',(1.,-4.26122212192186E-16,3.46944695195361E-16));
#4119=DIRECTION('ref_axis',(-3.46944695195361E-16,2.10094471277944E-47,
1.));
#4120=DIRECTION('center_axis',(1.,-4.26122212192186E-16,3.46944695195361E-16));
#4121=DIRECTION('ref_axis',(-3.46944695195361E-16,0.,1.));
#4122=DIRECTION('center_axis',(1.,-4.26122212192186E-16,3.46944695195361E-16));
#4123=DIRECTION('ref_axis',(-3.46944695195361E-16,2.10094471277942E-47,
1.));
#4124=DIRECTION('center_axis',(1.,-4.26122212192186E-16,3.46944695195361E-16));
#4125=DIRECTION('ref_axis',(-3.46944695195361E-16,-2.10094471277942E-47,
1.));
#4126=DIRECTION('center_axis',(1.,-4.26122212192186E-16,3.46944695195361E-16));
#4127=DIRECTION('ref_axis',(-3.46944695195361E-16,-3.38862050448294E-47,
1.));
#4128=DIRECTION('center_axis',(0.,-1.,0.));
#4129=DIRECTION('ref_axis',(1.,0.,0.));
#4130=DIRECTION('',(0.500000000000001,0.,0.866025403784438));
#4131=DIRECTION('center_axis',(0.866025403784438,0.,-0.500000000000001));
#4132=DIRECTION('ref_axis',(-0.500000000000001,0.,-0.866025403784438));
#4133=DIRECTION('',(-0.500000000000001,0.,-0.866025403784438));
#4134=DIRECTION('',(0.,1.,0.));
#4135=DIRECTION('center_axis',(3.3416057483658E-12,-1.,1.09044391701542E-24));
#4136=DIRECTION('ref_axis',(-0.707106781186659,-2.36259662720404E-12,0.707106781186436));
#4137=DIRECTION('center_axis',(0.,1.,0.));
#4138=DIRECTION('ref_axis',(-0.707106781186659,-2.36259662720404E-12,0.707106781186436));
#4139=DIRECTION('',(-3.3416057483658E-12,1.,-1.09044391701542E-24));
#4140=DIRECTION('center_axis',(-8.3266726846887E-17,-1.,1.84889274661175E-32));
#4141=DIRECTION('ref_axis',(-0.707106781186659,-2.36259662720404E-12,0.707106781186436));
#4142=DIRECTION('',(3.3416057483658E-12,-1.,1.09044391701542E-24));
#4143=DIRECTION('center_axis',(-8.3266726846887E-17,-1.,1.84889274661175E-32));
#4144=DIRECTION('ref_axis',(-0.707106781186659,-2.36259662720404E-12,0.707106781186436));
#4145=DIRECTION('',(3.3416057483658E-12,-1.,1.09044391701542E-24));
#4146=DIRECTION('center_axis',(-1.,-3.3416057483658E-12,7.91033905045424E-16));
#4147=DIRECTION('ref_axis',(7.91033905045424E-16,-4.73778766319261E-32,
1.));
#4148=DIRECTION('',(3.26555357139588E-13,-2.71727067958636E-29,1.));
#4149=DIRECTION('',(-3.26555357139588E-13,2.71727067958636E-29,-1.));
#4150=DIRECTION('',(8.3266726846887E-17,1.,-1.84889274661175E-32));
#4151=DIRECTION('center_axis',(1.,3.3416057483658E-12,-7.91033905045424E-16));
#4152=DIRECTION('ref_axis',(8.36612318072643E-16,1.92942883892045E-12,1.));
#4153=DIRECTION('',(-3.26555357139588E-13,2.71727067958636E-29,-1.));
#4154=DIRECTION('center_axis',(1.,3.3416057483658E-12,-7.91033905045424E-16));
#4155=DIRECTION('ref_axis',(-3.72896958937397E-16,-0.707106781186548,-0.707106781186548));
#4156=DIRECTION('',(3.3416057483658E-12,-1.,-2.64337082212867E-27));
#4157=DIRECTION('center_axis',(-1.,-3.3416057483658E-12,7.91033905045424E-16));
#4158=DIRECTION('ref_axis',(-2.36261625336014E-12,0.707106781186548,0.707106781186547));
#4159=DIRECTION('',(7.91033905045424E-16,-4.73778766319261E-32,1.));
#4160=DIRECTION('center_axis',(-1.,-3.3416057483658E-12,7.91033905045424E-16));
#4161=DIRECTION('ref_axis',(-2.36324429034361E-12,0.707106781186547,-0.707106781186548));
#4162=DIRECTION('',(-3.42855485345299E-16,1.,3.18588190070862E-31));
#4163=DIRECTION('center_axis',(1.,3.3416057483658E-12,-7.91033905045424E-16));
#4164=DIRECTION('ref_axis',(2.55140024536114E-16,-0.707106781186546,0.707106781186549));
#4165=DIRECTION('',(-3.26555357139588E-13,2.71727067958636E-29,-1.));
#4166=DIRECTION('center_axis',(1.,3.3416057483658E-12,-7.91033905045424E-16));
#4167=DIRECTION('ref_axis',(-3.72896958937397E-16,-0.707106781186546,-0.707106781186549));
#4168=DIRECTION('',(-3.42855485345299E-16,1.,3.18588190070862E-31));
#4169=DIRECTION('center_axis',(-1.,-3.3416057483658E-12,7.91033905045424E-16));
#4170=DIRECTION('ref_axis',(-2.36209288920725E-12,0.707106781186546,0.707106781186549));
#4171=DIRECTION('',(7.91033905045424E-16,-4.73778766319261E-32,1.));
#4172=DIRECTION('center_axis',(-1.,-3.3416057483658E-12,7.91033905045424E-16));
#4173=DIRECTION('ref_axis',(-2.36272092619072E-12,0.707106781186546,-0.707106781186549));
#4174=DIRECTION('',(3.42855485345299E-16,-1.,-3.18588190070862E-31));
#4175=DIRECTION('center_axis',(1.,3.3416057483658E-12,-7.91033905045424E-16));
#4176=DIRECTION('ref_axis',(2.55140024536112E-16,-0.707106781186549,0.707106781186546));
#4177=DIRECTION('',(-3.26555357139588E-13,2.71727067958636E-29,-1.));
#4178=DIRECTION('center_axis',(1.,3.3416057483658E-12,-7.91033905045424E-16));
#4179=DIRECTION('ref_axis',(-8.36612330972911E-16,1.92929006104237E-12,
-1.));
#4180=DIRECTION('',(-3.26555357139588E-13,2.71727067958636E-29,-1.));
#4181=DIRECTION('center_axis',(1.,3.42855485345299E-16,-7.91033905045424E-16));
#4182=DIRECTION('ref_axis',(7.91033905045424E-16,-4.73778766319261E-32,
1.));
#4183=DIRECTION('center_axis',(1.,3.42855485345299E-16,-7.91033905045424E-16));
#4184=DIRECTION('ref_axis',(7.91033905045424E-16,-4.73778766319261E-32,
1.));
#4185=DIRECTION('center_axis',(1.,3.42855485345299E-16,-7.91033905045424E-16));
#4186=DIRECTION('ref_axis',(7.91033905045424E-16,-4.73778766319261E-32,
1.));
#4187=DIRECTION('center_axis',(1.,3.42855485345299E-16,-7.91033905045424E-16));
#4188=DIRECTION('ref_axis',(7.91033905045424E-16,-4.73778766319262E-32,
1.));
#4189=DIRECTION('center_axis',(1.,3.42855485345299E-16,-7.91033905045424E-16));
#4190=DIRECTION('ref_axis',(7.91033905045424E-16,-4.73778766319262E-32,
1.));
#4191=DIRECTION('center_axis',(8.3266726846887E-17,1.,-1.84889274661175E-32));
#4192=DIRECTION('ref_axis',(-1.,8.3266726846887E-17,4.44089209850063E-16));
#4193=DIRECTION('',(0.5,-4.16333634234435E-17,0.866025403784438));
#4194=DIRECTION('center_axis',(0.866025403784438,-7.21111007393839E-17,
-0.5));
#4195=DIRECTION('ref_axis',(-0.5,4.16333634234435E-17,-0.866025403784438));
#4196=DIRECTION('',(-0.5,4.16333634234435E-17,-0.866025403784438));
#4197=DIRECTION('',(8.3266726846887E-17,1.,-1.84889274661175E-32));
#4198=DIRECTION('center_axis',(-3.34168901509265E-12,-1.,-1.09047108889105E-24));
#4199=DIRECTION('ref_axis',(0.707106781186432,-2.36298915031947E-12,0.707106781186663));
#4200=DIRECTION('center_axis',(0.,1.,0.));
#4201=DIRECTION('ref_axis',(0.707106781186432,-2.36298915031947E-12,0.707106781186663));
#4202=DIRECTION('center_axis',(0.,-1.,0.));
#4203=DIRECTION('ref_axis',(0.707106781186432,-2.36298915031947E-12,0.707106781186663));
#4204=DIRECTION('',(3.34168901509265E-12,1.,1.09047108889105E-24));
#4205=DIRECTION('center_axis',(0.,-1.,0.));
#4206=DIRECTION('ref_axis',(0.707106781186432,-2.36298915031947E-12,0.707106781186663));
#4207=DIRECTION('',(-3.34168901509265E-12,-1.,-1.09047108889105E-24));
#4208=DIRECTION('center_axis',(-3.26323330497231E-13,0.,1.));
#4209=DIRECTION('ref_axis',(-1.,0.,-3.26323330497231E-13));
#4210=DIRECTION('',(-1.,0.,-3.26323330497231E-13));
#4211=DIRECTION('',(1.,0.,3.26323330497231E-13));
#4212=DIRECTION('',(0.,1.,0.));
#4213=DIRECTION('center_axis',(-3.26323330497231E-13,0.,1.));
#4214=DIRECTION('ref_axis',(1.,-1.2018516789895E-16,3.26380081196073E-13));
#4215=DIRECTION('',(1.,0.,3.26323330497231E-13));
#4216=DIRECTION('center_axis',(-3.26767419707081E-13,2.71903645517455E-29,
-1.));
#4217=DIRECTION('ref_axis',(-1.,-3.69184410520631E-17,3.26824170405923E-13));
#4218=DIRECTION('',(8.3266726846887E-17,1.,-1.84889274661175E-32));
#4219=DIRECTION('',(-1.,8.3266726846887E-17,3.26767419707081E-13));
#4220=DIRECTION('center_axis',(0.,1.,0.));
#4221=DIRECTION('ref_axis',(0.,0.,1.));
#4222=DIRECTION('',(0.5,0.,-0.866025403784439));
#4223=DIRECTION('',(-0.500000000000001,0.,-0.866025403784438));
#4224=DIRECTION('',(-1.,0.,4.44089209850063E-16));
#4225=DIRECTION('',(-0.5,0.,0.866025403784439));
#4226=DIRECTION('',(0.5,0.,0.866025403784438));
#4227=DIRECTION('',(1.,0.,0.));
#4228=DIRECTION('',(0.5,0.,0.866025403784439));
#4229=DIRECTION('',(-0.500000000000002,0.,0.866025403784437));
#4230=DIRECTION('',(-1.,0.,0.));
#4231=DIRECTION('',(-0.499999999999998,0.,-0.86602540378444));
#4232=DIRECTION('',(0.500000000000001,0.,-0.866025403784438));
#4233=DIRECTION('center_axis',(0.866025403784439,0.,0.5));
#4234=DIRECTION('ref_axis',(0.5,0.,-0.866025403784439));
#4235=DIRECTION('',(-0.5,0.,0.866025403784439));
#4236=DIRECTION('',(0.,1.,0.));
#4237=DIRECTION('center_axis',(-1.,0.,-6.52646660994463E-13));
#4238=DIRECTION('ref_axis',(6.52646660994463E-13,0.,-1.));
#4239=DIRECTION('',(6.52646660994463E-13,0.,-1.));
#4240=DIRECTION('',(0.,-1.,0.));
#4241=DIRECTION('',(-6.52646660994463E-13,0.,1.));
#4242=DIRECTION('',(0.,-1.,0.));
#4243=DIRECTION('center_axis',(-6.52753670442619E-13,0.,1.));
#4244=DIRECTION('ref_axis',(-1.,0.,-6.52753670442619E-13));
#4245=DIRECTION('',(-1.,0.,-6.52753670442619E-13));
#4246=DIRECTION('',(1.,0.,6.52753670442619E-13));
#4247=DIRECTION('',(0.,-1.,0.));
#4248=DIRECTION('center_axis',(1.,0.,6.52646660994463E-13));
#4249=DIRECTION('ref_axis',(-6.52646660994463E-13,0.,1.));
#4250=DIRECTION('',(-6.52646660994463E-13,0.,1.));
#4251=DIRECTION('',(6.52646660994463E-13,0.,-1.));
#4252=DIRECTION('',(0.,-1.,0.));
#4253=DIRECTION('center_axis',(6.5272691808058E-13,0.,-1.));
#4254=DIRECTION('ref_axis',(1.,0.,6.5272691808058E-13));
#4255=DIRECTION('',(1.,0.,6.5272691808058E-13));
#4256=DIRECTION('',(-1.,0.,-6.5272691808058E-13));
#4257=DIRECTION('center_axis',(0.,1.,0.));
#4258=DIRECTION('ref_axis',(-1.,0.,-6.52646660994463E-13));
#4259=DIRECTION('center_axis',(0.,-1.,0.));
#4260=DIRECTION('ref_axis',(-1.,0.,-6.52646660994463E-13));
#4261=DIRECTION('',(0.,-1.,0.));
#4262=DIRECTION('center_axis',(0.,1.,0.));
#4263=DIRECTION('ref_axis',(-1.,0.,-6.52646660994463E-13));
#4264=DIRECTION('center_axis',(-1.,0.,-6.52646660994463E-13));
#4265=DIRECTION('ref_axis',(6.52646660994463E-13,0.,-1.));
#4266=DIRECTION('',(6.52646660994463E-13,0.,-1.));
#4267=DIRECTION('',(0.,-1.,0.));
#4268=DIRECTION('',(-6.52646660994463E-13,0.,1.));
#4269=DIRECTION('',(0.,-1.,0.));
#4270=DIRECTION('center_axis',(-6.52753670442619E-13,0.,1.));
#4271=DIRECTION('ref_axis',(-1.,0.,-6.52753670442619E-13));
#4272=DIRECTION('',(-1.,0.,-6.52753670442619E-13));
#4273=DIRECTION('',(1.,0.,6.52753670442619E-13));
#4274=DIRECTION('',(0.,-1.,0.));
#4275=DIRECTION('center_axis',(1.,0.,6.53454095921463E-13));
#4276=DIRECTION('ref_axis',(-6.53454095921463E-13,0.,1.));
#4277=DIRECTION('',(-6.53454095921463E-13,0.,1.));
#4278=DIRECTION('',(6.53454095921463E-13,0.,-1.));
#4279=DIRECTION('',(0.,-1.,0.));
#4280=DIRECTION('center_axis',(6.5272691808058E-13,0.,-1.));
#4281=DIRECTION('ref_axis',(1.,0.,6.5272691808058E-13));
#4282=DIRECTION('',(1.,0.,6.5272691808058E-13));
#4283=DIRECTION('',(-1.,0.,-6.5272691808058E-13));
#4284=DIRECTION('center_axis',(0.,1.,0.));
#4285=DIRECTION('ref_axis',(-1.,0.,-6.52646660994463E-13));
#4286=DIRECTION('center_axis',(0.,-1.,0.));
#4287=DIRECTION('ref_axis',(-1.,0.,-6.52646660994463E-13));
#4288=DIRECTION('',(0.,-1.,0.));
#4289=DIRECTION('center_axis',(0.,1.,0.));
#4290=DIRECTION('ref_axis',(-1.,0.,-6.52646660994463E-13));
#4291=DIRECTION('center_axis',(0.,-1.,0.));
#4292=DIRECTION('ref_axis',(-1.,0.,0.));
#4293=DIRECTION('center_axis',(0.,-1.,0.));
#4294=DIRECTION('ref_axis',(-1.,0.,0.));
#4295=DIRECTION('',(0.,-1.,0.));
#4296=DIRECTION('center_axis',(0.,1.,0.));
#4297=DIRECTION('ref_axis',(-1.,0.,0.));
#4298=DIRECTION('center_axis',(0.,-1.,0.));
#4299=DIRECTION('ref_axis',(-1.,0.,0.));
#4300=DIRECTION('center_axis',(0.,-1.,0.));
#4301=DIRECTION('ref_axis',(-1.,0.,0.));
#4302=DIRECTION('',(0.,-1.,0.));
#4303=DIRECTION('center_axis',(0.,1.,0.));
#4304=DIRECTION('ref_axis',(-1.,0.,0.));
#4305=DIRECTION('center_axis',(1.,0.,0.));
#4306=DIRECTION('ref_axis',(0.,0.,1.));
#4307=DIRECTION('',(0.,0.,-1.));
#4308=DIRECTION('',(0.,-1.,0.));
#4309=DIRECTION('',(0.,0.,1.));
#4310=DIRECTION('',(0.,-1.,0.));
#4311=DIRECTION('center_axis',(-8.02570861174813E-17,0.,-1.));
#4312=DIRECTION('ref_axis',(1.,0.,-8.02570861174813E-17));
#4313=DIRECTION('',(-1.,0.,8.02570861174813E-17));
#4314=DIRECTION('',(1.,0.,-8.02570861174813E-17));
#4315=DIRECTION('',(0.,-1.,0.));
#4316=DIRECTION('center_axis',(-1.,0.,8.07434927000114E-16));
#4317=DIRECTION('ref_axis',(-8.07434927000114E-16,0.,-1.));
#4318=DIRECTION('',(8.07434927000114E-16,0.,1.));
#4319=DIRECTION('',(-8.07434927000114E-16,0.,-1.));
#4320=DIRECTION('',(0.,-1.,0.));
#4321=DIRECTION('center_axis',(1.07009448156642E-16,0.,1.));
#4322=DIRECTION('ref_axis',(-1.,0.,1.07009448156642E-16));
#4323=DIRECTION('',(1.,0.,-1.07009448156642E-16));
#4324=DIRECTION('',(-1.,0.,1.07009448156642E-16));
#4325=DIRECTION('center_axis',(1.,0.,0.));
#4326=DIRECTION('ref_axis',(0.,0.,1.));
#4327=DIRECTION('',(0.,0.,-1.));
#4328=DIRECTION('',(0.,-1.,0.));
#4329=DIRECTION('',(0.,0.,1.));
#4330=DIRECTION('',(0.,-1.,0.));
#4331=DIRECTION('center_axis',(-8.02570861174813E-17,0.,-1.));
#4332=DIRECTION('ref_axis',(1.,0.,-8.02570861174813E-17));
#4333=DIRECTION('',(-1.,0.,8.02570861174813E-17));
#4334=DIRECTION('',(1.,0.,-8.02570861174813E-17));
#4335=DIRECTION('',(0.,-1.,0.));
#4336=DIRECTION('center_axis',(-1.,0.,0.));
#4337=DIRECTION('ref_axis',(0.,0.,-1.));
#4338=DIRECTION('',(0.,0.,1.));
#4339=DIRECTION('',(0.,0.,-1.));
#4340=DIRECTION('',(0.,-1.,0.));
#4341=DIRECTION('center_axis',(1.07009448156642E-16,0.,1.));
#4342=DIRECTION('ref_axis',(-1.,0.,1.07009448156642E-16));
#4343=DIRECTION('',(1.,0.,-1.07009448156642E-16));
#4344=DIRECTION('',(-1.,0.,1.07009448156642E-16));
#4345=DIRECTION('center_axis',(-1.,-3.34094788871179E-12,4.44089209850063E-16));
#4346=DIRECTION('ref_axis',(-2.36209288920725E-12,0.707106781186546,0.707106781186549));
#4347=DIRECTION('center_axis',(1.,3.42855485345299E-16,-7.91033905045424E-16));
#4348=DIRECTION('ref_axis',(-2.36209288920725E-12,0.707106781186546,0.707106781186549));
#4349=DIRECTION('',(1.,3.34094788871179E-12,-4.44089209850063E-16));
#4350=DIRECTION('',(-1.,-3.34094788871179E-12,4.44089209850063E-16));
#4351=DIRECTION('center_axis',(-4.44089209850063E-16,1.66329768491109E-31,
-1.));
#4352=DIRECTION('ref_axis',(-3.42855485345299E-16,1.,3.18588190070862E-31));
#4353=DIRECTION('',(1.,-8.3266726846887E-17,-4.44089209850063E-16));
#4354=DIRECTION('',(0.454121727668905,-0.890939648045258,-2.01670559216229E-16));
#4355=DIRECTION('',(-3.42855485345299E-16,1.,3.18588190070862E-31));
#4356=DIRECTION('center_axis',(-1.,-3.42855485345299E-16,7.91033905045424E-16));
#4357=DIRECTION('ref_axis',(7.91033905045424E-16,-4.73778766319261E-32,
1.));
#4358=DIRECTION('',(7.91033905045424E-16,-6.80669445648262E-16,1.));
#4359=DIRECTION('',(-3.42855485345299E-16,1.,1.70747349045871E-31));
#4360=DIRECTION('',(-7.91033905045424E-16,4.73778766319261E-32,-1.));
#4361=DIRECTION('',(3.42855485345299E-16,-1.,-4.66429031095853E-31));
#4362=DIRECTION('',(7.91033905045424E-16,-6.80669445648263E-16,1.));
#4363=DIRECTION('',(3.42855485345299E-16,-1.,-3.18588190070862E-31));
#4364=DIRECTION('center_axis',(1.,3.42855485345299E-16,-7.91033905045424E-16));
#4365=DIRECTION('ref_axis',(-2.36272092619072E-12,0.707106781186546,-0.707106781186549));
#4366=DIRECTION('',(-7.91033905045424E-16,4.73778766319261E-32,-1.));
#4367=DIRECTION('center_axis',(1.,3.42855485345299E-16,-7.91033905045424E-16));
#4368=DIRECTION('ref_axis',(7.91033905045424E-16,-4.73778766319261E-32,
1.));
#4369=DIRECTION('center_axis',(1.,3.42855485345299E-16,-7.91033905045424E-16));
#4370=DIRECTION('ref_axis',(7.91033905045424E-16,-4.73778766319261E-32,
1.));
#4371=DIRECTION('center_axis',(1.,3.42855485345299E-16,-7.91033905045424E-16));
#4372=DIRECTION('ref_axis',(7.91033905045424E-16,-4.73778766319261E-32,
1.));
#4373=DIRECTION('center_axis',(-1.,-3.34168803739487E-12,4.44089209850063E-16));
#4374=DIRECTION('ref_axis',(-2.36261625336014E-12,0.707106781186548,0.707106781186547));
#4375=DIRECTION('center_axis',(1.,3.3416057483658E-12,-7.91033905045424E-16));
#4376=DIRECTION('ref_axis',(-2.36261625336014E-12,0.707106781186548,0.707106781186547));
#4377=DIRECTION('',(1.,3.34168803739487E-12,-4.44089209850063E-16));
#4378=DIRECTION('',(-1.,-3.34168803739487E-12,4.44089209850063E-16));
#4379=DIRECTION('center_axis',(3.34168803739487E-12,-1.,-2.64343591554068E-27));
#4380=DIRECTION('ref_axis',(-7.91033905045424E-16,4.73778766319261E-32,
-1.));
#4381=DIRECTION('',(-7.91033905045424E-16,4.73778766319261E-32,-1.));
#4382=DIRECTION('',(-1.,-3.34168803739487E-12,4.44089209850063E-16));
#4383=DIRECTION('center_axis',(-1.,-3.34168803739487E-12,4.44089209850063E-16));
#4384=DIRECTION('ref_axis',(-2.36324429034361E-12,0.707106781186547,-0.707106781186548));
#4385=DIRECTION('center_axis',(1.,3.3416057483658E-12,-7.91033905045424E-16));
#4386=DIRECTION('ref_axis',(-2.36324429034361E-12,0.707106781186547,-0.707106781186548));
#4387=DIRECTION('',(1.,3.34168803739487E-12,-4.44089209850063E-16));
#4388=DIRECTION('center_axis',(-1.,-3.3416057483658E-12,7.91033905045424E-16));
#4389=DIRECTION('ref_axis',(7.91033905045424E-16,-4.73778766319261E-32,
1.));
#4390=DIRECTION('',(-3.3416057483658E-12,1.,2.64337082212867E-27));
#4391=DIRECTION('',(7.91033905045424E-16,1.15936244864448E-27,1.));
#4392=DIRECTION('',(-3.3416057483658E-12,1.,1.48398954534966E-27));
#4393=DIRECTION('',(-7.91033905045424E-16,4.73778766319261E-32,-1.));
#4394=DIRECTION('',(3.3416057483658E-12,-1.,-3.80275209890768E-27));
#4395=DIRECTION('',(7.91033905045424E-16,-1.15940010491353E-27,1.));
#4396=DIRECTION('',(3.42855485345299E-16,-1.,-3.18588190070862E-31));
#4397=DIRECTION('center_axis',(1.,3.42855485345299E-16,-7.91033905045424E-16));
#4398=DIRECTION('ref_axis',(7.91033905045424E-16,-4.73778766319262E-32,
1.));
#4399=DIRECTION('center_axis',(1.,3.42855485345299E-16,-7.91033905045424E-16));
#4400=DIRECTION('ref_axis',(7.91033905045424E-16,-4.73778766319262E-32,
1.));
#4401=DIRECTION('center_axis',(4.44089209850063E-16,-1.66329768491109E-31,
1.));
#4402=DIRECTION('ref_axis',(3.42855485345299E-16,-1.,-3.18588190070862E-31));
#4403=DIRECTION('',(-0.550515175190284,0.83482515647602,2.44477849159704E-16));
#4404=DIRECTION('',(-1.,8.3266726846887E-17,4.44089209850063E-16));
#4405=DIRECTION('center_axis',(-1.,-3.34094788871179E-12,4.44089209850063E-16));
#4406=DIRECTION('ref_axis',(-2.36272092619072E-12,0.707106781186546,-0.707106781186549));
#4407=DIRECTION('',(1.,3.34094788871179E-12,-4.44089209850063E-16));
#4408=DIRECTION('',(-1.,-3.34094788871179E-12,4.44089209850063E-16));
#4409=DIRECTION('center_axis',(4.44089209850063E-16,-1.66329768491109E-31,
1.));
#4410=DIRECTION('ref_axis',(3.42855485345299E-16,-1.,-3.18588190070862E-31));
#4411=DIRECTION('',(0.454121727668905,-0.890939648045258,-2.01670559216229E-16));
#4412=DIRECTION('',(-1.,8.3266726846887E-17,4.44089209850063E-16));
#4413=DIRECTION('center_axis',(-1.,8.3266726846887E-17,4.44089209850063E-16));
#4414=DIRECTION('ref_axis',(2.55140024536112E-16,-0.707106781186549,0.707106781186546));
#4415=DIRECTION('center_axis',(-0.5,4.16333634234435E-17,-0.866025403784439));
#4416=DIRECTION('ref_axis',(-0.866025403784439,7.21111007393839E-17,0.5));
#4417=DIRECTION('',(-1.,8.3266726846887E-17,4.44089209850063E-16));
#4418=DIRECTION('center_axis',(0.499999999999999,-4.16333634234434E-17,
-0.866025403784439));
#4419=DIRECTION('ref_axis',(0.866025403784439,-7.21111007393839E-17,0.499999999999999));
#4420=DIRECTION('',(1.,-8.3266726846887E-17,-4.44089209850063E-16));
#4421=DIRECTION('center_axis',(-0.890939648045674,-0.454121727668089,3.95656684324696E-16));
#4422=DIRECTION('ref_axis',(0.454121727668089,-0.890939648045674,-1.39849202290133E-16));
#4423=DIRECTION('',(1.,-8.3266726846887E-17,-4.44089209850063E-16));
#4424=DIRECTION('center_axis',(8.3266726846887E-17,1.,-1.84889274661175E-32));
#4425=DIRECTION('ref_axis',(-1.,8.3266726846887E-17,4.44089209850063E-16));
#4426=DIRECTION('',(-0.500000000000001,4.16333634234435E-17,-0.866025403784438));
#4427=DIRECTION('center_axis',(-1.,8.3266726846887E-17,4.44089209850063E-16));
#4428=DIRECTION('ref_axis',(2.55140024536114E-16,-0.707106781186546,0.707106781186549));
#4429=DIRECTION('center_axis',(-0.83482515647602,-0.550515175190284,3.70736844101114E-16));
#4430=DIRECTION('ref_axis',(0.550515175190284,-0.83482515647602,-3.60333112942719E-16));
#4431=DIRECTION('',(1.,-8.3266726846887E-17,-4.44089209850063E-16));
#4432=DIRECTION('center_axis',(-1.,8.3266726846887E-17,4.44089209850063E-16));
#4433=DIRECTION('ref_axis',(-3.72896958937397E-16,-0.707106781186546,-0.707106781186549));
#4434=DIRECTION('center_axis',(-0.890939648045674,-0.454121727668089,3.95656684324696E-16));
#4435=DIRECTION('ref_axis',(0.454121727668089,-0.890939648045674,-2.01670559215867E-16));
#4436=DIRECTION('',(-1.,8.3266726846887E-17,4.44089209850063E-16));
#4437=DIRECTION('center_axis',(-1.,8.3266726846887E-17,4.44089209850063E-16));
#4438=DIRECTION('ref_axis',(-3.72896958937397E-16,-0.707106781186548,-0.707106781186548));
#4439=DIRECTION('center_axis',(-0.83482515647602,-0.550515175190284,3.70736844102391E-16));
#4440=DIRECTION('ref_axis',(0.550515175190284,-0.83482515647602,-2.44477849160722E-16));
#4441=DIRECTION('',(1.,-8.3266726846887E-17,-4.44089209850063E-16));
#4442=DIRECTION('',(-1.,8.3266726846887E-17,4.44089209850063E-16));
#4443=DIRECTION('center_axis',(-7.91033905045424E-16,4.73778766319261E-32,
-1.));
#4444=DIRECTION('ref_axis',(-0.707106781185366,-0.707106781187729,3.1401849173623E-16));
#4445=DIRECTION('',(7.91033905045424E-16,-4.73778766319261E-32,1.));
#4446=DIRECTION('center_axis',(-0.707106781186548,5.88784672006418E-17,
0.707106781186547));
#4447=DIRECTION('ref_axis',(-0.707106781186547,5.88784672006417E-17,-0.707106781186548));
#4448=DIRECTION('center_axis',(-0.707106781186548,5.88784672006418E-17,
-0.707106781186547));
#4449=DIRECTION('ref_axis',(0.707106781186547,-5.88784672006417E-17,-0.707106781186548));
#4450=DIRECTION('center_axis',(1.,-8.3266726846887E-17,-4.44089209850063E-16));
#4451=DIRECTION('ref_axis',(2.55140024536113E-16,-0.707106781186548,0.707106781186547));
#4452=DIRECTION('',(1.,-8.3266726846887E-17,-4.44089209850063E-16));
#4453=DIRECTION('',(-1.,8.3266726846887E-17,4.44089209850063E-16));
#4454=DIRECTION('center_axis',(-0.83482515647602,-0.550515175190284,3.70736844102391E-16));
#4455=DIRECTION('ref_axis',(0.550515175190284,-0.83482515647602,-7.06949534877264E-17));
#4456=DIRECTION('center_axis',(-1.,8.3266726846887E-17,4.44089209850063E-16));
#4457=DIRECTION('ref_axis',(-3.72896958937397E-16,-0.707106781186548,-0.707106781186548));
#4458=DIRECTION('',(1.,-8.3266726846887E-17,-4.44089209850063E-16));
#4459=DIRECTION('',(-1.,8.3266726846887E-17,4.44089209850063E-16));
#4460=DIRECTION('center_axis',(-0.83482515647602,-0.550515175190284,3.70736844101114E-16));
#4461=DIRECTION('ref_axis',(0.550515175190284,-0.83482515647602,-2.44477849160722E-16));
#4462=DIRECTION('center_axis',(-7.91033905045424E-16,4.73778766319261E-32,
-1.));
#4463=DIRECTION('ref_axis',(-0.707106781186548,-0.707106781186548,3.14018491736755E-16));
#4464=DIRECTION('center_axis',(-0.707106781186548,5.88784672006418E-17,
-0.707106781186547));
#4465=DIRECTION('ref_axis',(0.707106781186547,-5.88784672006417E-17,-0.707106781186548));
#4466=DIRECTION('',(7.91033905045424E-16,-4.73778766319261E-32,1.));
#4467=DIRECTION('center_axis',(-0.707106781186546,5.88784672006416E-17,
0.707106781186549));
#4468=DIRECTION('ref_axis',(-0.707106781186549,5.88784672006419E-17,-0.707106781186546));
#4469=DIRECTION('center_axis',(-1.,8.3266726846887E-17,4.44089209850063E-16));
#4470=DIRECTION('ref_axis',(-3.72896958937396E-16,-0.707106781186549,-0.707106781186546));
#4471=DIRECTION('',(1.,-8.3266726846887E-17,-4.44089209850063E-16));
#4472=DIRECTION('',(-1.,8.3266726846887E-17,4.44089209850063E-16));
#4473=DIRECTION('center_axis',(-0.890939648045674,-0.454121727668089,3.95656684324696E-16));
#4474=DIRECTION('ref_axis',(0.454121727668089,-0.890939648045674,-2.63491916141601E-16));
#4475=DIRECTION('center_axis',(1.,-8.3266726846887E-17,-4.44089209850063E-16));
#4476=DIRECTION('ref_axis',(2.55140024536112E-16,-0.707106781186549,0.707106781186546));
#4477=DIRECTION('',(1.,-8.3266726846887E-17,-4.44089209850063E-16));
#4478=DIRECTION('',(-1.,8.3266726846887E-17,4.44089209850063E-16));
#4479=DIRECTION('center_axis',(-0.890939648045674,-0.454121727668089,3.95656684324696E-16));
#4480=DIRECTION('ref_axis',(0.454121727668089,-0.890939648045674,-1.39849202290133E-16));
#4481=DIRECTION('center_axis',(4.44089209850063E-16,-3.141706095161E-31,
1.));
#4482=DIRECTION('ref_axis',(1.,-8.3266726846887E-17,-4.44089209850063E-16));
#4483=DIRECTION('',(-0.454121727668089,0.890939648045674,2.01670559215867E-16));
#4484=DIRECTION('center_axis',(4.44089209850063E-16,-1.84889274661175E-32,
1.));
#4485=DIRECTION('ref_axis',(1.,-8.3266726846887E-17,-4.44089209850063E-16));
#4486=DIRECTION('',(-0.454121727668089,0.890939648045674,2.01670559215867E-16));
#4487=DIRECTION('center_axis',(0.83482515647602,0.550515175190284,-3.70736844101114E-16));
#4488=DIRECTION('ref_axis',(-0.550515175190284,0.83482515647602,2.44477849159704E-16));
#4489=DIRECTION('',(-4.44089209848534E-16,1.84889274659902E-32,-1.));
#4490=DIRECTION('',(-0.550515175190284,0.83482515647602,2.44477849159704E-16));
#4491=DIRECTION('center_axis',(4.44089209850063E-16,-2.31878104248548E-27,
1.));
#4492=DIRECTION('ref_axis',(1.,-8.3266726846887E-17,-4.44089209850063E-16));
#4493=DIRECTION('center_axis',(0.890939648045674,0.454121727668089,-3.95656684324696E-16));
#4494=DIRECTION('ref_axis',(-0.454121727668089,0.890939648045674,2.01670559215867E-16));
#4495=DIRECTION('',(-4.44089209850062E-16,1.84889274661175E-32,-1.));
#4496=DIRECTION('center_axis',(-0.890939648045674,-0.454121727668089,3.95656684324696E-16));
#4497=DIRECTION('ref_axis',(-0.454121727668089,0.890939648045674,2.01670559215867E-16));
#4498=DIRECTION('',(-4.44089209850063E-16,1.84889274661175E-32,-1.));
#4499=DIRECTION('center_axis',(4.44089209850063E-16,-1.84889274661175E-32,
1.));
#4500=DIRECTION('ref_axis',(1.,-8.3266726846887E-17,-4.44089209850063E-16));
#4501=DIRECTION('',(-0.550515175190284,0.83482515647602,2.44477849160722E-16));
#4502=DIRECTION('center_axis',(-0.83482515647602,-0.550515175190284,3.70736844102391E-16));
#4503=DIRECTION('ref_axis',(-0.550515175190284,0.83482515647602,2.44477849160722E-16));
#4504=DIRECTION('',(-4.44089209850063E-16,1.84889274661175E-32,-1.));
#4505=DIRECTION('',(-0.550515175190284,0.83482515647602,2.44477849160722E-16));
#4506=DIRECTION('center_axis',(0.5,-4.16333634234435E-17,0.866025403784439));
#4507=DIRECTION('ref_axis',(-0.612372435695795,-0.707106781186547,0.353553390593274));
#4508=DIRECTION('',(0.5,-4.16333634234435E-17,0.866025403784439));
#4509=DIRECTION('center_axis',(0.866025403784437,-6.27222613051966E-16,
0.500000000000003));
#4510=DIRECTION('ref_axis',(-0.500000000000003,1.00311470661524E-15,0.866025403784437));
#4511=DIRECTION('',(-0.5,4.16333634234435E-17,-0.866025403784439));
#4512=DIRECTION('center_axis',(-1.40557055304184E-15,-2.03636911808003E-30,
-1.));
#4513=DIRECTION('ref_axis',(1.,-8.32667268468907E-17,-1.40557055304184E-15));
#4514=DIRECTION('center_axis',(-0.5,4.16333634234435E-17,0.866025403784439));
#4515=DIRECTION('ref_axis',(-0.612372435695794,-0.707106781186548,-0.353553390593274));
#4516=DIRECTION('',(-0.5,4.16333634234435E-17,0.866025403784439));
#4517=DIRECTION('',(0.5,-4.16333634234435E-17,-0.866025403784439));
#4518=DIRECTION('center_axis',(1.,-8.3266726846887E-17,3.94430452610506E-31));
#4519=DIRECTION('ref_axis',(2.55140024536113E-16,-0.707106781186548,0.707106781186547));
#4520=DIRECTION('',(1.,-8.3266726846887E-17,3.94430452610506E-31));
#4521=DIRECTION('center_axis',(0.866025403784439,-7.21111007393839E-17,
-0.5));
#4522=DIRECTION('ref_axis',(0.5,-4.16333634234435E-17,0.866025403784438));
#4523=DIRECTION('',(-1.,8.3266726846887E-17,-3.94430452610506E-31));
#4524=DIRECTION('center_axis',(0.5,-4.16333634234435E-17,-0.866025403784439));
#4525=DIRECTION('ref_axis',(0.612372435695794,-0.707106781186548,0.353553390593273));
#4526=DIRECTION('',(-0.5,4.16333634234435E-17,0.866025403784438));
#4527=DIRECTION('',(0.5,-4.16333634234435E-17,-0.866025403784438));
#4528=DIRECTION('center_axis',(-0.500000000000001,4.16333634234435E-17,
-0.866025403784438));
#4529=DIRECTION('ref_axis',(0.612372435695792,-0.70710678118655,-0.353553390593274));
#4530=DIRECTION('center_axis',(-0.866025403784438,1.03359244393117E-15,
-0.5));
#4531=DIRECTION('ref_axis',(0.5,-1.70696790036118E-15,-0.866025403784438));
#4532=DIRECTION('',(0.500000000000001,-4.16333634234435E-17,0.866025403784438));
#4533=DIRECTION('center_axis',(-1.,8.3266726846887E-17,4.44089209850063E-16));
#4534=DIRECTION('ref_axis',(-3.72896958937396E-16,-0.707106781186549,-0.707106781186546));
#4535=DIRECTION('center_axis',(-0.866025403784438,7.21111007393838E-17,
0.500000000000001));
#4536=DIRECTION('ref_axis',(-0.500000000000001,4.16333634234436E-17,-0.866025403784438));
#4537=DIRECTION('',(1.,-8.3266726846887E-17,-4.44089209850063E-16));
#4538=DIRECTION('center_axis',(-0.5,4.16333634234435E-17,0.866025403784439));
#4539=DIRECTION('ref_axis',(-0.612372435695794,-0.707106781186549,-0.353553390593273));
#4540=DIRECTION('',(-0.5,4.16333634234435E-17,0.866025403784439));
#4541=DIRECTION('center_axis',(4.44089209850063E-16,-1.84889274661175E-32,
1.));
#4542=DIRECTION('ref_axis',(-1.,8.3266726846887E-17,4.44089209850063E-16));
#4543=DIRECTION('',(0.5,-4.16333634234435E-17,-0.866025403784439));
#4544=DIRECTION('center_axis',(0.5,-4.16333634234435E-17,0.866025403784439));
#4545=DIRECTION('ref_axis',(-0.612372435695794,-0.707106781186548,0.353553390593273));
#4546=DIRECTION('',(-0.5,4.16333634234435E-17,-0.866025403784439));
#4547=DIRECTION('',(0.5,-4.16333634234435E-17,0.866025403784439));
#4548=DIRECTION('center_axis',(0.866025403784438,-7.21111007393838E-17,
-0.500000000000001));
#4549=DIRECTION('ref_axis',(-0.500000000000001,4.16333634234436E-17,-0.866025403784438));
#4550=DIRECTION('',(0.500000000000001,-4.16333634234436E-17,0.866025403784438));
#4551=DIRECTION('',(8.3266726846887E-17,1.,-1.84889274661175E-32));
#4552=DIRECTION('',(-0.500000000000001,4.16333634234436E-17,-0.866025403784438));
#4553=DIRECTION('',(8.3266726846887E-17,1.,-1.84889274661175E-32));
#4554=DIRECTION('center_axis',(0.86602540378444,-7.2111100739384E-17,0.499999999999998));
#4555=DIRECTION('ref_axis',(0.499999999999998,-4.16333634234434E-17,-0.86602540378444));
#4556=DIRECTION('',(-0.499999999999998,4.16333634234434E-17,0.86602540378444));
#4557=DIRECTION('',(8.3266726846887E-17,1.,-1.84889274661175E-32));
#4558=DIRECTION('',(0.499999999999998,-4.16333634234434E-17,-0.86602540378444));
#4559=DIRECTION('center_axis',(4.44089209850063E-16,-1.84889274661175E-32,
1.));
#4560=DIRECTION('ref_axis',(1.,-8.3266726846887E-17,-4.44089209850063E-16));
#4561=DIRECTION('',(-1.,8.3266726846887E-17,4.44089209850063E-16));
#4562=DIRECTION('',(8.3266726846887E-17,1.,-1.84889274661175E-32));
#4563=DIRECTION('',(1.,-8.3266726846887E-17,-4.44089209850063E-16));
#4564=DIRECTION('center_axis',(-0.866025403784437,7.21111007393837E-17,
0.500000000000003));
#4565=DIRECTION('ref_axis',(0.500000000000003,-4.16333634234437E-17,0.866025403784437));
#4566=DIRECTION('',(-0.500000000000003,4.16333634234437E-17,-0.866025403784437));
#4567=DIRECTION('',(8.3266726846887E-17,1.,-1.84889274661175E-32));
#4568=DIRECTION('',(0.500000000000003,-4.16333634234437E-17,0.866025403784437));
#4569=DIRECTION('center_axis',(-0.866025403784439,7.21111007393839E-17,
-0.499999999999999));
#4570=DIRECTION('ref_axis',(-0.499999999999999,4.16333634234434E-17,0.866025403784439));
#4571=DIRECTION('',(0.499999999999999,-4.16333634234434E-17,-0.866025403784439));
#4572=DIRECTION('',(8.3266726846887E-17,1.,-1.84889274661175E-32));
#4573=DIRECTION('',(-0.499999999999999,4.16333634234434E-17,0.866025403784439));
#4574=DIRECTION('center_axis',(-4.44089209850063E-16,1.84889274661175E-32,
-1.));
#4575=DIRECTION('ref_axis',(-1.,8.3266726846887E-17,4.44089209850063E-16));
#4576=DIRECTION('',(1.,-8.3266726846887E-17,-4.44089209850063E-16));
#4577=DIRECTION('',(-1.,8.3266726846887E-17,4.44089209850063E-16));
#4578=DIRECTION('center_axis',(-0.866025403784439,7.21111007393839E-17,
0.5));
#4579=DIRECTION('ref_axis',(0.5,-4.16333634234435E-17,0.866025403784439));
#4580=DIRECTION('',(8.3266726846887E-17,1.,-1.84889274661175E-32));
#4581=DIRECTION('',(0.5,-4.16333634234435E-17,0.866025403784439));
#4582=DIRECTION('',(8.3266726846887E-17,1.,-1.84889274661175E-32));
#4583=DIRECTION('center_axis',(-3.94430452610506E-31,1.84889274661176E-32,
1.));
#4584=DIRECTION('ref_axis',(1.,-8.3266726846887E-17,3.94430452610506E-31));
#4585=DIRECTION('',(8.3266726846887E-17,1.,-1.84889274661175E-32));
#4586=DIRECTION('',(1.,-8.3266726846887E-17,3.94430452610506E-31));
#4587=DIRECTION('center_axis',(0.866025403784439,-7.21111007393839E-17,
0.5));
#4588=DIRECTION('ref_axis',(0.5,-4.16333634234435E-17,-0.866025403784438));
#4589=DIRECTION('',(0.5,-4.16333634234435E-17,-0.866025403784438));
#4590=DIRECTION('center_axis',(-0.866025403784439,7.21111007393839E-17,
-0.5));
#4591=DIRECTION('ref_axis',(-0.5,4.16333634234435E-17,0.866025403784439));
#4592=DIRECTION('',(-0.5,4.16333634234435E-17,0.866025403784439));
#4593=DIRECTION('center_axis',(-8.3266726846887E-17,-1.,1.84889274661175E-32));
#4594=DIRECTION('ref_axis',(4.44089209850063E-16,-1.84889274661175E-32,
1.));
#4595=DIRECTION('center_axis',(8.3266726846887E-17,1.,-1.84889274661175E-32));
#4596=DIRECTION('ref_axis',(-1.,8.3266726846887E-17,4.44089209850063E-16));
#4597=DIRECTION('center_axis',(-8.3266726846887E-17,-1.,1.84889274661175E-32));
#4598=DIRECTION('ref_axis',(-1.,8.3266726846887E-17,4.44089209850063E-16));
#4599=DIRECTION('center_axis',(0.866025403784439,-7.21111007393839E-17,
-0.5));
#4600=DIRECTION('ref_axis',(-0.5,4.16333634234435E-17,-0.866025403784439));
#4601=DIRECTION('',(0.5,-4.16333634234435E-17,0.866025403784439));
#4602=DIRECTION('',(8.3266726846887E-17,1.,-1.84889274661175E-32));
#4603=DIRECTION('',(8.3266726846887E-17,1.,-1.84889274661175E-32));
#4604=DIRECTION('center_axis',(0.866025403784439,-7.21111007393839E-17,
0.499999999999999));
#4605=DIRECTION('ref_axis',(0.499999999999999,-4.16333634234435E-17,-0.866025403784439));
#4606=DIRECTION('',(-0.499999999999999,4.16333634234435E-17,0.866025403784439));
#4607=DIRECTION('',(8.3266726846887E-17,1.,-1.84889274661175E-32));
#4608=DIRECTION('center_axis',(4.44089209850063E-16,-1.84889274661175E-32,
1.));
#4609=DIRECTION('ref_axis',(1.,-8.3266726846887E-17,-4.44089209850063E-16));
#4610=DIRECTION('',(-1.,8.3266726846887E-17,4.44089209850063E-16));
#4611=DIRECTION('',(8.3266726846887E-17,1.,-1.84889274661175E-32));
#4612=DIRECTION('center_axis',(-0.86602540378444,7.2111100739384E-17,0.499999999999997));
#4613=DIRECTION('ref_axis',(0.499999999999997,-4.16333634234433E-17,0.86602540378444));
#4614=DIRECTION('',(-0.499999999999997,4.16333634234433E-17,-0.86602540378444));
#4615=DIRECTION('',(8.3266726846887E-17,1.,-1.84889274661175E-32));
#4616=DIRECTION('center_axis',(-0.866025403784441,7.2111100739384E-17,-0.499999999999997));
#4617=DIRECTION('ref_axis',(-0.499999999999997,4.16333634234432E-17,0.866025403784441));
#4618=DIRECTION('',(0.499999999999997,-4.16333634234432E-17,-0.866025403784441));
#4619=DIRECTION('',(8.3266726846887E-17,1.,-1.84889274661175E-32));
#4620=DIRECTION('center_axis',(-4.44089209850063E-16,1.84889274661175E-32,
-1.));
#4621=DIRECTION('ref_axis',(-1.,8.3266726846887E-17,4.44089209850063E-16));
#4622=DIRECTION('',(1.,-8.3266726846887E-17,-4.44089209850063E-16));
#4623=DIRECTION('center_axis',(0.866025403784438,-7.21111007393838E-17,
-0.500000000000001));
#4624=DIRECTION('ref_axis',(-0.500000000000001,4.16333634234435E-17,-0.866025403784438));
#4625=DIRECTION('',(8.3266726846887E-17,1.,-1.84889274661175E-32));
#4626=DIRECTION('center_axis',(-4.44089209850063E-16,1.84889274661175E-32,
-1.));
#4627=DIRECTION('ref_axis',(-1.,8.3266726846887E-17,4.44089209850063E-16));
#4628=DIRECTION('',(8.3266726846887E-17,1.,-1.84889274661175E-32));
#4629=DIRECTION('center_axis',(-0.866025403784439,7.21111007393839E-17,
-0.5));
#4630=DIRECTION('ref_axis',(-0.5,4.16333634234435E-17,0.866025403784439));
#4631=DIRECTION('',(8.3266726846887E-17,1.,-1.84889274661175E-32));
#4632=DIRECTION('center_axis',(-0.866025403784439,7.21111007393839E-17,
0.5));
#4633=DIRECTION('ref_axis',(0.5,-4.16333634234435E-17,0.866025403784439));
#4634=DIRECTION('center_axis',(8.3266726846887E-17,1.,-1.84889274661175E-32));
#4635=DIRECTION('ref_axis',(-1.,8.3266726846887E-17,4.44089209850063E-16));
#4636=DIRECTION('center_axis',(8.3266726846887E-17,1.,-1.84889274661175E-32));
#4637=DIRECTION('ref_axis',(-1.,8.3266726846887E-17,4.44089209850063E-16));
#4638=DIRECTION('center_axis',(-8.3266726846887E-17,-1.,1.84889274661175E-32));
#4639=DIRECTION('ref_axis',(-1.,8.3266726846887E-17,4.44089209850063E-16));
#4640=DIRECTION('center_axis',(8.3266726846887E-17,1.,-1.84889274661175E-32));
#4641=DIRECTION('ref_axis',(-1.,8.3266726846887E-17,4.44089209850063E-16));
#4642=DIRECTION('center_axis',(-8.3266726846887E-17,-1.,1.84889274661175E-32));
#4643=DIRECTION('ref_axis',(-1.,8.3266726846887E-17,4.44089209850063E-16));
#4644=DIRECTION('',(8.3266726846887E-17,1.,-1.84889274661175E-32));
#4645=DIRECTION('center_axis',(8.3266726846887E-17,1.,-1.84889274661175E-32));
#4646=DIRECTION('ref_axis',(-1.,8.3266726846887E-17,4.44089209850063E-16));
#4647=DIRECTION('center_axis',(-8.3266726846887E-17,-1.,1.84889274661175E-32));
#4648=DIRECTION('ref_axis',(-1.,8.3266726846887E-17,4.44089209850063E-16));
#4649=DIRECTION('',(8.3266726846887E-17,1.,-1.84889274661175E-32));
#4650=DIRECTION('center_axis',(-1.,-3.34094788871179E-12,4.44089209850063E-16));
#4651=DIRECTION('ref_axis',(4.44089209850063E-16,-1.15917152478933E-27,
1.));
#4652=DIRECTION('',(-1.,-3.34094788871179E-12,4.44089209850063E-16));
#4653=DIRECTION('center_axis',(-1.,-3.34094788871179E-12,4.44089209850063E-16));
#4654=DIRECTION('ref_axis',(4.44089209850063E-16,-1.15917152478933E-27,
1.));
#4655=DIRECTION('',(-1.,-3.34094788871179E-12,4.44089209850063E-16));
#4656=DIRECTION('center_axis',(-1.,-3.34094788871179E-12,4.44089209850063E-16));
#4657=DIRECTION('ref_axis',(4.44089209850063E-16,-1.15917152478933E-27,
1.));
#4658=DIRECTION('',(-1.,-3.34094788871179E-12,4.44089209850063E-16));
#4659=DIRECTION('center_axis',(3.34094788871179E-12,-1.,-2.64285043283758E-27));
#4660=DIRECTION('ref_axis',(-7.91033905045424E-16,4.73778766319261E-32,
-1.));
#4661=DIRECTION('center_axis',(-1.,-3.34168803739487E-12,4.44089209850063E-16));
#4662=DIRECTION('ref_axis',(4.44089209850063E-16,-1.15942831544858E-27,
1.));
#4663=DIRECTION('',(-1.,-3.34168803739487E-12,4.44089209850063E-16));
#4664=DIRECTION('center_axis',(-1.,-3.34168803739487E-12,4.44089209850063E-16));
#4665=DIRECTION('ref_axis',(4.44089209850063E-16,-1.15942831544858E-27,
1.));
#4666=DIRECTION('',(-1.,-3.34168803739487E-12,4.44089209850063E-16));
#4667=DIRECTION('center_axis',(-4.44089209850063E-16,1.15939976570647E-27,
-1.));
#4668=DIRECTION('ref_axis',(-3.3416057483658E-12,1.,2.64337082212867E-27));
#4669=DIRECTION('center_axis',(-1.,3.34103115543864E-12,0.));
#4670=DIRECTION('ref_axis',(2.36246578616618E-12,0.707106781186546,0.707106781186549));
#4671=DIRECTION('center_axis',(1.,-4.26122212192186E-16,3.46944695195361E-16));
#4672=DIRECTION('ref_axis',(2.36246578616618E-12,0.707106781186546,0.707106781186549));
#4673=DIRECTION('',(1.,-3.34103115543864E-12,0.));
#4674=DIRECTION('',(-1.,3.34103115543864E-12,0.));
#4675=DIRECTION('center_axis',(-4.93940855910746E-43,-1.47840841024991E-31,
1.));
#4676=DIRECTION('ref_axis',(4.26122212192186E-16,1.,1.47840841024991E-31));
#4677=DIRECTION('',(4.26122212192186E-16,1.,1.47840841024991E-31));
#4678=DIRECTION('',(-0.454121727668905,-0.890939648045258,0.));
#4679=DIRECTION('',(-1.,0.,-4.93940855910746E-43));
#4680=DIRECTION('center_axis',(-1.,4.26122212192186E-16,-3.46944695195361E-16));
#4681=DIRECTION('ref_axis',(-3.46944695195361E-16,0.,1.));
#4682=DIRECTION('',(3.46944695195361E-16,0.,-1.));
#4683=DIRECTION('center_axis',(1.,-4.26122212192186E-16,3.46944695195361E-16));
#4684=DIRECTION('ref_axis',(2.36246578616618E-12,0.707106781186546,-0.707106781186549));
#4685=DIRECTION('',(-4.26122212192186E-16,-1.,-1.47840841024991E-31));
#4686=DIRECTION('',(-3.46944695195362E-16,-6.80669445648263E-16,1.));
#4687=DIRECTION('',(-4.26122212192186E-16,-1.,-2.95681682049982E-31));
#4688=DIRECTION('',(3.46944695195361E-16,0.,-1.));
#4689=DIRECTION('',(4.26122212192186E-16,1.,0.));
#4690=DIRECTION('',(-3.46944695195362E-16,-6.80669445648262E-16,1.));
#4691=DIRECTION('center_axis',(1.,-4.26122212192186E-16,3.46944695195361E-16));
#4692=DIRECTION('ref_axis',(-3.46944695195361E-16,2.10094471277944E-47,
1.));
#4693=DIRECTION('center_axis',(1.,-4.26122212192186E-16,3.46944695195361E-16));
#4694=DIRECTION('ref_axis',(-3.46944695195361E-16,0.,1.));
#4695=DIRECTION('center_axis',(1.,-4.26122212192186E-16,3.46944695195361E-16));
#4696=DIRECTION('ref_axis',(-3.46944695195361E-16,2.10094471277942E-47,
1.));
#4697=DIRECTION('center_axis',(-1.,3.34177130412172E-12,0.));
#4698=DIRECTION('ref_axis',(2.36298915031908E-12,0.707106781186548,0.707106781186547));
#4699=DIRECTION('center_axis',(1.,-3.34168901509265E-12,3.46944695195361E-16));
#4700=DIRECTION('ref_axis',(2.36298915031908E-12,0.707106781186548,0.707106781186547));
#4701=DIRECTION('',(1.,-3.34177130412172E-12,0.));
#4702=DIRECTION('',(-1.,3.34177130412172E-12,0.));
#4703=DIRECTION('center_axis',(3.34177130412172E-12,1.,1.15940982652112E-27));
#4704=DIRECTION('ref_axis',(3.46944695195361E-16,0.,-1.));
#4705=DIRECTION('',(1.,-3.34177130412172E-12,0.));
#4706=DIRECTION('',(3.46944695195361E-16,0.,-1.));
#4707=DIRECTION('center_axis',(-1.,3.34177130412172E-12,0.));
#4708=DIRECTION('ref_axis',(2.36298915031908E-12,0.707106781186547,-0.707106781186548));
#4709=DIRECTION('center_axis',(1.,-3.34168901509265E-12,3.46944695195361E-16));
#4710=DIRECTION('ref_axis',(2.36298915031908E-12,0.707106781186547,-0.707106781186548));
#4711=DIRECTION('',(-1.,3.34177130412172E-12,0.));
#4712=DIRECTION('center_axis',(-1.,3.34168901509265E-12,-3.46944695195361E-16));
#4713=DIRECTION('ref_axis',(-3.46944695195361E-16,0.,1.));
#4714=DIRECTION('',(-4.26122212192186E-16,-1.,-1.47840841024991E-31));
#4715=DIRECTION('',(-3.46944695195361E-16,-1.1593527270369E-27,1.));
#4716=DIRECTION('',(-3.34168901509265E-12,-1.,-2.31876255355801E-27));
#4717=DIRECTION('',(3.46944695195361E-16,0.,-1.));
#4718=DIRECTION('',(3.34168901509265E-12,1.,0.));
#4719=DIRECTION('',(-3.46944695195361E-16,1.15940982652111E-27,1.));
#4720=DIRECTION('',(3.34168901509265E-12,1.,1.15938127677901E-27));
#4721=DIRECTION('center_axis',(1.,-4.26122212192186E-16,3.46944695195361E-16));
#4722=DIRECTION('ref_axis',(-3.46944695195361E-16,-3.38862050448294E-47,
1.));
#4723=DIRECTION('center_axis',(1.,-4.26122212192186E-16,3.46944695195361E-16));
#4724=DIRECTION('ref_axis',(-3.46944695195361E-16,-2.10094471277942E-47,
1.));
#4725=DIRECTION('center_axis',(4.94050280114536E-43,1.47840841024991E-31,
-1.));
#4726=DIRECTION('ref_axis',(-4.26122212192186E-16,-1.,-1.47840841024991E-31));
#4727=DIRECTION('',(1.,0.,4.94050280114536E-43));
#4728=DIRECTION('',(0.550515175190284,0.83482515647602,-1.01817804195308E-27));
#4729=DIRECTION('center_axis',(-1.,3.34103115543864E-12,0.));
#4730=DIRECTION('ref_axis',(2.36246578616618E-12,0.707106781186546,-0.707106781186549));
#4731=DIRECTION('',(1.,-3.34103115543864E-12,0.));
#4732=DIRECTION('',(-1.,3.34103115543864E-12,0.));
#4733=DIRECTION('center_axis',(4.93940855910746E-43,1.47840841024991E-31,
-1.));
#4734=DIRECTION('ref_axis',(-4.26122212192186E-16,-1.,-1.47840841024991E-31));
#4735=DIRECTION('',(1.,0.,4.93940855910746E-43));
#4736=DIRECTION('',(-0.454121727668905,-0.890939648045258,0.));
#4737=DIRECTION('center_axis',(-1.,0.,-4.93940855910746E-43));
#4738=DIRECTION('ref_axis',(0.,-0.707106781186549,0.707106781186546));
#4739=DIRECTION('center_axis',(-0.499999999999999,0.,0.866025403784439));
#4740=DIRECTION('ref_axis',(0.866025403784439,0.,0.499999999999999));
#4741=DIRECTION('',(-1.,0.,-4.93940855910746E-43));
#4742=DIRECTION('center_axis',(-0.890939648045674,0.454121727668089,1.34275476291464E-31));
#4743=DIRECTION('ref_axis',(-0.454121727668089,-0.890939648045674,6.18213569257338E-17));
#4744=DIRECTION('',(-1.,0.,-4.93940855910746E-43));
#4745=DIRECTION('center_axis',(0.499999999999999,0.,0.866025403784439));
#4746=DIRECTION('ref_axis',(-0.866025403784439,0.,0.499999999999999));
#4747=DIRECTION('',(1.,0.,4.93940855910746E-43));
#4748=DIRECTION('center_axis',(0.,-1.,0.));
#4749=DIRECTION('ref_axis',(1.,0.,0.));
#4750=DIRECTION('',(0.5,0.,0.866025403784439));
#4751=DIRECTION('',(-0.5,0.,0.866025403784439));
#4752=DIRECTION('',(0.5,0.,0.866025403784438));
#4753=DIRECTION('',(-0.5,0.,0.866025403784439));
#4754=DIRECTION('',(-1.,0.,4.44089209850063E-16));
#4755=DIRECTION('',(-0.500000000000001,0.,-0.866025403784438));
#4756=DIRECTION('',(1.,0.,3.87438708127609E-39));
#4757=DIRECTION('',(0.,0.,-1.));
#4758=DIRECTION('',(-1.,0.,0.));
#4759=DIRECTION('',(-3.46944695195361E-16,0.,1.));
#4760=DIRECTION('',(1.,0.,7.74877416255217E-39));
#4761=DIRECTION('',(-1.52907942877361E-27,0.,-1.));
#4762=DIRECTION('',(-1.,0.,-4.94050280114536E-43));
#4763=DIRECTION('',(1.,0.,4.93940855910746E-43));
#4764=DIRECTION('',(0.,0.,-1.));
#4765=DIRECTION('',(-1.,0.,0.));
#4766=DIRECTION('',(-3.46944695195361E-16,0.,1.));
#4767=DIRECTION('',(1.,0.,9.87881711821491E-43));
#4768=DIRECTION('',(-1.50712202095849E-31,0.,-1.));
#4769=DIRECTION('center_axis',(0.,-1.,0.));
#4770=DIRECTION('ref_axis',(1.,0.,0.));
#4771=DIRECTION('',(0.5,0.,-0.866025403784438));
#4772=DIRECTION('center_axis',(-1.,0.,-4.94050280114536E-43));
#4773=DIRECTION('ref_axis',(0.,-0.707106781186546,0.707106781186549));
#4774=DIRECTION('center_axis',(-0.83482515647602,0.550515175190284,1.27651397339019E-27));
#4775=DIRECTION('ref_axis',(-0.550515175190284,-0.83482515647602,-1.15855263781997E-16));
#4776=DIRECTION('center_axis',(-1.,0.,-4.93940855910746E-43));
#4777=DIRECTION('ref_axis',(0.,-0.707106781186546,-0.707106781186549));
#4778=DIRECTION('center_axis',(-0.890939648045674,0.454121727668089,0.));
#4779=DIRECTION('ref_axis',(-0.454121727668089,-0.890939648045674,0.));
#4780=DIRECTION('center_axis',(-1.,0.,-3.87438708127609E-39));
#4781=DIRECTION('ref_axis',(0.,-0.707106781186548,-0.707106781186548));
#4782=DIRECTION('center_axis',(-0.83482515647602,0.550515175190284,0.));
#4783=DIRECTION('ref_axis',(-0.550515175190284,-0.83482515647602,0.));
#4784=DIRECTION('',(-1.,0.,-3.87438708127609E-39));
#4785=DIRECTION('center_axis',(-3.46944695195361E-16,0.,1.));
#4786=DIRECTION('ref_axis',(0.707106781185366,-0.707106781187729,0.));
#4787=DIRECTION('center_axis',(-0.707106781186548,0.,0.707106781186548));
#4788=DIRECTION('ref_axis',(-0.707106781186548,0.,-0.707106781186548));
#4789=DIRECTION('center_axis',(-0.707106781186548,0.,-0.707106781186547));
#4790=DIRECTION('ref_axis',(0.707106781186547,0.,-0.707106781186548));
#4791=DIRECTION('center_axis',(1.,0.,0.));
#4792=DIRECTION('ref_axis',(0.,-0.707106781186548,0.707106781186547));
#4793=DIRECTION('center_axis',(-0.83482515647602,0.550515175190284,0.));
#4794=DIRECTION('ref_axis',(-0.550515175190284,-0.83482515647602,1.73782895672996E-16));
#4795=DIRECTION('',(1.,0.,0.));
#4796=DIRECTION('center_axis',(-1.,0.,-7.74877416255217E-39));
#4797=DIRECTION('ref_axis',(0.,-0.707106781186548,-0.707106781186548));
#4798=DIRECTION('',(-1.,0.,-7.74877416255217E-39));
#4799=DIRECTION('center_axis',(-0.83482515647602,0.550515175190284,1.27651397339019E-27));
#4800=DIRECTION('ref_axis',(-0.550515175190284,-0.83482515647602,0.));
#4801=DIRECTION('center_axis',(-3.46944695195361E-16,0.,1.));
#4802=DIRECTION('ref_axis',(0.707106781186548,-0.707106781186548,0.));
#4803=DIRECTION('center_axis',(-0.707106781186546,0.,-0.707106781186549));
#4804=DIRECTION('ref_axis',(0.707106781186549,0.,-0.707106781186546));
#4805=DIRECTION('center_axis',(-0.707106781186548,0.,0.707106781186547));
#4806=DIRECTION('ref_axis',(-0.707106781186547,0.,-0.707106781186548));
#4807=DIRECTION('center_axis',(-1.,0.,-9.87881711821491E-43));
#4808=DIRECTION('ref_axis',(0.,-0.707106781186549,-0.707106781186546));
#4809=DIRECTION('',(-1.,0.,-9.87881711821491E-43));
#4810=DIRECTION('center_axis',(-0.890939648045674,0.454121727668089,1.34275476291464E-31));
#4811=DIRECTION('ref_axis',(-0.454121727668089,-0.890939648045674,-6.18213569257338E-17));
#4812=DIRECTION('center_axis',(1.,0.,0.));
#4813=DIRECTION('ref_axis',(0.,-0.707106781186549,0.707106781186546));
#4814=DIRECTION('center_axis',(-0.890939648045674,0.454121727668089,0.));
#4815=DIRECTION('ref_axis',(-0.454121727668089,-0.890939648045674,6.18213569257338E-17));
#4816=DIRECTION('',(1.,0.,0.));
#4817=DIRECTION('center_axis',(9.87881711821491E-43,2.95681682049982E-31,
-1.));
#4818=DIRECTION('ref_axis',(-1.,1.46049263108897E-73,-9.87881711821491E-43));
#4819=DIRECTION('',(0.454121727668089,0.890939648045674,-3.15390533966513E-31));
#4820=DIRECTION('center_axis',(0.,0.,-1.));
#4821=DIRECTION('ref_axis',(-1.,0.,0.));
#4822=DIRECTION('',(0.454121727668089,0.890939648045674,0.));
#4823=DIRECTION('center_axis',(0.83482515647602,-0.550515175190284,-1.27651397339019E-27));
#4824=DIRECTION('ref_axis',(0.550515175190284,0.83482515647602,-1.01817804195308E-27));
#4825=DIRECTION('',(0.550515175190284,0.83482515647602,-1.01817804195308E-27));
#4826=DIRECTION('center_axis',(7.74877416255217E-39,2.31876255355801E-27,
-1.));
#4827=DIRECTION('ref_axis',(-1.,8.98378368205192E-66,-7.74877416255217E-39));
#4828=DIRECTION('center_axis',(0.,-1.,0.));
#4829=DIRECTION('ref_axis',(1.,0.,0.));
#4830=DIRECTION('center_axis',(0.,1.,0.));
#4831=DIRECTION('ref_axis',(1.,0.,0.));
#4832=DIRECTION('center_axis',(0.,1.,0.));
#4833=DIRECTION('ref_axis',(1.,0.,0.));
#4834=DIRECTION('center_axis',(0.890939648045674,-0.454121727668089,-1.34275476291464E-31));
#4835=DIRECTION('ref_axis',(0.454121727668089,0.890939648045674,-3.15390533966513E-31));
#4836=DIRECTION('center_axis',(-0.890939648045674,0.454121727668089,0.));
#4837=DIRECTION('ref_axis',(0.454121727668089,0.890939648045674,0.));
#4838=DIRECTION('center_axis',(0.,0.,-1.));
#4839=DIRECTION('ref_axis',(-1.,0.,0.));
#4840=DIRECTION('',(0.550515175190284,0.83482515647602,0.));
#4841=DIRECTION('center_axis',(-0.83482515647602,0.550515175190284,0.));
#4842=DIRECTION('ref_axis',(0.550515175190284,0.83482515647602,0.));
#4843=DIRECTION('',(0.550515175190284,0.83482515647602,0.));
#4844=DIRECTION('center_axis',(0.5,0.,-0.866025403784439));
#4845=DIRECTION('ref_axis',(0.612372435695795,-0.707106781186547,0.353553390593274));
#4846=DIRECTION('center_axis',(-9.61481343191781E-16,2.13491744991807E-30,
1.));
#4847=DIRECTION('ref_axis',(-1.,-3.6977854932235E-30,-9.61481343191781E-16));
#4848=DIRECTION('',(0.5,0.,-0.866025403784439));
#4849=DIRECTION('center_axis',(0.866025403784437,5.55111512312582E-16,-0.500000000000003));
#4850=DIRECTION('ref_axis',(0.500000000000003,9.61481343191796E-16,0.866025403784437));
#4851=DIRECTION('center_axis',(-0.5,0.,-0.866025403784438));
#4852=DIRECTION('ref_axis',(0.612372435695794,-0.707106781186548,-0.353553390593275));
#4853=DIRECTION('',(-0.5,0.,-0.866025403784438));
#4854=DIRECTION('center_axis',(1.,0.,-4.44089209850063E-16));
#4855=DIRECTION('ref_axis',(0.,-0.707106781186548,0.707106781186547));
#4856=DIRECTION('',(1.,0.,-4.44089209850063E-16));
#4857=DIRECTION('center_axis',(0.866025403784439,0.,0.5));
#4858=DIRECTION('ref_axis',(-0.5,0.,0.866025403784439));
#4859=DIRECTION('center_axis',(0.500000000000001,0.,0.866025403784438));
#4860=DIRECTION('ref_axis',(-0.612372435695794,-0.707106781186548,0.353553390593273));
#4861=DIRECTION('',(0.500000000000001,0.,0.866025403784438));
#4862=DIRECTION('center_axis',(-0.5,0.,0.866025403784438));
#4863=DIRECTION('ref_axis',(-0.612372435695792,-0.70710678118655,-0.353553390593273));
#4864=DIRECTION('',(-0.5,0.,0.866025403784438));
#4865=DIRECTION('center_axis',(-0.866025403784438,-9.61481343191782E-16,
0.500000000000001));
#4866=DIRECTION('ref_axis',(-0.500000000000001,-1.66533453693774E-15,-0.866025403784438));
#4867=DIRECTION('center_axis',(-1.,0.,0.));
#4868=DIRECTION('ref_axis',(0.,-0.707106781186549,-0.707106781186546));
#4869=DIRECTION('',(-1.,0.,0.));
#4870=DIRECTION('center_axis',(-0.866025403784438,0.,-0.500000000000001));
#4871=DIRECTION('ref_axis',(0.500000000000001,0.,-0.866025403784438));
#4872=DIRECTION('center_axis',(-0.5,0.,-0.866025403784439));
#4873=DIRECTION('ref_axis',(0.612372435695793,-0.707106781186549,-0.353553390593273));
#4874=DIRECTION('',(-0.5,0.,-0.866025403784439));
#4875=DIRECTION('center_axis',(0.,0.,-1.));
#4876=DIRECTION('ref_axis',(1.,0.,0.));
#4877=DIRECTION('center_axis',(0.5,0.,-0.866025403784439));
#4878=DIRECTION('ref_axis',(0.612372435695794,-0.707106781186548,0.353553390593273));
#4879=DIRECTION('',(0.5,0.,-0.866025403784439));
#4880=DIRECTION('center_axis',(0.866025403784438,0.,0.500000000000001));
#4881=DIRECTION('ref_axis',(0.500000000000001,0.,-0.866025403784438));
#4882=DIRECTION('',(-0.500000000000001,0.,0.866025403784438));
#4883=DIRECTION('',(0.,1.,0.));
#4884=DIRECTION('',(0.,1.,0.));
#4885=DIRECTION('center_axis',(0.86602540378444,0.,-0.499999999999998));
#4886=DIRECTION('ref_axis',(-0.499999999999998,0.,-0.86602540378444));
#4887=DIRECTION('',(0.499999999999998,0.,0.86602540378444));
#4888=DIRECTION('',(0.,1.,0.));
#4889=DIRECTION('center_axis',(0.,0.,-1.));
#4890=DIRECTION('ref_axis',(-1.,0.,0.));
#4891=DIRECTION('',(1.,0.,0.));
#4892=DIRECTION('',(0.,1.,0.));
#4893=DIRECTION('center_axis',(-0.866025403784437,0.,-0.500000000000002));
#4894=DIRECTION('ref_axis',(-0.500000000000002,0.,0.866025403784437));
#4895=DIRECTION('',(0.500000000000002,0.,-0.866025403784437));
#4896=DIRECTION('',(0.,1.,0.));
#4897=DIRECTION('center_axis',(-0.866025403784439,0.,0.5));
#4898=DIRECTION('ref_axis',(0.5,0.,0.866025403784439));
#4899=DIRECTION('',(-0.5,0.,-0.866025403784439));
#4900=DIRECTION('',(0.,1.,0.));
#4901=DIRECTION('center_axis',(0.,0.,1.));
#4902=DIRECTION('ref_axis',(1.,0.,0.));
#4903=DIRECTION('',(-1.,0.,0.));
#4904=DIRECTION('center_axis',(-0.866025403784439,0.,-0.5));
#4905=DIRECTION('ref_axis',(-0.5,0.,0.866025403784439));
#4906=DIRECTION('',(0.,1.,0.));
#4907=DIRECTION('',(0.,1.,0.));
#4908=DIRECTION('center_axis',(-4.44089209850063E-16,0.,-1.));
#4909=DIRECTION('ref_axis',(-1.,0.,4.44089209850063E-16));
#4910=DIRECTION('',(0.,1.,0.));
#4911=DIRECTION('center_axis',(0.866025403784438,0.,-0.500000000000001));
#4912=DIRECTION('ref_axis',(-0.500000000000001,0.,-0.866025403784438));
#4913=DIRECTION('center_axis',(-0.866025403784438,0.,0.5));
#4914=DIRECTION('ref_axis',(0.5,0.,0.866025403784438));
#4915=DIRECTION('center_axis',(0.,-1.,0.));
#4916=DIRECTION('ref_axis',(1.,0.,0.));
#4917=DIRECTION('center_axis',(0.,-1.,0.));
#4918=DIRECTION('ref_axis',(1.,0.,0.));
#4919=DIRECTION('center_axis',(0.,1.,0.));
#4920=DIRECTION('ref_axis',(1.,0.,0.));
#4921=DIRECTION('center_axis',(0.866025403784439,0.,0.499999999999999));
#4922=DIRECTION('ref_axis',(0.499999999999999,0.,-0.866025403784439));
#4923=DIRECTION('',(-0.499999999999999,0.,0.866025403784439));
#4924=DIRECTION('',(0.,1.,0.));
#4925=DIRECTION('',(0.499999999999999,0.,-0.866025403784439));
#4926=DIRECTION('',(0.,1.,0.));
#4927=DIRECTION('center_axis',(0.866025403784439,0.,-0.5));
#4928=DIRECTION('ref_axis',(-0.5,0.,-0.866025403784439));
#4929=DIRECTION('',(0.5,0.,0.866025403784439));
#4930=DIRECTION('',(-0.5,0.,-0.866025403784439));
#4931=DIRECTION('',(0.,1.,0.));
#4932=DIRECTION('center_axis',(0.,0.,-1.));
#4933=DIRECTION('ref_axis',(-1.,0.,0.));
#4934=DIRECTION('',(1.,0.,0.));
#4935=DIRECTION('',(-1.,0.,0.));
#4936=DIRECTION('',(0.,1.,0.));
#4937=DIRECTION('center_axis',(-0.86602540378444,0.,-0.499999999999997));
#4938=DIRECTION('ref_axis',(-0.499999999999997,0.,0.86602540378444));
#4939=DIRECTION('',(0.499999999999997,0.,-0.86602540378444));
#4940=DIRECTION('',(-0.499999999999997,0.,0.86602540378444));
#4941=DIRECTION('',(0.,1.,0.));
#4942=DIRECTION('center_axis',(-0.86602540378444,0.,0.499999999999997));
#4943=DIRECTION('ref_axis',(0.499999999999997,0.,0.86602540378444));
#4944=DIRECTION('',(-0.499999999999997,0.,-0.86602540378444));
#4945=DIRECTION('',(0.499999999999997,0.,0.86602540378444));
#4946=DIRECTION('',(0.,1.,0.));
#4947=DIRECTION('center_axis',(0.,0.,1.));
#4948=DIRECTION('ref_axis',(1.,0.,0.));
#4949=DIRECTION('',(-1.,0.,0.));
#4950=DIRECTION('',(1.,0.,0.));
#4951=DIRECTION('center_axis',(0.866025403784438,0.,0.5));
#4952=DIRECTION('ref_axis',(0.5,0.,-0.866025403784438));
#4953=DIRECTION('',(0.5,0.,-0.866025403784438));
#4954=DIRECTION('',(0.,1.,0.));
#4955=DIRECTION('center_axis',(0.,0.,1.));
#4956=DIRECTION('ref_axis',(1.,0.,0.));
#4957=DIRECTION('',(1.,0.,0.));
#4958=DIRECTION('',(0.,1.,0.));
#4959=DIRECTION('center_axis',(-0.866025403784439,0.,0.5));
#4960=DIRECTION('ref_axis',(0.5,0.,0.866025403784439));
#4961=DIRECTION('',(0.5,0.,0.866025403784439));
#4962=DIRECTION('',(0.,1.,0.));
#4963=DIRECTION('center_axis',(-0.866025403784439,0.,-0.5));
#4964=DIRECTION('ref_axis',(-0.5,0.,0.866025403784439));
#4965=DIRECTION('',(-0.5,0.,0.866025403784439));
#4966=DIRECTION('center_axis',(0.,1.,0.));
#4967=DIRECTION('ref_axis',(0.,0.,1.));
#4968=DIRECTION('center_axis',(0.,-1.,0.));
#4969=DIRECTION('ref_axis',(1.,0.,0.));
#4970=DIRECTION('center_axis',(0.,1.,0.));
#4971=DIRECTION('ref_axis',(1.,0.,0.));
#4972=DIRECTION('center_axis',(0.,-1.,0.));
#4973=DIRECTION('ref_axis',(1.,0.,0.));
#4974=DIRECTION('',(0.,1.,0.));
#4975=DIRECTION('center_axis',(0.,-1.,0.));
#4976=DIRECTION('ref_axis',(1.,0.,0.));
#4977=DIRECTION('',(0.,1.,0.));
#4978=DIRECTION('center_axis',(-1.,3.34103115543864E-12,0.));
#4979=DIRECTION('ref_axis',(0.,-1.15915303586186E-27,1.));
#4980=DIRECTION('',(1.,-3.34103115543864E-12,0.));
#4981=DIRECTION('center_axis',(-1.,3.34103115543864E-12,0.));
#4982=DIRECTION('ref_axis',(0.,-1.15915303586186E-27,1.));
#4983=DIRECTION('',(1.,-3.34103115543864E-12,0.));
#4984=DIRECTION('center_axis',(-1.,3.34103115543864E-12,0.));
#4985=DIRECTION('ref_axis',(0.,-1.15915303586186E-27,1.));
#4986=DIRECTION('',(1.,-3.34103115543864E-12,0.));
#4987=DIRECTION('center_axis',(3.34103115543864E-12,1.,1.15915303586186E-27));
#4988=DIRECTION('ref_axis',(3.46944695195361E-16,0.,-1.));
#4989=DIRECTION('center_axis',(-1.,3.34177130412172E-12,0.));
#4990=DIRECTION('ref_axis',(0.,-1.15940982652112E-27,1.));
#4991=DIRECTION('',(1.,-3.34177130412172E-12,0.));
#4992=DIRECTION('center_axis',(-1.,3.34177130412172E-12,0.));
#4993=DIRECTION('ref_axis',(0.,-1.15940982652112E-27,1.));
#4994=DIRECTION('',(1.,-3.34177130412172E-12,0.));
#4995=DIRECTION('center_axis',(-3.87438708127609E-39,-1.15938127677901E-27,
1.));
#4996=DIRECTION('ref_axis',(3.34168901509265E-12,1.,1.15938127677901E-27));
#4997=CARTESIAN_POINT('',(0.,0.,0.));
#4998=CARTESIAN_POINT('Origin',(-58.4250000000001,-12.5000000000317,-52.5));
#4999=CARTESIAN_POINT('',(-58.4250000000001,-16.5000000000317,-32.5));
#5000=CARTESIAN_POINT('',(-58.4250000000001,-16.5000000000317,-52.5));
#5001=CARTESIAN_POINT('',(-58.4250000000001,-16.5000000000317,-46.6259716035739));
#5002=CARTESIAN_POINT('',(-58.4250000000001,-12.5000000000317,-32.5));
#5003=CARTESIAN_POINT('',(-58.4250000000001,-12.5000000000317,-32.5));
#5004=CARTESIAN_POINT('',(-58.4250000000001,-12.5000000000317,-52.5));
#5005=CARTESIAN_POINT('',(-58.4250000000001,-12.5000000000317,-46.6259716035739));
#5006=CARTESIAN_POINT('',(-58.4250000000001,-12.5000000000317,-52.5));
#5007=CARTESIAN_POINT('Origin',(-59.9250000000001,-12.5000000000317,-52.5));
#5008=CARTESIAN_POINT('',(-61.4250000000001,-16.5000000000317,-52.5));
#5009=CARTESIAN_POINT('Origin',(-59.9250000000001,-16.5000000000317,-52.5));
#5010=CARTESIAN_POINT('',(-61.4250000000001,-12.5000000000317,-52.5));
#5011=CARTESIAN_POINT('Origin',(-59.9250000000001,-12.5000000000317,-52.5));
#5012=CARTESIAN_POINT('',(-61.4250000000001,-12.5000000000317,-52.5));
#5013=CARTESIAN_POINT('Origin',(-61.4250000000001,-12.5000000000317,-32.5));
#5014=CARTESIAN_POINT('',(-61.4250000000001,-16.5000000000317,-32.5));
#5015=CARTESIAN_POINT('',(-61.4250000000001,-16.5000000000317,-36.6259716035739));
#5016=CARTESIAN_POINT('',(-61.4250000000001,-12.5000000000317,-32.5));
#5017=CARTESIAN_POINT('',(-61.4250000000001,-12.5000000000317,-36.6259716035739));
#5018=CARTESIAN_POINT('',(-61.4250000000001,-12.5000000000317,-32.5));
#5019=CARTESIAN_POINT('Origin',(-59.9250000000001,-12.5000000000317,-32.5));
#5020=CARTESIAN_POINT('Origin',(-59.9250000000001,-16.5000000000317,-32.5));
#5021=CARTESIAN_POINT('Origin',(-59.9250000000001,-12.5000000000317,-32.5));
#5022=CARTESIAN_POINT('Origin',(-38.575,-12.5000000000317,-52.4999999999999));
#5023=CARTESIAN_POINT('',(-38.575,-16.5000000000317,-32.4999999999999));
#5024=CARTESIAN_POINT('',(-38.575,-16.5000000000317,-52.4999999999999));
#5025=CARTESIAN_POINT('',(-38.575,-16.5000000000317,-46.6259716035739));
#5026=CARTESIAN_POINT('',(-38.575,-12.5000000000317,-32.4999999999999));
#5027=CARTESIAN_POINT('',(-38.575,-12.5000000000317,-32.4999999999999));
#5028=CARTESIAN_POINT('',(-38.575,-12.5000000000317,-52.4999999999999));
#5029=CARTESIAN_POINT('',(-38.575,-12.5000000000317,-46.6259716035739));
#5030=CARTESIAN_POINT('',(-38.575,-12.5000000000317,-52.4999999999999));
#5031=CARTESIAN_POINT('Origin',(-40.075,-12.5000000000317,-52.4999999999999));
#5032=CARTESIAN_POINT('',(-41.575,-16.5000000000317,-52.4999999999999));
#5033=CARTESIAN_POINT('Origin',(-40.075,-16.5000000000317,-52.4999999999999));
#5034=CARTESIAN_POINT('',(-41.575,-12.5000000000317,-52.4999999999999));
#5035=CARTESIAN_POINT('Origin',(-40.075,-12.5000000000317,-52.4999999999999));
#5036=CARTESIAN_POINT('',(-41.575,-12.5000000000317,-52.4999999999999));
#5037=CARTESIAN_POINT('Origin',(-41.575,-12.5000000000317,-32.4999999999999));
#5038=CARTESIAN_POINT('',(-41.575,-16.5000000000317,-32.4999999999999));
#5039=CARTESIAN_POINT('',(-41.575,-16.5000000000317,-36.6259716035739));
#5040=CARTESIAN_POINT('',(-41.575,-12.5000000000317,-32.4999999999999));
#5041=CARTESIAN_POINT('',(-41.575,-12.5000000000317,-36.6259716035739));
#5042=CARTESIAN_POINT('',(-41.575,-12.5000000000317,-32.4999999999999));
#5043=CARTESIAN_POINT('Origin',(-40.075,-12.5000000000317,-32.4999999999999));
#5044=CARTESIAN_POINT('Origin',(-40.075,-16.5000000000317,-32.4999999999999));
#5045=CARTESIAN_POINT('Origin',(-40.075,-12.5000000000317,-32.4999999999999));
#5046=CARTESIAN_POINT('Origin',(-86.4999999999792,-6.25000000007017,-100.830127018947));
#5047=CARTESIAN_POINT('',(-86.4999999999437,-16.5000000000317,-104.830127018923));
#5048=CARTESIAN_POINT('',(-90.4999999999988,-16.5000000000317,-100.830127018947));
#5049=CARTESIAN_POINT('Origin',(-86.499999999945,-16.5000000002214,-100.830127018947));
#5050=CARTESIAN_POINT('',(-90.4999999999988,-12.5000000000317,-100.830127018947));
#5051=CARTESIAN_POINT('',(-90.4999999999792,-6.25000000008354,-100.830127018947));
#5052=CARTESIAN_POINT('',(-88.2260835691697,-12.5000000000317,-104.438538790364));
#5053=CARTESIAN_POINT('Origin',(-86.4999999999583,-12.500000000086,-100.830127018947));
#5054=CARTESIAN_POINT('',(-88.226083569162,-6.50000000003174,-104.438538790377));
#5055=CARTESIAN_POINT('',(-88.2260835691617,-6.25000000007594,-104.438538790378));
#5056=CARTESIAN_POINT('',(-86.4999999999771,-6.50000000003174,-104.830127018923));
#5057=CARTESIAN_POINT('Origin',(-86.4999999999784,-6.50000000003508,-100.830127018947));
#5058=CARTESIAN_POINT('',(-86.4999999999779,-6.25000000007017,-104.830127018947));
#5059=CARTESIAN_POINT('Origin',(-50.,-12.5000000000317,-104.830127018935));
#5060=CARTESIAN_POINT('',(-83.0000000000001,-6.50000000003174,-104.830127018925));
#5061=CARTESIAN_POINT('',(-90.5000000000001,-6.50000000003174,-104.830127018922));
#5062=CARTESIAN_POINT('',(-83.0000000000001,-10.5000000000317,-104.830127018925));
#5063=CARTESIAN_POINT('',(-83.0000000000001,-12.5000000000317,-104.830127018925));
#5064=CARTESIAN_POINT('',(-80.6905989232435,-12.5000000000317,-104.830127018925));
#5065=CARTESIAN_POINT('Origin',(-80.6905989232435,-10.5000000000317,-104.830127018925));
#5066=CARTESIAN_POINT('',(-19.3094010767566,-12.5000000000317,-104.830127018925));
#5067=CARTESIAN_POINT('',(-90.5000000000001,-12.5000000000317,-104.830127018922));
#5068=CARTESIAN_POINT('',(-17.,-10.5000000000317,-104.830127018925));
#5069=CARTESIAN_POINT('Origin',(-19.3094010767566,-10.5000000000317,-104.830127018925));
#5070=CARTESIAN_POINT('',(-17.,-6.50000000003175,-104.830127018925));
#5071=CARTESIAN_POINT('',(-17.,-12.5000000000317,-104.830127018925));
#5072=CARTESIAN_POINT('',(-13.5000000000204,-6.50000000003175,-104.830127018923));
#5073=CARTESIAN_POINT('',(-9.49999999999999,-6.50000000003175,-104.830127018922));
#5074=CARTESIAN_POINT('',(-13.5000000000538,-16.5000000000318,-104.830127018947));
#5075=CARTESIAN_POINT('',(-13.5000000000196,-6.25000000007017,-104.830127018923));
#5076=CARTESIAN_POINT('',(-90.5000000000001,-16.5000000000317,-104.830127018922));
#5077=CARTESIAN_POINT('Origin',(-85.5000000000001,-6.50000000003174,-100.500000000001));
#5078=CARTESIAN_POINT('',(-90.5000000000001,-6.50000000003174,-100.5));
#5079=CARTESIAN_POINT('',(-88.0000000000001,-6.50000000003174,-104.830127018922));
#5080=CARTESIAN_POINT('',(-88.0000000000001,-6.50000000003174,-96.1698729810778));
#5081=CARTESIAN_POINT('',(-90.5000000000001,-6.50000000003174,-100.5));
#5082=CARTESIAN_POINT('',(-83.0000000000001,-6.50000000003174,-96.1698729810778));
#5083=CARTESIAN_POINT('',(-88.0000000000001,-6.50000000003174,-96.1698729810778));
#5084=CARTESIAN_POINT('',(-80.5000000000001,-6.50000000003174,-100.5));
#5085=CARTESIAN_POINT('',(-83.0000000000001,-6.50000000003174,-96.1698729810778));
#5086=CARTESIAN_POINT('',(-80.5000000000001,-6.50000000003174,-100.5));
#5087=CARTESIAN_POINT('',(-83.9988893001071,-6.50000000003174,-103.1));
#5088=CARTESIAN_POINT('',(-87.0011106998931,-6.50000000003174,-103.1));
#5089=CARTESIAN_POINT('',(-83.9988893001071,-6.50000000003174,-103.1));
#5090=CARTESIAN_POINT('',(-82.497778600214,-6.50000000003174,-100.5));
#5091=CARTESIAN_POINT('',(-82.497778600214,-6.50000000003174,-100.5));
#5092=CARTESIAN_POINT('',(-83.9988893001071,-6.50000000003174,-97.9));
#5093=CARTESIAN_POINT('',(-83.9988893001071,-6.50000000003174,-97.9));
#5094=CARTESIAN_POINT('',(-87.0011106998931,-6.50000000003174,-97.9));
#5095=CARTESIAN_POINT('',(-87.0011106998931,-6.50000000003174,-97.9));
#5096=CARTESIAN_POINT('',(-88.5022213997861,-6.50000000003174,-100.5));
#5097=CARTESIAN_POINT('',(-88.5022213997861,-6.50000000003174,-100.5));
#5098=CARTESIAN_POINT('',(-87.0011106998931,-6.50000000003174,-103.1));
#5099=CARTESIAN_POINT('Origin',(-90.5000000000001,-12.5000000000317,-100.5));
#5100=CARTESIAN_POINT('',(-90.5000000000001,-12.5000000000317,-100.5));
#5101=CARTESIAN_POINT('',(-100.904583752339,-12.5000000000317,-82.4787323093437));
#5102=CARTESIAN_POINT('',(-90.5000000000001,-10.5000000000317,-100.5));
#5103=CARTESIAN_POINT('',(-90.5000000000001,-12.5000000000317,-100.5));
#5104=CARTESIAN_POINT('',(-90.5000000000001,-12.5000000000317,-100.5));
#5105=CARTESIAN_POINT('Origin',(-13.5000000000209,-6.25000000007017,-100.830127018924));
#5106=CARTESIAN_POINT('',(-9.50000000000129,-16.5000000000317,-100.830127018924));
#5107=CARTESIAN_POINT('Origin',(-13.5000000000551,-16.5000000000861,-100.830127018924));
#5108=CARTESIAN_POINT('',(-11.7739164308191,-6.50000000003175,-104.438538790344));
#5109=CARTESIAN_POINT('Origin',(-13.5000000000217,-6.50000000003509,-100.830127018924));
#5110=CARTESIAN_POINT('',(-11.7739164308114,-12.5000000000317,-104.438538790331));
#5111=CARTESIAN_POINT('',(-11.7739164308194,-6.25000000007594,-104.438538790345));
#5112=CARTESIAN_POINT('',(-9.50000000000129,-12.5000000000317,-100.830127018924));
#5113=CARTESIAN_POINT('Origin',(-13.5000000000417,-12.500000000086,-100.830127018924));
#5114=CARTESIAN_POINT('',(-9.50000000002086,-6.25000000008354,-100.830127018924));
#5115=CARTESIAN_POINT('Origin',(-9.50000000000001,-3.92731082674855E-16,
-21.));
#5116=CARTESIAN_POINT('',(-9.49999999999999,-12.5000000000317,-100.5));
#5117=CARTESIAN_POINT('',(-9.50000000004178,-12.5000000000317,23.3262406046397));
#5118=CARTESIAN_POINT('',(-9.49999999999999,-10.5000000000317,-100.5));
#5119=CARTESIAN_POINT('',(-9.49999999999999,-12.5000000000317,-100.5));
#5120=CARTESIAN_POINT('',(-9.5000000000027,-12.5000000000317,-96.4999999999953));
#5121=CARTESIAN_POINT('Origin',(-9.50000000003507,-10.5000000000317,-96.4999999999392));
#5122=CARTESIAN_POINT('',(-9.50000000000335,-12.5000000000317,-94.5));
#5123=CARTESIAN_POINT('',(-9.50000000004178,-12.5000000000317,23.3262406046397));
#5124=CARTESIAN_POINT('',(-9.49999999999998,-10.5000000000317,-92.5));
#5125=CARTESIAN_POINT('Origin',(-9.50000000000001,-10.5000000000317,-94.5));
#5126=CARTESIAN_POINT('',(-9.49999999999997,23.,-92.5));
#5127=CARTESIAN_POINT('',(-9.49999999999997,16.,-92.5));
#5128=CARTESIAN_POINT('',(-9.49999999999997,26.,-89.5));
#5129=CARTESIAN_POINT('Origin',(-9.49999999992316,23.,-89.5));
#5130=CARTESIAN_POINT('',(-9.49999999999998,26.,-70.5));
#5131=CARTESIAN_POINT('',(-9.49999999999997,26.,-92.5));
#5132=CARTESIAN_POINT('',(-9.49999999999998,23.,-67.5));
#5133=CARTESIAN_POINT('Origin',(-9.49999999992316,23.,-70.5));
#5134=CARTESIAN_POINT('',(-9.49999999999999,-10.5000000000317,-67.5));
#5135=CARTESIAN_POINT('',(-9.49999999999999,-12.5,-67.5));
#5136=CARTESIAN_POINT('',(-9.50000000001281,-12.5000000000317,-65.5));
#5137=CARTESIAN_POINT('Origin',(-9.50000000000001,-10.5000000000317,-65.5));
#5138=CARTESIAN_POINT('',(-9.50000000002504,-12.5000000000317,-28.));
#5139=CARTESIAN_POINT('',(-9.50000000004178,-12.5000000000317,23.3262406046397));
#5140=CARTESIAN_POINT('',(-9.49999999995824,-10.5000000000317,-26.));
#5141=CARTESIAN_POINT('Origin',(-9.50000000000001,-10.5000000000317,-28.));
#5142=CARTESIAN_POINT('',(-9.49999999995823,9.5,-26.));
#5143=CARTESIAN_POINT('',(-9.49999999995824,-12.5,-26.));
#5144=CARTESIAN_POINT('',(-9.49999999995823,12.5,-23.));
#5145=CARTESIAN_POINT('Origin',(-9.49999999996826,9.5,-23.));
#5146=CARTESIAN_POINT('',(-9.49999999995823,12.5,-19.));
#5147=CARTESIAN_POINT('',(-9.49999999995823,12.5,-26.));
#5148=CARTESIAN_POINT('',(-9.49999999996826,9.5,-16.));
#5149=CARTESIAN_POINT('Origin',(-9.49999999996826,9.5,-19.));
#5150=CARTESIAN_POINT('',(-9.50000000003509,-10.5000000000317,-16.));
#5151=CARTESIAN_POINT('',(-9.49999999995823,12.5,-16.));
#5152=CARTESIAN_POINT('',(-9.50000000002961,-12.5000000000317,-14.));
#5153=CARTESIAN_POINT('Origin',(-9.5,-10.5000000000317,-14.));
#5154=CARTESIAN_POINT('',(-9.50000000003906,-12.5000000000317,14.9961135857222));
#5155=CARTESIAN_POINT('',(-9.50000000004178,-12.5000000000317,23.3262406046397));
#5156=CARTESIAN_POINT('',(-9.50000000004178,-10.5000000000317,18.9961135857175));
#5157=CARTESIAN_POINT('Origin',(-9.50000000003511,-10.5000000000317,14.9961135857291));
#5158=CARTESIAN_POINT('',(-9.50000000004178,-12.5000000000317,18.9961135857175));
#5159=CARTESIAN_POINT('',(-9.50000000004178,-12.5000000000317,18.9961135857175));
#5160=CARTESIAN_POINT('',(-9.50000000004047,-12.5000000000317,19.3262406046384));
#5161=CARTESIAN_POINT('',(-9.50000000004178,-12.5000000000317,23.3262406046397));
#5162=CARTESIAN_POINT('',(-9.50000000004047,-16.5000000000317,19.3262406046384));
#5163=CARTESIAN_POINT('',(-9.5000000000209,-6.25000000001587,19.3262406046384));
#5164=CARTESIAN_POINT('',(-9.50000000004178,-16.5000000000317,23.3262406046397));
#5165=CARTESIAN_POINT('',(-9.49999999999997,21.,-90.05));
#5166=CARTESIAN_POINT('Origin',(-9.49999999999997,21.,-88.5));
#5167=CARTESIAN_POINT('',(-9.49999999999998,2.67422197483727E-14,-84.25));
#5168=CARTESIAN_POINT('Origin',(-9.49999999999998,2.72626946380103E-14,
-80.));
#5169=CARTESIAN_POINT('',(-9.49999999999998,21.,-73.05));
#5170=CARTESIAN_POINT('Origin',(-9.49999999999998,21.,-71.5));
#5171=CARTESIAN_POINT('',(-9.5,8.50000000000001,-22.55));
#5172=CARTESIAN_POINT('Origin',(-9.5,8.50000000000001,-21.));
#5173=CARTESIAN_POINT('',(-9.50000000000001,-8.5,-22.55));
#5174=CARTESIAN_POINT('Origin',(-9.50000000000001,-8.5,-21.));
#5175=CARTESIAN_POINT('Origin',(-29.7500000000209,-12.5000000000317,-40.7519432071479));
#5176=CARTESIAN_POINT('',(0.90458375233875,-12.5000000000317,-82.4787323093437));
#5177=CARTESIAN_POINT('Origin',(-9.49999999999999,-12.5000000000317,-100.5));
#5178=CARTESIAN_POINT('',(-9.49999999999999,-6.50000000003175,-100.5));
#5179=CARTESIAN_POINT('',(-12.,-6.50000000003175,-104.830127018922));
#5180=CARTESIAN_POINT('',(-9.49999999999999,-12.5000000000317,-100.5));
#5181=CARTESIAN_POINT('Origin',(-86.4999999999791,-6.25000000013784,19.3262406046146));
#5182=CARTESIAN_POINT('',(-90.4999999999596,-16.5000000000317,19.3262406046146));
#5183=CARTESIAN_POINT('',(-86.4999999999462,-16.5000000000317,23.3262406046146));
#5184=CARTESIAN_POINT('Origin',(-86.4999999999449,-16.5000000002214,19.3262406046146));
#5185=CARTESIAN_POINT('',(-86.4999999999796,-6.50000000003174,23.3262406046384));
#5186=CARTESIAN_POINT('',(-86.4999999999804,-6.25000000013784,23.3262406046146));
#5187=CARTESIAN_POINT('',(-88.2260835691443,-6.50000000003174,22.934652376053));
#5188=CARTESIAN_POINT('Origin',(-86.4999999999783,-6.50000000003508,19.3262406046146));
#5189=CARTESIAN_POINT('',(-88.2260835691519,-12.5000000000317,22.9346523760397));
#5190=CARTESIAN_POINT('',(-88.226083569144,-6.25000000014361,22.9346523760535));
#5191=CARTESIAN_POINT('',(-90.4999999999596,-12.5000000000317,19.3262406046146));
#5192=CARTESIAN_POINT('Origin',(-86.4999999999582,-12.500000000086,19.3262406046146));
#5193=CARTESIAN_POINT('',(-90.4999999999791,-6.25000000015121,19.3262406046146));
#5194=CARTESIAN_POINT('Origin',(-90.5,3.25712711078035E-15,-21.));
#5195=CARTESIAN_POINT('',(-90.4999999999582,-16.5000000000317,23.3262406046397));
#5196=CARTESIAN_POINT('',(-90.4999999999582,-12.5000000000317,18.9961135857175));
#5197=CARTESIAN_POINT('',(-90.4999999999582,-12.5000000000317,23.3262406046397));
#5198=CARTESIAN_POINT('',(-90.4999999999582,-10.5000000000317,18.9961135857175));
#5199=CARTESIAN_POINT('',(-90.4999999999582,-12.5000000000317,18.9961135857175));
#5200=CARTESIAN_POINT('',(-90.499999999961,-12.5000000000317,14.9961135857223));
#5201=CARTESIAN_POINT('Origin',(-90.4999999999649,-10.5000000000317,14.9961135857291));
#5202=CARTESIAN_POINT('',(-90.4999999999704,-12.5000000000317,-14.));
#5203=CARTESIAN_POINT('',(-90.4999999999582,-12.5000000000317,23.3262406046397));
#5204=CARTESIAN_POINT('',(-90.4999999999649,-10.5000000000317,-16.));
#5205=CARTESIAN_POINT('Origin',(-90.5,-10.5000000000317,-14.));
#5206=CARTESIAN_POINT('',(-90.5000000000318,9.5,-16.));
#5207=CARTESIAN_POINT('',(-90.5000000000418,12.5,-16.));
#5208=CARTESIAN_POINT('',(-90.5000000000418,12.5,-19.));
#5209=CARTESIAN_POINT('Origin',(-90.5000000000318,9.5,-19.));
#5210=CARTESIAN_POINT('',(-90.5000000000418,12.5,-23.));
#5211=CARTESIAN_POINT('',(-90.5000000000418,12.5,-26.));
#5212=CARTESIAN_POINT('',(-90.5000000000418,9.50000000000001,-26.));
#5213=CARTESIAN_POINT('Origin',(-90.5000000000318,9.5,-23.));
#5214=CARTESIAN_POINT('',(-90.5000000000418,-10.5000000000317,-26.));
#5215=CARTESIAN_POINT('',(-90.5000000000418,-12.5,-26.));
#5216=CARTESIAN_POINT('',(-90.499999999975,-12.5000000000317,-28.));
#5217=CARTESIAN_POINT('Origin',(-90.5,-10.5000000000317,-28.));
#5218=CARTESIAN_POINT('',(-90.4999999999873,-12.5000000000317,-65.5));
#5219=CARTESIAN_POINT('',(-90.4999999999582,-12.5000000000317,23.3262406046397));
#5220=CARTESIAN_POINT('',(-90.5000000000001,-10.5000000000317,-67.5));
#5221=CARTESIAN_POINT('Origin',(-90.5000000000001,-10.5000000000317,-65.5));
#5222=CARTESIAN_POINT('',(-90.5000000000001,23.,-67.5));
#5223=CARTESIAN_POINT('',(-90.5000000000001,-12.5,-67.5));
#5224=CARTESIAN_POINT('',(-90.5000000000001,26.,-70.5));
#5225=CARTESIAN_POINT('Origin',(-90.5000000000769,23.,-70.5));
#5226=CARTESIAN_POINT('',(-90.5000000000001,26.,-89.5));
#5227=CARTESIAN_POINT('',(-90.5000000000001,26.,-92.5));
#5228=CARTESIAN_POINT('',(-90.5000000000001,23.,-92.5));
#5229=CARTESIAN_POINT('Origin',(-90.5000000000769,23.,-89.5));
#5230=CARTESIAN_POINT('',(-90.5000000000001,-10.5000000000317,-92.5));
#5231=CARTESIAN_POINT('',(-90.5000000000001,16.,-92.5));
#5232=CARTESIAN_POINT('',(-90.4999999999967,-12.5000000000317,-94.5));
#5233=CARTESIAN_POINT('Origin',(-90.5000000000001,-10.5000000000317,-94.5));
#5234=CARTESIAN_POINT('',(-90.4999999999974,-12.5000000000317,-96.4999999999953));
#5235=CARTESIAN_POINT('',(-90.4999999999582,-12.5000000000317,23.3262406046397));
#5236=CARTESIAN_POINT('Origin',(-90.499999999965,-10.5000000000317,-96.4999999999392));
#5237=CARTESIAN_POINT('',(-90.4999999999582,-12.5000000000317,23.3262406046397));
#5238=CARTESIAN_POINT('',(-90.5000000000001,21.,-90.05));
#5239=CARTESIAN_POINT('Origin',(-90.5000000000001,21.,-88.5));
#5240=CARTESIAN_POINT('',(-90.5000000000001,3.03920779418279E-14,-84.25));
#5241=CARTESIAN_POINT('Origin',(-90.5000000000001,3.09125528314655E-14,
-80.));
#5242=CARTESIAN_POINT('',(-90.5000000000001,21.,-73.05));
#5243=CARTESIAN_POINT('Origin',(-90.5000000000001,21.,-71.5));
#5244=CARTESIAN_POINT('',(-90.5,8.50000000000002,-22.55));
#5245=CARTESIAN_POINT('Origin',(-90.5,8.50000000000002,-21.));
#5246=CARTESIAN_POINT('',(-90.5,-8.5,-22.55));
#5247=CARTESIAN_POINT('Origin',(-90.5,-8.5,-21.));
#5248=CARTESIAN_POINT('Origin',(-70.2499999999792,-12.5000000000317,-40.7519432071478));
#5249=CARTESIAN_POINT('',(-99.6545837523052,-12.5000000000317,3.13990940450801));
#5250=CARTESIAN_POINT('Origin',(-87.9999999999586,-12.5000000000317,23.3262406046391));
#5251=CARTESIAN_POINT('',(-90.4999999999582,-6.50000000003174,18.9961135857175));
#5252=CARTESIAN_POINT('',(-90.4999999999582,-6.50000000003174,18.9961135857175));
#5253=CARTESIAN_POINT('',(-90.4999999999582,-12.5000000000317,18.9961135857175));
#5254=CARTESIAN_POINT('Origin',(-13.5000000000209,-6.25000000000251,19.3262406046384));
#5255=CARTESIAN_POINT('',(-13.5000000000565,-16.5000000000317,23.3262406046384));
#5256=CARTESIAN_POINT('Origin',(-13.5000000000552,-16.5000000000861,19.3262406046384));
#5257=CARTESIAN_POINT('',(-11.7739164308671,-12.5000000000317,22.9346523760726));
#5258=CARTESIAN_POINT('Origin',(-13.5000000000418,-12.500000000086,19.3262406046384));
#5259=CARTESIAN_POINT('',(-11.7739164308747,-6.50000000003175,22.9346523760859));
#5260=CARTESIAN_POINT('',(-11.7739164308751,-6.25000000000827,22.9346523760864));
#5261=CARTESIAN_POINT('',(-13.500000000023,-6.50000000003175,23.3262406046384));
#5262=CARTESIAN_POINT('Origin',(-13.5000000000217,-6.50000000003509,19.3262406046384));
#5263=CARTESIAN_POINT('',(-13.5000000000222,-6.25000000000251,23.3262406046384));
#5264=CARTESIAN_POINT('Origin',(-9.50000000004178,-12.5000000000317,23.3262406046397));
#5265=CARTESIAN_POINT('',(-50.0000000000418,-16.5000000000317,23.3262406046265));
#5266=CARTESIAN_POINT('',(-17.0000000000418,-6.50000000003175,23.3262406046373));
#5267=CARTESIAN_POINT('',(-50.0000000000418,-6.50000000003175,23.3262406046265));
#5268=CARTESIAN_POINT('',(-17.0000000000418,-10.5000000000317,23.3262406046373));
#5269=CARTESIAN_POINT('',(-17.0000000000418,-12.5000000000317,23.3262406046373));
#5270=CARTESIAN_POINT('',(-19.3094010768021,-12.5000000000317,23.3262406046365));
#5271=CARTESIAN_POINT('Origin',(-19.3094010768021,-10.5000000000317,23.3262406046365));
#5272=CARTESIAN_POINT('',(-80.6905989231979,-12.5000000000317,23.3262406046365));
#5273=CARTESIAN_POINT('',(-50.0000000000418,-12.5000000000317,23.3262406046265));
#5274=CARTESIAN_POINT('',(-82.9999999999582,-10.5000000000317,23.3262406046373));
#5275=CARTESIAN_POINT('Origin',(-80.6905989231979,-10.5000000000317,23.3262406046365));
#5276=CARTESIAN_POINT('',(-82.9999999999582,-6.50000000003174,23.3262406046373));
#5277=CARTESIAN_POINT('',(-82.9999999999582,-12.5000000000317,23.3262406046373));
#5278=CARTESIAN_POINT('',(-49.9999999999583,-6.50000000003175,23.3262406046265));
#5279=CARTESIAN_POINT('Origin',(-14.5000000000418,-6.50000000003175,18.9961135857175));
#5280=CARTESIAN_POINT('',(-9.50000000004178,-6.50000000003175,18.9961135857175));
#5281=CARTESIAN_POINT('',(-9.50000000004178,-6.50000000003175,18.9961135857175));
#5282=CARTESIAN_POINT('',(-12.0000000000418,-6.50000000003175,14.6659865667953));
#5283=CARTESIAN_POINT('',(-12.0000000000418,-6.50000000003175,14.6659865667953));
#5284=CARTESIAN_POINT('',(-17.0000000000418,-6.50000000003175,14.6659865667953));
#5285=CARTESIAN_POINT('',(-17.0000000000418,-6.50000000003175,14.6659865667953));
#5286=CARTESIAN_POINT('',(-19.5000000000418,-6.50000000003175,18.9961135857175));
#5287=CARTESIAN_POINT('',(-19.5000000000418,-6.50000000003175,18.9961135857175));
#5288=CARTESIAN_POINT('',(-17.0000000000418,-6.50000000003175,23.3262406046397));
#5289=CARTESIAN_POINT('',(-16.0011106999348,-6.50000000003175,16.3961135857175));
#5290=CARTESIAN_POINT('',(-12.9988893001487,-6.50000000003175,16.3961135857175));
#5291=CARTESIAN_POINT('',(-16.0011106999348,-6.50000000003175,16.3961135857175));
#5292=CARTESIAN_POINT('',(-11.4977786002557,-6.50000000003175,18.9961135857175));
#5293=CARTESIAN_POINT('',(-12.9988893001487,-6.50000000003175,16.3961135857175));
#5294=CARTESIAN_POINT('',(-12.9988893001488,-6.50000000003175,21.5961135857175));
#5295=CARTESIAN_POINT('',(-11.4977786002557,-6.50000000003175,18.9961135857175));
#5296=CARTESIAN_POINT('',(-16.0011106999348,-6.50000000003175,21.5961135857175));
#5297=CARTESIAN_POINT('',(-12.9988893001488,-6.50000000003175,21.5961135857175));
#5298=CARTESIAN_POINT('',(-17.5022213998278,-6.50000000003175,18.9961135857175));
#5299=CARTESIAN_POINT('',(-16.0011106999348,-6.50000000003175,21.5961135857175));
#5300=CARTESIAN_POINT('',(-17.5022213998278,-6.50000000003175,18.9961135857175));
#5301=CARTESIAN_POINT('Origin',(-12.0000000000414,-12.5000000000317,23.3262406046391));
#5302=CARTESIAN_POINT('',(-0.345416247694792,-12.5000000000317,3.13990940450799));
#5303=CARTESIAN_POINT('',(-9.50000000004178,-12.5000000000317,18.9961135857175));
#5304=CARTESIAN_POINT('Origin',(-33.7499999999711,-12.5000000000317,-85.0035187907363));
#5305=CARTESIAN_POINT('',(-33.7499999999711,-16.5000000000317,-85.0035187907363));
#5306=CARTESIAN_POINT('',(-33.749999999964,-16.5000000000317,-96.0035187907363));
#5307=CARTESIAN_POINT('',(-33.7499999999856,-16.5000000000317,-62.8777309989434));
#5308=CARTESIAN_POINT('',(-33.7499999999711,-12.5000000000317,-85.0035187907363));
#5309=CARTESIAN_POINT('',(-33.7499999999711,-12.5000000000317,-85.0035187907363));
#5310=CARTESIAN_POINT('',(-33.749999999964,-12.5000000000317,-96.0035187907363));
#5311=CARTESIAN_POINT('',(-33.7499999999856,-12.5000000000317,-62.8777309989434));
#5312=CARTESIAN_POINT('',(-33.749999999964,-12.5000000000317,-96.0035187907363));
#5313=CARTESIAN_POINT('Origin',(-33.749999999964,-12.5000000000317,-96.0035187907363));
#5314=CARTESIAN_POINT('',(-40.0999999999639,-16.5000000000317,-96.0035187907405));
#5315=CARTESIAN_POINT('',(-31.7499999999744,-16.5000000000317,-96.003518790735));
#5316=CARTESIAN_POINT('',(-40.0999999999639,-12.5000000000317,-96.0035187907405));
#5317=CARTESIAN_POINT('',(-31.7499999999744,-12.5000000000317,-96.003518790735));
#5318=CARTESIAN_POINT('',(-40.0999999999639,-12.5000000000317,-96.0035187907405));
#5319=CARTESIAN_POINT('Origin',(-40.0999999999639,-12.5000000000317,-96.0035187907405));
#5320=CARTESIAN_POINT('',(-40.0999999999711,-16.5000000000317,-85.0035187907405));
#5321=CARTESIAN_POINT('',(-40.099999999982,-16.5000000000317,-68.3777309989475));
#5322=CARTESIAN_POINT('',(-40.0999999999711,-12.5000000000317,-85.0035187907405));
#5323=CARTESIAN_POINT('',(-40.099999999982,-12.5000000000317,-68.3777309989475));
#5324=CARTESIAN_POINT('',(-40.0999999999711,-12.5000000000317,-85.0035187907405));
#5325=CARTESIAN_POINT('Origin',(-40.0999999999711,-12.5000000000317,-85.0035187907405));
#5326=CARTESIAN_POINT('',(-34.9249999999816,-16.5000000000317,-85.0035187907371));
#5327=CARTESIAN_POINT('',(-34.9249999999816,-12.5000000000317,-85.0035187907371));
#5328=CARTESIAN_POINT('Origin',(-42.4999999999675,-12.5000000000317,-90.503518790742));
#5329=CARTESIAN_POINT('',(-40.4999999999675,-12.5000000000317,-90.5035187907407));
#5330=CARTESIAN_POINT('Origin',(-42.4999999999675,-12.5000000000317,-90.503518790742));
#5331=CARTESIAN_POINT('',(-40.4999999999675,-16.5000000000317,-90.5035187907407));
#5332=CARTESIAN_POINT('',(-40.4999999999675,-12.5000000000317,-90.5035187907407));
#5333=CARTESIAN_POINT('Origin',(-42.4999999999675,-16.5000000000317,-90.503518790742));
#5334=CARTESIAN_POINT('Origin',(-44.8999999999711,-12.5000000000317,-85.0035187907436));
#5335=CARTESIAN_POINT('',(-44.8999999999711,-16.5000000000317,-85.0035187907436));
#5336=CARTESIAN_POINT('',(-44.899999999964,-16.5000000000317,-96.0035187907436));
#5337=CARTESIAN_POINT('',(-44.8999999999856,-16.5000000000317,-62.8777309989507));
#5338=CARTESIAN_POINT('',(-44.8999999999711,-12.5000000000317,-85.0035187907436));
#5339=CARTESIAN_POINT('',(-44.8999999999711,-12.5000000000317,-85.0035187907436));
#5340=CARTESIAN_POINT('',(-44.899999999964,-12.5000000000317,-96.0035187907436));
#5341=CARTESIAN_POINT('',(-44.8999999999856,-12.5000000000317,-62.8777309989507));
#5342=CARTESIAN_POINT('',(-44.899999999964,-12.5000000000317,-96.0035187907436));
#5343=CARTESIAN_POINT('Origin',(-44.899999999964,-12.5000000000317,-96.0035187907436));
#5344=CARTESIAN_POINT('',(-70.9999999999639,-16.5000000000317,-96.0035187907606));
#5345=CARTESIAN_POINT('',(-37.3249999999744,-16.5000000000317,-96.0035187907387));
#5346=CARTESIAN_POINT('',(-70.9999999999639,-12.5000000000317,-96.0035187907606));
#5347=CARTESIAN_POINT('',(-37.3249999999744,-12.5000000000317,-96.0035187907387));
#5348=CARTESIAN_POINT('',(-70.9999999999639,-12.5000000000317,-96.0035187907606));
#5349=CARTESIAN_POINT('Origin',(-70.9999999999639,-12.5000000000317,-96.0035187907606));
#5350=CARTESIAN_POINT('',(-70.9999999999711,-16.5000000000317,-85.0035187907606));
#5351=CARTESIAN_POINT('',(-70.999999999982,-16.5000000000317,-68.3777309989677));
#5352=CARTESIAN_POINT('',(-70.9999999999711,-12.5000000000317,-85.0035187907606));
#5353=CARTESIAN_POINT('',(-70.999999999982,-12.5000000000317,-68.3777309989677));
#5354=CARTESIAN_POINT('',(-70.9999999999711,-12.5000000000317,-85.0035187907606));
#5355=CARTESIAN_POINT('Origin',(-70.9999999999711,-12.5000000000317,-85.0035187907606));
#5356=CARTESIAN_POINT('',(-50.3749999999815,-16.5000000000317,-85.0035187907472));
#5357=CARTESIAN_POINT('',(-50.3749999999815,-12.5000000000317,-85.0035187907472));
#5358=CARTESIAN_POINT('Origin',(-31.4999999999675,-12.5000000000317,-90.5035187907349));
#5359=CARTESIAN_POINT('',(-29.4999999999675,-12.5000000000317,-90.5035187907336));
#5360=CARTESIAN_POINT('Origin',(-31.4999999999675,-12.5000000000317,-90.5035187907349));
#5361=CARTESIAN_POINT('',(-29.4999999999675,-16.5000000000317,-90.5035187907336));
#5362=CARTESIAN_POINT('',(-29.4999999999675,-12.5000000000317,-90.5035187907336));
#5363=CARTESIAN_POINT('Origin',(-31.4999999999675,-16.5000000000317,-90.5035187907349));
#5364=CARTESIAN_POINT('Origin',(-42.5,-12.5000000000317,8.99999999999991));
#5365=CARTESIAN_POINT('',(-40.5,-12.5000000000317,8.99999999999991));
#5366=CARTESIAN_POINT('Origin',(-42.5,-12.5000000000317,8.99999999999991));
#5367=CARTESIAN_POINT('',(-40.5,-16.5000000000317,8.99999999999991));
#5368=CARTESIAN_POINT('',(-40.5,-12.5000000000317,8.99999999999991));
#5369=CARTESIAN_POINT('Origin',(-42.5,-16.5000000000317,8.99999999999991));
#5370=CARTESIAN_POINT('Origin',(-31.5,-12.5000000000317,8.99999999999991));
#5371=CARTESIAN_POINT('',(-29.5,-12.5000000000317,8.99999999999991));
#5372=CARTESIAN_POINT('Origin',(-31.5,-12.5000000000317,8.99999999999991));
#5373=CARTESIAN_POINT('',(-29.5,-16.5000000000317,8.99999999999991));
#5374=CARTESIAN_POINT('',(-29.5,-12.5000000000317,8.99999999999991));
#5375=CARTESIAN_POINT('Origin',(-31.5,-16.5000000000317,8.99999999999991));
#5376=CARTESIAN_POINT('Origin',(-44.9,-12.5000000000317,3.49999999999991));
#5377=CARTESIAN_POINT('',(-44.9,-16.5000000000317,14.4999999999999));
#5378=CARTESIAN_POINT('',(-44.9,-16.5000000000317,3.49999999999991));
#5379=CARTESIAN_POINT('',(-44.9,-16.5000000000317,-18.625971603574));
#5380=CARTESIAN_POINT('',(-44.9,-12.5000000000317,14.4999999999999));
#5381=CARTESIAN_POINT('',(-44.9,-12.5000000000317,14.4999999999999));
#5382=CARTESIAN_POINT('',(-44.9,-12.5000000000317,3.49999999999991));
#5383=CARTESIAN_POINT('',(-44.9,-12.5000000000317,-18.625971603574));
#5384=CARTESIAN_POINT('',(-44.9,-12.5000000000317,3.49999999999991));
#5385=CARTESIAN_POINT('Origin',(-71.,-12.5000000000317,3.49999999999991));
#5386=CARTESIAN_POINT('',(-71.,-16.5000000000317,3.49999999999991));
#5387=CARTESIAN_POINT('',(-50.3750000000104,-16.5000000000317,3.49999999999991));
#5388=CARTESIAN_POINT('',(-71.,-12.5000000000317,3.49999999999991));
#5389=CARTESIAN_POINT('',(-50.3750000000104,-12.5000000000317,3.49999999999991));
#5390=CARTESIAN_POINT('',(-71.,-12.5000000000317,3.49999999999991));
#5391=CARTESIAN_POINT('Origin',(-71.,-12.5000000000317,14.4999999999999));
#5392=CARTESIAN_POINT('',(-71.,-16.5000000000317,14.4999999999999));
#5393=CARTESIAN_POINT('',(-71.,-16.5000000000317,-13.125971603574));
#5394=CARTESIAN_POINT('',(-71.,-12.5000000000317,14.4999999999999));
#5395=CARTESIAN_POINT('',(-71.,-12.5000000000317,-13.125971603574));
#5396=CARTESIAN_POINT('',(-71.,-12.5000000000317,14.4999999999999));
#5397=CARTESIAN_POINT('Origin',(-44.9,-12.5000000000317,14.4999999999999));
#5398=CARTESIAN_POINT('',(-37.3250000000104,-16.5000000000317,14.4999999999999));
#5399=CARTESIAN_POINT('',(-37.3250000000104,-12.5000000000317,14.4999999999999));
#5400=CARTESIAN_POINT('Origin',(-33.75,-12.5000000000317,3.49999999999991));
#5401=CARTESIAN_POINT('',(-33.75,-16.5000000000317,14.4999999999999));
#5402=CARTESIAN_POINT('',(-33.75,-16.5000000000317,3.49999999999991));
#5403=CARTESIAN_POINT('',(-33.75,-16.5000000000317,-18.625971603574));
#5404=CARTESIAN_POINT('',(-33.75,-12.5000000000317,14.4999999999999));
#5405=CARTESIAN_POINT('',(-33.75,-12.5000000000317,14.4999999999999));
#5406=CARTESIAN_POINT('',(-33.75,-12.5000000000317,3.49999999999991));
#5407=CARTESIAN_POINT('',(-33.75,-12.5000000000317,-18.625971603574));
#5408=CARTESIAN_POINT('',(-33.75,-12.5000000000317,3.49999999999991));
#5409=CARTESIAN_POINT('Origin',(-40.1,-12.5000000000317,3.49999999999991));
#5410=CARTESIAN_POINT('',(-40.1,-16.5000000000317,3.49999999999991));
#5411=CARTESIAN_POINT('',(-34.9250000000104,-16.5000000000317,3.49999999999991));
#5412=CARTESIAN_POINT('',(-40.1,-12.5000000000317,3.49999999999991));
#5413=CARTESIAN_POINT('',(-34.9250000000104,-12.5000000000317,3.49999999999991));
#5414=CARTESIAN_POINT('',(-40.1,-12.5000000000317,3.49999999999991));
#5415=CARTESIAN_POINT('Origin',(-40.1,-12.5000000000317,14.4999999999999));
#5416=CARTESIAN_POINT('',(-40.1,-16.5000000000317,14.4999999999999));
#5417=CARTESIAN_POINT('',(-40.1,-16.5000000000317,-13.125971603574));
#5418=CARTESIAN_POINT('',(-40.1,-12.5000000000317,14.4999999999999));
#5419=CARTESIAN_POINT('',(-40.1,-12.5000000000317,-13.125971603574));
#5420=CARTESIAN_POINT('',(-40.1,-12.5000000000317,14.4999999999999));
#5421=CARTESIAN_POINT('Origin',(-33.75,-12.5000000000317,14.4999999999999));
#5422=CARTESIAN_POINT('',(-31.7500000000104,-16.5000000000317,14.4999999999999));
#5423=CARTESIAN_POINT('',(-31.7500000000104,-12.5000000000317,14.4999999999999));
#5424=CARTESIAN_POINT('Origin',(-90.5000000000544,23.,-70.5));
#5425=CARTESIAN_POINT('',(-87.5000000000001,26.0000000000101,-70.5));
#5426=CARTESIAN_POINT('',(-87.5000000000001,23.0000000000101,-67.5));
#5427=CARTESIAN_POINT('Origin',(-87.5000000000544,23.0000000000101,-70.5));
#5428=CARTESIAN_POINT('',(-90.5000000000644,26.,-70.5));
#5429=CARTESIAN_POINT('',(-90.5000000000544,23.,-67.5));
#5430=CARTESIAN_POINT('Origin',(-90.5000000000001,-12.5,-67.5));
#5431=CARTESIAN_POINT('',(-78.7074854682979,-10.5000000000317,-67.5));
#5432=CARTESIAN_POINT('',(-80.3749999999896,-10.5000000000317,-67.5));
#5433=CARTESIAN_POINT('',(-87.5000000000001,6.75000000001005,-67.5));
#5434=CARTESIAN_POINT('',(-87.5000000000001,6.75000000001005,-67.5));
#5435=CARTESIAN_POINT('',(-87.5000000000001,-12.49999999999,-67.5));
#5436=CARTESIAN_POINT('Origin',(-87.5000000000001,6.75000000001005,-80.));
#5437=CARTESIAN_POINT('',(-87.5000000000001,6.75000000001005,-69.5));
#5438=CARTESIAN_POINT('',(-87.5000000000001,6.75000000005444,-73.75));
#5439=CARTESIAN_POINT('',(-87.5000000000001,-10.5000000000317,-69.5));
#5440=CARTESIAN_POINT('',(-87.5000000000001,-0.661545987550456,-69.5));
#5441=CARTESIAN_POINT('',(-87.5000000000001,-10.5000000000317,-90.5));
#5442=CARTESIAN_POINT('',(-87.5000000000001,-10.5000000000317,-60.3759716035739));
#5443=CARTESIAN_POINT('',(-87.5000000000001,6.75000000001005,-90.5));
#5444=CARTESIAN_POINT('',(-87.5000000000001,-0.661545987550456,-90.5));
#5445=CARTESIAN_POINT('',(-87.5000000000001,6.75000000001005,-92.5));
#5446=CARTESIAN_POINT('',(-87.5000000000001,6.75000000005445,-86.2499999999999));
#5447=CARTESIAN_POINT('',(-87.5000000000001,23.0000000000101,-92.5));
#5448=CARTESIAN_POINT('',(-87.5000000000001,16.0000000000101,-92.5));
#5449=CARTESIAN_POINT('',(-87.5000000000001,26.0000000000101,-89.5));
#5450=CARTESIAN_POINT('Origin',(-87.5000000000544,23.0000000000101,-89.5));
#5451=CARTESIAN_POINT('',(-87.5000000000001,26.0000000000101,-92.5));
#5452=CARTESIAN_POINT('',(-87.5000000000001,21.0000000000101,-90.05));
#5453=CARTESIAN_POINT('Origin',(-87.5000000000001,21.0000000000101,-88.5));
#5454=CARTESIAN_POINT('',(-87.5000000000001,1.00531388769198E-11,-84.25));
#5455=CARTESIAN_POINT('Origin',(-87.5000000000001,1.00537562189668E-11,
-80.));
#5456=CARTESIAN_POINT('',(-87.5000000000001,21.0000000000101,-73.05));
#5457=CARTESIAN_POINT('Origin',(-87.5000000000001,21.0000000000101,-71.5));
#5458=CARTESIAN_POINT('Origin',(-90.5000000000318,9.5,-19.));
#5459=CARTESIAN_POINT('',(-87.5000000000418,12.50000000001,-19.));
#5460=CARTESIAN_POINT('',(-87.5000000000318,9.50000000001003,-16.));
#5461=CARTESIAN_POINT('Origin',(-87.5000000000318,9.50000000001003,-19.));
#5462=CARTESIAN_POINT('',(-90.5000000000418,12.5,-19.));
#5463=CARTESIAN_POINT('',(-90.5000000000318,9.5,-16.));
#5464=CARTESIAN_POINT('Origin',(-90.5000000000418,12.5,-16.));
#5465=CARTESIAN_POINT('',(-87.5000000000418,12.50000000001,-23.));
#5466=CARTESIAN_POINT('',(-87.5000000000418,12.50000000001,-26.));
#5467=CARTESIAN_POINT('',(-90.5000000000418,12.5,-23.));
#5468=CARTESIAN_POINT('Origin',(-90.5000000000318,9.5,-23.));
#5469=CARTESIAN_POINT('',(-87.5000000000418,9.50000000001003,-26.));
#5470=CARTESIAN_POINT('Origin',(-87.5000000000318,9.50000000001003,-23.));
#5471=CARTESIAN_POINT('',(-90.5000000000318,9.5,-26.));
#5472=CARTESIAN_POINT('Origin',(-87.5,1.00283212392954E-11,-21.));
#5473=CARTESIAN_POINT('',(-87.5,1.00287139703781E-11,-16.));
#5474=CARTESIAN_POINT('',(-87.5000000000418,12.50000000001,-16.));
#5475=CARTESIAN_POINT('',(-87.5,1.00287139703781E-11,-17.5));
#5476=CARTESIAN_POINT('',(-87.5,1.00287139703781E-11,-18.5));
#5477=CARTESIAN_POINT('',(-87.499999999965,-10.5000000000384,-17.5));
#5478=CARTESIAN_POINT('',(-87.4999999999815,-5.5601668756139,-17.5));
#5479=CARTESIAN_POINT('',(-87.499999999965,-10.5000000000317,-24.5));
#5480=CARTESIAN_POINT('',(-87.499999999965,-10.5000000000384,-30.8759716035739));
#5481=CARTESIAN_POINT('',(-87.5,1.00287139703781E-11,-24.5));
#5482=CARTESIAN_POINT('',(-87.4999999999815,-5.5601668756139,-24.5));
#5483=CARTESIAN_POINT('',(-87.5,1.00287139703781E-11,-26.));
#5484=CARTESIAN_POINT('',(-87.5,1.00287139703781E-11,-23.5));
#5485=CARTESIAN_POINT('',(-87.5000000000418,-12.49999999999,-26.));
#5486=CARTESIAN_POINT('',(-87.5,-8.49999999998998,-22.55));
#5487=CARTESIAN_POINT('Origin',(-87.5,-8.49999999998998,-21.));
#5488=CARTESIAN_POINT('',(-87.5000000000001,8.50000000001004,-22.55));
#5489=CARTESIAN_POINT('Origin',(-87.5,8.50000000001004,-21.));
#5490=CARTESIAN_POINT('Origin',(-90.5000000000418,12.5,-26.));
#5491=CARTESIAN_POINT('',(-80.5759042241329,-10.5000000000317,-26.));
#5492=CARTESIAN_POINT('',(-75.2179729690397,-18.6250000000315,-26.));
#5493=CARTESIAN_POINT('',(-80.3750000000105,-10.5000000000317,-26.));
#5494=CARTESIAN_POINT('Origin',(-90.4999999999901,23.,-89.5));
#5495=CARTESIAN_POINT('',(-90.4999999999901,23.,-92.5));
#5496=CARTESIAN_POINT('',(-90.5000000000001,26.,-89.5));
#5497=CARTESIAN_POINT('Origin',(-90.5000000000001,26.,-92.5));
#5498=CARTESIAN_POINT('',(-78.7074854682979,-10.5000000000317,-92.5));
#5499=CARTESIAN_POINT('',(-87.5000000000001,6.75000000001005,-92.5));
#5500=CARTESIAN_POINT('',(-80.3749999999897,-10.5000000000317,-92.5));
#5501=CARTESIAN_POINT('Origin',(-80.3749999999897,-10.5000000000317,-94.5));
#5502=CARTESIAN_POINT('',(-81.6547005383794,-12.5000000000317,-94.5));
#5503=CARTESIAN_POINT('',(-81.9405989232416,-12.4931768707194,-94.3349364905389));
#5504=CARTESIAN_POINT('Origin',(-81.6547005383794,-10.5000000000317,-94.5));
#5505=CARTESIAN_POINT('',(-89.0594010767586,-12.4931768707194,-94.3349364905389));
#5506=CARTESIAN_POINT('',(-80.3749999999897,-12.4931768707194,-94.3349364905389));
#5507=CARTESIAN_POINT('',(-89.3452994616208,-12.5000000000317,-94.5));
#5508=CARTESIAN_POINT('Origin',(-89.3452994616208,-10.5000000000317,-94.5));
#5509=CARTESIAN_POINT('',(-80.3749999999897,-12.5000000000317,-94.5));
#5510=CARTESIAN_POINT('',(-77.6880634936098,-12.5000000000317,-94.5));
#5511=CARTESIAN_POINT('Origin',(-78.7074854682952,-10.5000000000317,-94.5));
#5512=CARTESIAN_POINT('',(-80.3749999999897,-12.5000000000317,-94.5));
#5513=CARTESIAN_POINT('Origin',(-70.2499999999792,-12.5000000000317,-40.7519432071478));
#5514=CARTESIAN_POINT('',(-75.514967055225,-12.5000000000317,-70.5451615865561));
#5515=CARTESIAN_POINT('Origin',(-80.3750000000105,-10.5000000000317,-28.));
#5516=CARTESIAN_POINT('',(-79.2570288382638,-12.5000000000317,-28.));
#5517=CARTESIAN_POINT('Origin',(-80.5759042241329,-10.5000000000317,-28.));
#5518=CARTESIAN_POINT('',(-80.3750000000105,-12.5000000000317,-28.));
#5519=CARTESIAN_POINT('Origin',(-80.3749999999896,-10.5000000000317,-65.5));
#5520=CARTESIAN_POINT('',(-77.6880634936098,-12.5000000000317,-65.5));
#5521=CARTESIAN_POINT('Origin',(-78.7074854682951,-10.5000000000317,-65.5));
#5522=CARTESIAN_POINT('',(-80.3749999999896,-12.5000000000317,-65.5));
#5523=CARTESIAN_POINT('Origin',(-80.3749999999687,-10.5000000000317,-14.));
#5524=CARTESIAN_POINT('',(-80.5759042241329,-10.5000000000317,-16.));
#5525=CARTESIAN_POINT('',(-79.2570288382638,-12.5000000000317,-14.));
#5526=CARTESIAN_POINT('Origin',(-80.5759042241329,-10.5000000000317,-14.));
#5527=CARTESIAN_POINT('',(-80.3749999999687,-10.5000000000317,-16.));
#5528=CARTESIAN_POINT('',(-80.3749999999687,-12.5000000000317,-14.));
#5529=CARTESIAN_POINT('Origin',(-85.499999999965,-10.5000000000317,-30.8759716035739));
#5530=CARTESIAN_POINT('',(-85.499999999965,-12.5000000000317,-22.5));
#5531=CARTESIAN_POINT('',(-85.499999999965,-12.5000000000317,-19.5));
#5532=CARTESIAN_POINT('',(-85.499999999965,-12.5000000000317,-30.8759716035739));
#5533=CARTESIAN_POINT('Origin',(-85.499999999965,-10.5000000000317,-22.5));
#5534=CARTESIAN_POINT('Origin',(-85.499999999965,-10.5000000000317,-19.5));
#5535=CARTESIAN_POINT('Origin',(-78.1353640208797,-10.5000000000317,-19.5));
#5536=CARTESIAN_POINT('',(-79.2570288382638,-12.5000000000317,-19.5));
#5537=CARTESIAN_POINT('',(-78.1353640208797,-12.5000000000317,-19.5));
#5538=CARTESIAN_POINT('',(-80.5759042241329,-10.5000000000317,-17.5));
#5539=CARTESIAN_POINT('',(-78.1353640208797,-10.5000000000317,-17.5));
#5540=CARTESIAN_POINT('Origin',(-80.5759042241329,-10.5000000000317,-19.5));
#5541=CARTESIAN_POINT('Origin',(-78.1353640208797,-10.5000000000317,-22.5));
#5542=CARTESIAN_POINT('',(-80.5759042241329,-10.5000000000317,-24.5));
#5543=CARTESIAN_POINT('',(-78.1353640208797,-10.5000000000317,-24.5));
#5544=CARTESIAN_POINT('',(-79.2570288382638,-12.5000000000317,-22.5));
#5545=CARTESIAN_POINT('',(-78.1353640208797,-12.5000000000317,-22.5));
#5546=CARTESIAN_POINT('Origin',(-80.5759042241329,-10.5000000000317,-22.5));
#5547=CARTESIAN_POINT('Origin',(-85.5000000000001,-10.5000000000317,-60.3759716035739));
#5548=CARTESIAN_POINT('',(-85.5000000000001,-12.5000000000317,-71.5));
#5549=CARTESIAN_POINT('Origin',(-85.5000000000001,-10.5000000000317,-71.5));
#5550=CARTESIAN_POINT('',(-85.5000000000001,-12.5000000000317,-88.5));
#5551=CARTESIAN_POINT('',(-85.5000000000001,-12.5000000000317,-60.3759716035739));
#5552=CARTESIAN_POINT('Origin',(-85.5000000000001,-10.5000000000317,-88.5));
#5553=CARTESIAN_POINT('Origin',(-78.1262397136944,-10.5000000000317,-88.5));
#5554=CARTESIAN_POINT('',(-78.7074854682952,-10.5000000000317,-90.5));
#5555=CARTESIAN_POINT('',(-78.1262397136944,-10.5000000000317,-90.5));
#5556=CARTESIAN_POINT('',(-77.6880634936098,-12.5000000000317,-88.5));
#5557=CARTESIAN_POINT('',(-78.1262397136944,-12.5000000000317,-88.5));
#5558=CARTESIAN_POINT('Origin',(-78.7074854682952,-10.5000000000317,-88.5));
#5559=CARTESIAN_POINT('Origin',(-78.1262397136944,-10.5000000000317,-71.5));
#5560=CARTESIAN_POINT('',(-77.6880634936098,-12.5000000000317,-71.5));
#5561=CARTESIAN_POINT('',(-78.1262397136944,-12.5000000000317,-71.5));
#5562=CARTESIAN_POINT('',(-78.7074854682951,-10.5000000000317,-69.5));
#5563=CARTESIAN_POINT('',(-78.1262397136944,-10.5000000000317,-69.5));
#5564=CARTESIAN_POINT('Origin',(-78.7074854682951,-10.5000000000317,-71.5));
#5565=CARTESIAN_POINT('Origin',(-86.0024794274096,-8.07309197511096,-90.5));
#5566=CARTESIAN_POINT('',(-74.5660836961361,-18.6250000000315,-90.5));
#5567=CARTESIAN_POINT('Origin',(-86.0024794274096,-8.07309197511096,-69.5));
#5568=CARTESIAN_POINT('',(-74.5660836961361,-18.6250000000315,-69.5));
#5569=CARTESIAN_POINT('Origin',(-75.2179729690397,-18.6250000000315,-26.));
#5570=CARTESIAN_POINT('',(-79.2570288382638,-12.5000000000317,-33.3759716035739));
#5571=CARTESIAN_POINT('',(-75.2179729690397,-18.6250000000315,-24.5));
#5572=CARTESIAN_POINT('Origin',(-86.0207280417802,-11.1203337512329,-24.5));
#5573=CARTESIAN_POINT('Origin',(-74.5660836961361,-18.6250000000315,-92.5));
#5574=CARTESIAN_POINT('',(-77.6880634936098,-12.5000000000317,-66.6259716035739));
#5575=CARTESIAN_POINT('Origin',(-74.5660836961361,-18.6250000000315,-67.5));
#5576=CARTESIAN_POINT('',(-77.6880634936098,-12.5000000000317,-54.1259716035739));
#5577=CARTESIAN_POINT('Origin',(-86.0207280417802,-11.1203337512329,-17.5));
#5578=CARTESIAN_POINT('',(-75.2179729690397,-18.6250000000315,-17.5));
#5579=CARTESIAN_POINT('Origin',(-75.2179729690397,-18.6250000000315,-16.));
#5580=CARTESIAN_POINT('',(-79.2570288382638,-12.5000000000317,-28.3759716035739));
#5581=CARTESIAN_POINT('',(-75.2179729690397,-18.6250000000315,-16.));
#5582=CARTESIAN_POINT('Origin',(-91.6725329447362,-10.5000000000317,-4.35528112387498));
#5583=CARTESIAN_POINT('',(-81.845299461579,-12.5000000000317,12.6659865667953));
#5584=CARTESIAN_POINT('',(-78.1905989231997,-12.5000000000317,18.9961135857175));
#5585=CARTESIAN_POINT('',(-91.6725329447362,-12.5000000000317,-4.35528112387498));
#5586=CARTESIAN_POINT('',(-82.9999999999582,-10.5000000000317,14.6659865667953));
#5587=CARTESIAN_POINT('Origin',(-81.845299461579,-10.5000000000317,12.6659865667953));
#5588=CARTESIAN_POINT('',(-80.4999999999582,-10.5000000000317,18.9961135857175));
#5589=CARTESIAN_POINT('',(-93.4045837523051,-10.5000000000317,-3.35528112387498));
#5590=CARTESIAN_POINT('Origin',(-78.1905989231997,-10.5000000000317,18.9961135857175));
#5591=CARTESIAN_POINT('Origin',(-64.5508654400478,-10.5000000000317,-4.62859780880007));
#5592=CARTESIAN_POINT('',(-64.5508654400478,-12.5000000000317,-4.62859780880007));
#5593=CARTESIAN_POINT('',(-66.2829162476167,-10.5000000000317,-5.62859780880007));
#5594=CARTESIAN_POINT('Origin',(-79.1249999999687,-10.5000000000317,12.6659865667953));
#5595=CARTESIAN_POINT('',(-89.1547005383375,-12.5000000000317,12.6659865667953));
#5596=CARTESIAN_POINT('',(-79.1249999999687,-12.5000000000317,12.6659865667953));
#5597=CARTESIAN_POINT('',(-87.9999999999582,-10.5000000000317,14.6659865667953));
#5598=CARTESIAN_POINT('Origin',(-89.1547005383375,-10.5000000000317,12.6659865667953));
#5599=CARTESIAN_POINT('',(-79.1249999999687,-10.5000000000317,14.6659865667953));
#5600=CARTESIAN_POINT('Origin',(-76.7649670551855,-10.5000000000317,-8.79366131826116));
#5601=CARTESIAN_POINT('',(-75.0329162476167,-10.5000000000317,-7.79366131826117));
#5602=CARTESIAN_POINT('',(-76.7649670551855,-12.5000000000317,-8.79366131826116));
#5603=CARTESIAN_POINT('Origin',(-75.514967055225,-10.5000000000317,-70.5451615865561));
#5604=CARTESIAN_POINT('',(-88.0000000000001,-10.5000000000317,-96.1698729810778));
#5605=CARTESIAN_POINT('Origin',(-89.1547005383793,-10.5000000000317,-94.1698729810778));
#5606=CARTESIAN_POINT('',(-73.7829162476561,-10.5000000000317,-71.5451615865561));
#5607=CARTESIAN_POINT('Origin',(-76.6249999999896,-10.5000000000317,-94.1698729810778));
#5608=CARTESIAN_POINT('',(-83.0000000000001,-10.5000000000317,-96.1698729810778));
#5609=CARTESIAN_POINT('Origin',(-81.8452994616209,-10.5000000000317,-94.1698729810778));
#5610=CARTESIAN_POINT('',(-76.6249999999897,-10.5000000000317,-96.1698729810778));
#5611=CARTESIAN_POINT('Origin',(-90.4225329447699,-10.5000000000317,-79.3136687998826));
#5612=CARTESIAN_POINT('',(-78.1905989232416,-12.5000000000317,-100.5));
#5613=CARTESIAN_POINT('',(-90.4225329447699,-12.5000000000317,-79.3136687998826));
#5614=CARTESIAN_POINT('',(-80.5000000000001,-10.5000000000317,-100.5));
#5615=CARTESIAN_POINT('Origin',(-78.1905989232416,-10.5000000000317,-100.5));
#5616=CARTESIAN_POINT('',(-92.1545837523388,-10.5000000000317,-80.3136687998826));
#5617=CARTESIAN_POINT('Origin',(-65.8008654400873,-10.5000000000317,-79.0403521149394));
#5618=CARTESIAN_POINT('',(-67.5329162476561,-10.5000000000317,-78.0403521149394));
#5619=CARTESIAN_POINT('',(-65.8008654400873,-12.5000000000317,-79.0403521149394));
#5620=CARTESIAN_POINT('Origin',(-82.4977786001722,-12.5000000000317,18.9961135857175));
#5621=CARTESIAN_POINT('',(-83.9988893000652,-12.5000000000317,16.3961135857175));
#5622=CARTESIAN_POINT('',(-82.4977786001722,-12.5000000000317,18.9961135857175));
#5623=CARTESIAN_POINT('',(-93.9026400274923,-12.5000000000317,-0.757685859683297));
#5624=CARTESIAN_POINT('',(-82.4977786001722,-6.50000000003174,18.9961135857175));
#5625=CARTESIAN_POINT('',(-82.4977786001722,-12.5000000000317,18.9961135857175));
#5626=CARTESIAN_POINT('',(-83.9988893000652,-6.50000000003174,16.3961135857175));
#5627=CARTESIAN_POINT('',(-82.4977786001722,-6.50000000003174,18.9961135857175));
#5628=CARTESIAN_POINT('',(-83.9988893000652,-12.5000000000317,16.3961135857175));
#5629=CARTESIAN_POINT('Origin',(-83.9988893000652,-12.5000000000317,21.5961135857175));
#5630=CARTESIAN_POINT('',(-83.9988893000652,-12.5000000000317,21.5961135857175));
#5631=CARTESIAN_POINT('',(-68.7815278727504,-12.5000000000317,-4.76112956353067));
#5632=CARTESIAN_POINT('',(-83.9988893000652,-6.50000000003174,21.5961135857175));
#5633=CARTESIAN_POINT('',(-83.9988893000652,-12.5000000000317,21.5961135857175));
#5634=CARTESIAN_POINT('',(-83.9988893000652,-6.50000000003174,21.5961135857175));
#5635=CARTESIAN_POINT('Origin',(-87.0011106998513,-12.5000000000317,21.5961135857175));
#5636=CARTESIAN_POINT('',(-87.0011106998513,-12.5000000000317,21.5961135857175));
#5637=CARTESIAN_POINT('',(-78.6255553499152,-12.5000000000317,21.5961135857175));
#5638=CARTESIAN_POINT('',(-87.0011106998513,-6.50000000003174,21.5961135857175));
#5639=CARTESIAN_POINT('',(-87.0011106998513,-12.5000000000317,21.5961135857175));
#5640=CARTESIAN_POINT('',(-87.0011106998513,-6.50000000003174,21.5961135857175));
#5641=CARTESIAN_POINT('Origin',(-88.5022213997443,-12.5000000000317,18.9961135857175));
#5642=CARTESIAN_POINT('',(-88.5022213997443,-12.5000000000317,18.9961135857175));
#5643=CARTESIAN_POINT('',(-99.1565274771179,-12.5000000000317,0.542314140316768));
#5644=CARTESIAN_POINT('',(-88.5022213997443,-6.50000000003174,18.9961135857175));
#5645=CARTESIAN_POINT('',(-88.5022213997443,-12.5000000000317,18.9961135857175));
#5646=CARTESIAN_POINT('',(-88.5022213997443,-6.50000000003174,18.9961135857175));
#5647=CARTESIAN_POINT('Origin',(-87.0011106998513,-12.5000000000317,16.3961135857175));
#5648=CARTESIAN_POINT('',(-87.0011106998513,-12.5000000000317,16.3961135857175));
#5649=CARTESIAN_POINT('',(-72.534304622483,-12.5000000000317,-8.66112956353064));
#5650=CARTESIAN_POINT('',(-87.0011106998513,-6.50000000003174,16.3961135857175));
#5651=CARTESIAN_POINT('',(-87.0011106998513,-12.5000000000317,16.3961135857175));
#5652=CARTESIAN_POINT('',(-87.0011106998513,-6.50000000003174,16.3961135857175));
#5653=CARTESIAN_POINT('Origin',(-83.9988893000652,-12.5000000000317,16.3961135857175));
#5654=CARTESIAN_POINT('',(-77.1244446500222,-12.5000000000317,16.3961135857175));
#5655=CARTESIAN_POINT('',(-83.9988893000652,-6.50000000003174,16.3961135857175));
#5656=CARTESIAN_POINT('Origin',(-82.9999999999582,-12.5000000000317,14.6659865667953));
#5657=CARTESIAN_POINT('',(-82.9999999999582,-6.50000000003174,14.6659865667953));
#5658=CARTESIAN_POINT('',(-82.9999999999582,-12.5000000000317,14.6659865667953));
#5659=CARTESIAN_POINT('',(-80.4999999999582,-6.50000000003174,18.9961135857175));
#5660=CARTESIAN_POINT('',(-80.4999999999582,-6.50000000003174,18.9961135857175));
#5661=CARTESIAN_POINT('',(-80.4999999999582,-12.5000000000317,18.9961135857175));
#5662=CARTESIAN_POINT('Origin',(-87.9999999999582,-12.5000000000317,14.6659865667953));
#5663=CARTESIAN_POINT('',(-87.9999999999582,-6.50000000003174,14.6659865667953));
#5664=CARTESIAN_POINT('',(-87.9999999999582,-12.5000000000317,14.6659865667953));
#5665=CARTESIAN_POINT('',(-82.9999999999582,-6.50000000003174,14.6659865667953));
#5666=CARTESIAN_POINT('Origin',(-90.4999999999582,-12.5000000000317,18.9961135857175));
#5667=CARTESIAN_POINT('',(-87.9999999999582,-6.50000000003174,14.6659865667953));
#5668=CARTESIAN_POINT('Origin',(-80.4999999999582,-12.5000000000317,18.9961135857175));
#5669=CARTESIAN_POINT('',(-82.9999999999582,-6.50000000003174,23.3262406046397));
#5670=CARTESIAN_POINT('Origin',(-85.4999999999582,-6.50000000003174,18.9961135857175));
#5671=CARTESIAN_POINT('Origin',(-70.2499999999792,-12.5000000000317,-40.7519432071478));
#5672=CARTESIAN_POINT('',(-83.9999999999582,-12.5000000000317,18.9961135857175));
#5673=CARTESIAN_POINT('Origin',(-85.4999999999582,-12.5000000000317,18.9961135857175));
#5674=CARTESIAN_POINT('Origin',(-82.497778600214,-12.5000000000317,-100.5));
#5675=CARTESIAN_POINT('',(-83.9988893001071,-12.5000000000317,-103.1));
#5676=CARTESIAN_POINT('',(-82.497778600214,-12.5000000000317,-100.5));
#5677=CARTESIAN_POINT('',(-68.0309725228434,-12.5000000000317,-75.4427568507477));
#5678=CARTESIAN_POINT('',(-82.497778600214,-12.5000000000317,-100.5));
#5679=CARTESIAN_POINT('',(-83.9988893001071,-12.5000000000317,-103.1));
#5680=CARTESIAN_POINT('Origin',(-83.9988893001071,-12.5000000000317,-97.9));
#5681=CARTESIAN_POINT('',(-83.9988893001071,-12.5000000000317,-97.9));
#5682=CARTESIAN_POINT('',(-94.6531953774725,-12.5000000000317,-79.4462005546131));
#5683=CARTESIAN_POINT('',(-83.9988893001071,-12.5000000000317,-97.9));
#5684=CARTESIAN_POINT('Origin',(-87.0011106998931,-12.5000000000317,-97.9));
#5685=CARTESIAN_POINT('',(-87.0011106998931,-12.5000000000317,-97.9));
#5686=CARTESIAN_POINT('',(-78.6255553499362,-12.5000000000317,-97.9));
#5687=CARTESIAN_POINT('',(-87.0011106998931,-12.5000000000317,-97.9));
#5688=CARTESIAN_POINT('Origin',(-88.5022213997861,-12.5000000000317,-100.5));
#5689=CARTESIAN_POINT('',(-88.5022213997861,-12.5000000000317,-100.5));
#5690=CARTESIAN_POINT('',(-73.284859972469,-12.5000000000317,-74.1427568507477));
#5691=CARTESIAN_POINT('',(-88.5022213997861,-12.5000000000317,-100.5));
#5692=CARTESIAN_POINT('Origin',(-87.0011106998931,-12.5000000000317,-103.1));
#5693=CARTESIAN_POINT('',(-87.0011106998931,-12.5000000000317,-103.1));
#5694=CARTESIAN_POINT('',(-98.4059721272051,-12.5000000000317,-83.346200554613));
#5695=CARTESIAN_POINT('',(-87.0011106998931,-12.5000000000317,-103.1));
#5696=CARTESIAN_POINT('Origin',(-83.9988893001071,-12.5000000000317,-103.1));
#5697=CARTESIAN_POINT('',(-77.1244446500431,-12.5000000000317,-103.1));
#5698=CARTESIAN_POINT('Origin',(-88.0000000000001,-12.5000000000317,-96.1698729810778));
#5699=CARTESIAN_POINT('',(-88.0000000000001,-12.5000000000317,-96.1698729810778));
#5700=CARTESIAN_POINT('Origin',(-83.0000000000001,-12.5000000000317,-96.1698729810778));
#5701=CARTESIAN_POINT('',(-83.0000000000001,-12.5000000000317,-96.1698729810778));
#5702=CARTESIAN_POINT('Origin',(-80.5000000000001,-12.5000000000317,-100.5));
#5703=CARTESIAN_POINT('',(-80.5000000000001,-12.5000000000317,-100.5));
#5704=CARTESIAN_POINT('Origin',(-83.0000000000001,-12.5000000000317,-104.830127018922));
#5705=CARTESIAN_POINT('Origin',(-70.2499999999792,-12.5000000000317,-40.7519432071478));
#5706=CARTESIAN_POINT('Origin',(-70.2499999999792,-12.5000000000317,-40.7519432071478));
#5707=CARTESIAN_POINT('',(-84.0000000000001,-12.5000000000317,-100.5));
#5708=CARTESIAN_POINT('Origin',(-85.5000000000001,-12.5000000000317,-100.5));
#5709=CARTESIAN_POINT('Origin',(-85.4999999999582,-12.5000000000317,18.9961135857175));
#5710=CARTESIAN_POINT('',(-83.9999999999582,-16.5000000000317,18.9961135857175));
#5711=CARTESIAN_POINT('Origin',(-85.4999999999582,-16.5000000000317,18.9961135857175));
#5712=CARTESIAN_POINT('',(-83.9999999999582,-12.5000000000317,18.9961135857175));
#5713=CARTESIAN_POINT('Origin',(-85.5000000000001,-12.5000000000317,-100.5));
#5714=CARTESIAN_POINT('',(-84.0000000000001,-16.5000000000317,-100.5));
#5715=CARTESIAN_POINT('Origin',(-85.5000000000001,-16.5000000000317,-100.5));
#5716=CARTESIAN_POINT('',(-84.0000000000001,-12.5000000000317,-100.5));
#5717=CARTESIAN_POINT('Origin',(-90.5000000000001,21.,-88.5));
#5718=CARTESIAN_POINT('',(-90.5000000000001,21.,-90.05));
#5719=CARTESIAN_POINT('Origin',(-90.5000000000001,3.09125528314655E-14,
-80.));
#5720=CARTESIAN_POINT('',(-90.5000000000001,3.03920779418328E-14,-84.25));
#5721=CARTESIAN_POINT('Origin',(-90.5000000000001,21.,-71.5));
#5722=CARTESIAN_POINT('',(-90.5000000000001,21.,-73.05));
#5723=CARTESIAN_POINT('Origin',(-90.5000000000001,26.,-67.5));
#5724=CARTESIAN_POINT('Origin',(-90.5,8.50000000000002,-21.));
#5725=CARTESIAN_POINT('',(-90.5,8.50000000000002,-22.55));
#5726=CARTESIAN_POINT('Origin',(-90.5,-8.5,-21.));
#5727=CARTESIAN_POINT('',(-90.5,-8.5,-22.55));
#5728=CARTESIAN_POINT('Origin',(-90.4999999999583,-12.5,-16.));
#5729=CARTESIAN_POINT('Origin',(-9.49999999994569,23.,-70.5));
#5730=CARTESIAN_POINT('',(-12.5,26.0000000000101,-70.5));
#5731=CARTESIAN_POINT('',(-12.5,23.0000000000101,-67.5));
#5732=CARTESIAN_POINT('Origin',(-12.4999999999457,23.0000000000101,-70.5));
#5733=CARTESIAN_POINT('',(-9.49999999994569,23.,-67.5));
#5734=CARTESIAN_POINT('',(-9.49999999993567,26.,-70.5));
#5735=CARTESIAN_POINT('Origin',(-9.49999999999999,-12.5,-67.5));
#5736=CARTESIAN_POINT('',(-12.5,6.75000000001004,-67.5));
#5737=CARTESIAN_POINT('',(-12.5,-12.49999999999,-67.5));
#5738=CARTESIAN_POINT('',(-21.2925145317022,-10.5000000000317,-67.5));
#5739=CARTESIAN_POINT('',(-12.5,6.75000000001004,-67.5));
#5740=CARTESIAN_POINT('',(-19.6250000000104,-10.5000000000317,-67.5));
#5741=CARTESIAN_POINT('Origin',(-12.5,6.75000000001004,-80.));
#5742=CARTESIAN_POINT('',(-12.5,26.0000000000101,-89.5));
#5743=CARTESIAN_POINT('',(-12.5,26.0000000000101,-92.5));
#5744=CARTESIAN_POINT('',(-12.5,23.0000000000101,-92.5));
#5745=CARTESIAN_POINT('Origin',(-12.4999999999457,23.0000000000101,-89.5));
#5746=CARTESIAN_POINT('',(-12.5,6.75000000001004,-92.5));
#5747=CARTESIAN_POINT('',(-12.5,16.0000000000101,-92.5));
#5748=CARTESIAN_POINT('',(-12.5,6.75000000001004,-90.5));
#5749=CARTESIAN_POINT('',(-12.5,6.75000000005445,-86.25));
#5750=CARTESIAN_POINT('',(-12.5,-10.5000000000317,-90.5));
#5751=CARTESIAN_POINT('',(-12.5,-0.661545987550459,-90.5));
#5752=CARTESIAN_POINT('',(-12.5,-10.5000000000317,-69.5));
#5753=CARTESIAN_POINT('',(-12.5,-10.5000000000317,-60.3759716035739));
#5754=CARTESIAN_POINT('',(-12.5,6.75000000001004,-69.5));
#5755=CARTESIAN_POINT('',(-12.5,-0.661545987550459,-69.5));
#5756=CARTESIAN_POINT('',(-12.5,6.75000000005444,-73.75));
#5757=CARTESIAN_POINT('',(-12.5,21.0000000000101,-90.05));
#5758=CARTESIAN_POINT('Origin',(-12.5,21.0000000000101,-88.5));
#5759=CARTESIAN_POINT('',(-12.5,1.00497388189069E-11,-84.25));
#5760=CARTESIAN_POINT('Origin',(-12.5,1.00503561609539E-11,-80.));
#5761=CARTESIAN_POINT('',(-12.5,21.0000000000101,-73.05));
#5762=CARTESIAN_POINT('Origin',(-12.5,21.0000000000101,-71.5));
#5763=CARTESIAN_POINT('Origin',(-9.49999999996826,9.5,-19.));
#5764=CARTESIAN_POINT('',(-12.4999999999582,12.50000000001,-19.));
#5765=CARTESIAN_POINT('',(-12.4999999999683,9.50000000001003,-16.));
#5766=CARTESIAN_POINT('Origin',(-12.4999999999683,9.50000000001003,-19.));
#5767=CARTESIAN_POINT('',(-9.49999999996826,9.5,-16.));
#5768=CARTESIAN_POINT('',(-9.49999999995823,12.5,-19.));
#5769=CARTESIAN_POINT('Origin',(-9.49999999995823,12.5,-16.));
#5770=CARTESIAN_POINT('',(-12.4999999999582,12.50000000001,-23.));
#5771=CARTESIAN_POINT('',(-9.49999999995823,12.5,-23.));
#5772=CARTESIAN_POINT('',(-12.4999999999582,12.50000000001,-26.));
#5773=CARTESIAN_POINT('Origin',(-9.49999999996826,9.5,-23.));
#5774=CARTESIAN_POINT('',(-12.4999999999582,9.50000000001002,-26.));
#5775=CARTESIAN_POINT('Origin',(-12.4999999999683,9.50000000001003,-23.));
#5776=CARTESIAN_POINT('',(-9.49999999996826,9.5,-26.));
#5777=CARTESIAN_POINT('Origin',(-12.5,1.00249211812825E-11,-21.));
#5778=CARTESIAN_POINT('',(-12.5,1.00253139123652E-11,-26.));
#5779=CARTESIAN_POINT('',(-12.4999999999582,-12.49999999999,-26.));
#5780=CARTESIAN_POINT('',(-12.5,1.00253139123652E-11,-24.5));
#5781=CARTESIAN_POINT('',(-12.5,1.00253139123652E-11,-23.5));
#5782=CARTESIAN_POINT('',(-12.5000000000351,-10.5000000000317,-24.5));
#5783=CARTESIAN_POINT('',(-12.5000000000186,-5.5601668756139,-24.5));
#5784=CARTESIAN_POINT('',(-12.5000000000351,-10.5000000000384,-17.5));
#5785=CARTESIAN_POINT('',(-12.5000000000351,-10.5000000000384,-30.8759716035739));
#5786=CARTESIAN_POINT('',(-12.5,1.00253139123652E-11,-17.5));
#5787=CARTESIAN_POINT('',(-12.5000000000186,-5.5601668756139,-17.5));
#5788=CARTESIAN_POINT('',(-12.5,1.00253139123652E-11,-16.));
#5789=CARTESIAN_POINT('',(-12.5,1.00253139123652E-11,-18.5));
#5790=CARTESIAN_POINT('',(-12.4999999999582,12.50000000001,-16.));
#5791=CARTESIAN_POINT('',(-12.5,-8.49999999998998,-22.55));
#5792=CARTESIAN_POINT('Origin',(-12.5,-8.49999999998998,-21.));
#5793=CARTESIAN_POINT('',(-12.5,8.50000000001004,-22.55));
#5794=CARTESIAN_POINT('Origin',(-12.5,8.50000000001004,-21.));
#5795=CARTESIAN_POINT('Origin',(-9.49999999995823,12.5,-26.));
#5796=CARTESIAN_POINT('',(-19.4240957758671,-10.5000000000317,-26.));
#5797=CARTESIAN_POINT('',(-19.6249999999896,-10.5000000000317,-26.));
#5798=CARTESIAN_POINT('',(-24.7820270309603,-18.6250000000315,-26.));
#5799=CARTESIAN_POINT('Origin',(-9.50000000001,23.,-89.5));
#5800=CARTESIAN_POINT('',(-9.49999999999997,26.,-89.5));
#5801=CARTESIAN_POINT('',(-9.50000000001,23.,-92.5));
#5802=CARTESIAN_POINT('Origin',(-9.49999999999997,26.,-92.5));
#5803=CARTESIAN_POINT('',(-21.2925145317022,-10.5000000000317,-92.5));
#5804=CARTESIAN_POINT('',(-19.6250000000104,-10.5000000000317,-92.5));
#5805=CARTESIAN_POINT('',(-12.5,6.75000000001004,-92.5));
#5806=CARTESIAN_POINT('Origin',(-19.6250000000104,-10.5000000000317,-94.5));
#5807=CARTESIAN_POINT('',(-18.3452994616207,-12.5000000000317,-94.5));
#5808=CARTESIAN_POINT('',(-18.0594010767585,-12.4931768707194,-94.3349364905389));
#5809=CARTESIAN_POINT('Origin',(-18.3452994616207,-10.5000000000317,-94.5));
#5810=CARTESIAN_POINT('',(-22.3119365063903,-12.5000000000317,-94.5));
#5811=CARTESIAN_POINT('',(-19.6250000000104,-12.5000000000317,-94.5));
#5812=CARTESIAN_POINT('Origin',(-21.2925145317049,-10.5000000000317,-94.5));
#5813=CARTESIAN_POINT('',(-10.6547005383793,-12.5000000000317,-94.5));
#5814=CARTESIAN_POINT('',(-19.6250000000104,-12.5000000000317,-94.5));
#5815=CARTESIAN_POINT('',(-10.9405989232415,-12.4931768707194,-94.3349364905389));
#5816=CARTESIAN_POINT('Origin',(-10.6547005383793,-10.5000000000317,-94.5));
#5817=CARTESIAN_POINT('',(-19.6250000000104,-12.4931768707194,-94.3349364905389));
#5818=CARTESIAN_POINT('Origin',(-29.7500000000209,-12.5000000000317,-40.7519432071479));
#5819=CARTESIAN_POINT('',(-21.8094010767585,-12.5000000000317,-100.5));
#5820=CARTESIAN_POINT('',(-9.57746705523012,-12.5000000000317,-79.3136687998826));
#5821=CARTESIAN_POINT('',(-34.1991345599128,-12.5000000000317,-79.0403521149394));
#5822=CARTESIAN_POINT('',(-21.8094010768003,-12.5000000000317,18.9961135857175));
#5823=CARTESIAN_POINT('',(-35.4491345599523,-12.5000000000317,-4.62859780880008));
#5824=CARTESIAN_POINT('',(-18.154700538421,-12.5000000000317,12.6659865667953));
#5825=CARTESIAN_POINT('',(-8.32746705526384,-12.5000000000317,-4.355281123875));
#5826=CARTESIAN_POINT('',(-10.8452994616625,-12.5000000000317,12.6659865667953));
#5827=CARTESIAN_POINT('',(-20.8750000000313,-12.5000000000317,12.6659865667953));
#5828=CARTESIAN_POINT('',(-23.2350329448145,-12.5000000000317,-8.79366131826118));
#5829=CARTESIAN_POINT('',(-20.7429711617363,-12.5000000000317,-14.));
#5830=CARTESIAN_POINT('',(-19.6250000000313,-12.5000000000317,-14.));
#5831=CARTESIAN_POINT('',(-20.7429711617363,-12.5000000000317,-19.5));
#5832=CARTESIAN_POINT('',(-20.7429711617363,-12.5000000000317,-28.3759716035739));
#5833=CARTESIAN_POINT('',(-14.5000000000351,-12.5000000000317,-19.5));
#5834=CARTESIAN_POINT('',(-21.8646359791204,-12.5000000000317,-19.5));
#5835=CARTESIAN_POINT('',(-14.5000000000351,-12.5000000000317,-22.5));
#5836=CARTESIAN_POINT('',(-14.5000000000351,-12.5000000000317,-30.8759716035739));
#5837=CARTESIAN_POINT('',(-20.7429711617363,-12.5000000000317,-22.5));
#5838=CARTESIAN_POINT('',(-21.8646359791204,-12.5000000000317,-22.5));
#5839=CARTESIAN_POINT('',(-20.7429711617363,-12.5000000000317,-28.));
#5840=CARTESIAN_POINT('',(-20.7429711617363,-12.5000000000317,-33.3759716035739));
#5841=CARTESIAN_POINT('',(-19.6249999999896,-12.5000000000317,-28.));
#5842=CARTESIAN_POINT('',(-22.3119365063903,-12.5000000000317,-65.5));
#5843=CARTESIAN_POINT('',(-19.6250000000104,-12.5000000000317,-65.5));
#5844=CARTESIAN_POINT('',(-22.3119365063903,-12.5000000000317,-71.5));
#5845=CARTESIAN_POINT('',(-22.3119365063903,-12.5000000000317,-54.1259716035739));
#5846=CARTESIAN_POINT('',(-14.5,-12.5000000000317,-71.5));
#5847=CARTESIAN_POINT('',(-21.8737602863057,-12.5000000000317,-71.5));
#5848=CARTESIAN_POINT('',(-14.5,-12.5000000000317,-88.5));
#5849=CARTESIAN_POINT('',(-14.5,-12.5000000000317,-60.3759716035739));
#5850=CARTESIAN_POINT('',(-22.3119365063903,-12.5000000000317,-88.5));
#5851=CARTESIAN_POINT('',(-21.8737602863057,-12.5000000000317,-88.5));
#5852=CARTESIAN_POINT('',(-22.3119365063903,-12.5000000000317,-66.6259716035739));
#5853=CARTESIAN_POINT('Origin',(-29.7500000000209,-12.5000000000317,-40.7519432071479));
#5854=CARTESIAN_POINT('',(-24.4850329447751,-12.5000000000317,-70.5451615865561));
#5855=CARTESIAN_POINT('Origin',(-19.6249999999896,-10.5000000000317,-28.));
#5856=CARTESIAN_POINT('Origin',(-19.4240957758671,-10.5000000000317,-28.));
#5857=CARTESIAN_POINT('Origin',(-19.6250000000104,-10.5000000000317,-65.5));
#5858=CARTESIAN_POINT('Origin',(-21.2925145317049,-10.5000000000317,-65.5));
#5859=CARTESIAN_POINT('Origin',(-19.6250000000313,-10.5000000000317,-14.));
#5860=CARTESIAN_POINT('',(-19.4240957758671,-10.5000000000317,-16.));
#5861=CARTESIAN_POINT('Origin',(-19.4240957758671,-10.5000000000317,-14.));
#5862=CARTESIAN_POINT('',(-19.6250000000313,-10.5000000000317,-16.));
#5863=CARTESIAN_POINT('Origin',(-14.5000000000351,-10.5000000000317,-30.8759716035739));
#5864=CARTESIAN_POINT('Origin',(-14.5000000000351,-10.5000000000317,-19.5));
#5865=CARTESIAN_POINT('Origin',(-14.5000000000351,-10.5000000000317,-22.5));
#5866=CARTESIAN_POINT('Origin',(-21.8646359791204,-10.5000000000317,-19.5));
#5867=CARTESIAN_POINT('',(-19.4240957758671,-10.5000000000317,-17.5));
#5868=CARTESIAN_POINT('Origin',(-19.4240957758671,-10.5000000000317,-19.5));
#5869=CARTESIAN_POINT('',(-21.8646359791204,-10.5000000000317,-17.5));
#5870=CARTESIAN_POINT('Origin',(-21.8646359791204,-10.5000000000317,-22.5));
#5871=CARTESIAN_POINT('',(-19.4240957758671,-10.5000000000317,-24.5));
#5872=CARTESIAN_POINT('',(-21.8646359791204,-10.5000000000317,-24.5));
#5873=CARTESIAN_POINT('Origin',(-19.4240957758671,-10.5000000000317,-22.5));
#5874=CARTESIAN_POINT('Origin',(-14.5,-10.5000000000317,-60.3759716035739));
#5875=CARTESIAN_POINT('Origin',(-14.5,-10.5000000000317,-88.5));
#5876=CARTESIAN_POINT('Origin',(-14.5,-10.5000000000317,-71.5));
#5877=CARTESIAN_POINT('Origin',(-21.8737602863057,-10.5000000000317,-88.5));
#5878=CARTESIAN_POINT('',(-21.2925145317049,-10.5000000000317,-90.5));
#5879=CARTESIAN_POINT('',(-21.8737602863057,-10.5000000000317,-90.5));
#5880=CARTESIAN_POINT('Origin',(-21.2925145317049,-10.5000000000317,-88.5));
#5881=CARTESIAN_POINT('Origin',(-21.8737602863057,-10.5000000000317,-71.5));
#5882=CARTESIAN_POINT('',(-21.2925145317049,-10.5000000000317,-69.5));
#5883=CARTESIAN_POINT('Origin',(-21.2925145317049,-10.5000000000317,-71.5));
#5884=CARTESIAN_POINT('',(-21.8737602863057,-10.5000000000317,-69.5));
#5885=CARTESIAN_POINT('Origin',(-13.9975205725905,-8.07309197511096,-90.5));
#5886=CARTESIAN_POINT('',(-25.433916303864,-18.6250000000315,-90.5));
#5887=CARTESIAN_POINT('Origin',(-13.9975205725905,-8.07309197511096,-69.5));
#5888=CARTESIAN_POINT('',(-25.433916303864,-18.6250000000315,-69.5));
#5889=CARTESIAN_POINT('Origin',(-24.7820270309603,-18.6250000000315,-26.));
#5890=CARTESIAN_POINT('',(-24.7820270309603,-18.6250000000315,-24.5));
#5891=CARTESIAN_POINT('Origin',(-13.9792719582199,-11.1203337512329,-24.5));
#5892=CARTESIAN_POINT('Origin',(-29.7500000000209,-16.5000000000317,-40.7519432071479));
#5893=CARTESIAN_POINT('',(-16.,-16.5000000000317,-100.5));
#5894=CARTESIAN_POINT('Origin',(-14.5,-16.5000000000317,-100.5));
#5895=CARTESIAN_POINT('',(-16.0000000000418,-16.5000000000317,18.9961135857175));
#5896=CARTESIAN_POINT('Origin',(-14.5000000000418,-16.5000000000317,18.9961135857175));
#5897=CARTESIAN_POINT('Origin',(-25.433916303864,-18.6250000000315,-92.5));
#5898=CARTESIAN_POINT('Origin',(-25.433916303864,-18.6250000000315,-67.5));
#5899=CARTESIAN_POINT('Origin',(-13.9792719582199,-11.1203337512329,-17.5));
#5900=CARTESIAN_POINT('',(-24.7820270309603,-18.6250000000315,-17.5));
#5901=CARTESIAN_POINT('Origin',(-24.7820270309603,-18.6250000000315,-16.));
#5902=CARTESIAN_POINT('',(-24.7820270309603,-18.6250000000315,-16.));
#5903=CARTESIAN_POINT('Origin',(-8.32746705526384,-10.5000000000317,-4.355281123875));
#5904=CARTESIAN_POINT('',(-19.5000000000418,-10.5000000000317,18.9961135857175));
#5905=CARTESIAN_POINT('Origin',(-21.8094010768003,-10.5000000000317,18.9961135857175));
#5906=CARTESIAN_POINT('',(-17.0000000000418,-10.5000000000317,14.6659865667953));
#5907=CARTESIAN_POINT('',(-6.59541624769496,-10.5000000000317,-3.355281123875));
#5908=CARTESIAN_POINT('Origin',(-18.154700538421,-10.5000000000317,12.6659865667953));
#5909=CARTESIAN_POINT('Origin',(-35.4491345599523,-10.5000000000317,-4.62859780880008));
#5910=CARTESIAN_POINT('',(-33.7170837523834,-10.5000000000317,-5.62859780880008));
#5911=CARTESIAN_POINT('Origin',(-20.8750000000313,-10.5000000000317,12.6659865667953));
#5912=CARTESIAN_POINT('',(-12.0000000000418,-10.5000000000317,14.6659865667953));
#5913=CARTESIAN_POINT('',(-20.8750000000313,-10.5000000000317,14.6659865667953));
#5914=CARTESIAN_POINT('Origin',(-10.8452994616625,-10.5000000000317,12.6659865667953));
#5915=CARTESIAN_POINT('Origin',(-23.2350329448145,-10.5000000000317,-8.79366131826118));
#5916=CARTESIAN_POINT('',(-24.9670837523834,-10.5000000000317,-7.79366131826118));
#5917=CARTESIAN_POINT('Origin',(-24.4850329447751,-10.5000000000317,-70.5451615865561));
#5918=CARTESIAN_POINT('',(-12.,-10.5000000000317,-96.1698729810778));
#5919=CARTESIAN_POINT('',(-26.2170837523439,-10.5000000000317,-71.5451615865561));
#5920=CARTESIAN_POINT('Origin',(-10.8452994616207,-10.5000000000317,-94.1698729810778));
#5921=CARTESIAN_POINT('Origin',(-23.3750000000104,-10.5000000000317,-94.1698729810778));
#5922=CARTESIAN_POINT('',(-17.,-10.5000000000317,-96.1698729810778));
#5923=CARTESIAN_POINT('',(-23.3750000000104,-10.5000000000317,-96.1698729810778));
#5924=CARTESIAN_POINT('Origin',(-18.1547005383792,-10.5000000000317,-94.1698729810778));
#5925=CARTESIAN_POINT('Origin',(-9.57746705523012,-10.5000000000317,-79.3136687998826));
#5926=CARTESIAN_POINT('',(-19.5,-10.5000000000317,-100.5));
#5927=CARTESIAN_POINT('',(-7.84541624766125,-10.5000000000317,-80.3136687998826));
#5928=CARTESIAN_POINT('Origin',(-21.8094010767585,-10.5000000000317,-100.5));
#5929=CARTESIAN_POINT('Origin',(-34.1991345599128,-10.5000000000317,-79.0403521149394));
#5930=CARTESIAN_POINT('',(-32.4670837523439,-10.5000000000317,-78.0403521149394));
#5931=CARTESIAN_POINT('Origin',(-17.5022213998278,-12.5000000000317,18.9961135857175));
#5932=CARTESIAN_POINT('',(-16.0011106999348,-12.5000000000317,16.3961135857175));
#5933=CARTESIAN_POINT('',(-17.5022213998278,-12.5000000000317,18.9961135857175));
#5934=CARTESIAN_POINT('',(-6.09735997250775,-12.5000000000317,-0.757685859683317));
#5935=CARTESIAN_POINT('',(-16.0011106999348,-12.5000000000317,16.3961135857175));
#5936=CARTESIAN_POINT('',(-17.5022213998278,-12.5000000000317,18.9961135857175));
#5937=CARTESIAN_POINT('Origin',(-16.0011106999348,-12.5000000000317,21.5961135857175));
#5938=CARTESIAN_POINT('',(-16.0011106999348,-12.5000000000317,21.5961135857175));
#5939=CARTESIAN_POINT('',(-31.2184721272496,-12.5000000000317,-4.76112956353068));
#5940=CARTESIAN_POINT('',(-16.0011106999348,-12.5000000000317,21.5961135857175));
#5941=CARTESIAN_POINT('Origin',(-12.9988893001488,-12.5000000000317,21.5961135857175));
#5942=CARTESIAN_POINT('',(-12.9988893001488,-12.5000000000317,21.5961135857175));
#5943=CARTESIAN_POINT('',(-21.3744446500848,-12.5000000000317,21.5961135857175));
#5944=CARTESIAN_POINT('',(-12.9988893001488,-12.5000000000317,21.5961135857175));
#5945=CARTESIAN_POINT('Origin',(-11.4977786002557,-12.5000000000317,18.9961135857175));
#5946=CARTESIAN_POINT('',(-11.4977786002557,-12.5000000000317,18.9961135857175));
#5947=CARTESIAN_POINT('',(-0.843472522882138,-12.5000000000317,0.542314140316746));
#5948=CARTESIAN_POINT('',(-11.4977786002557,-12.5000000000317,18.9961135857175));
#5949=CARTESIAN_POINT('Origin',(-12.9988893001487,-12.5000000000317,16.3961135857175));
#5950=CARTESIAN_POINT('',(-12.9988893001487,-12.5000000000317,16.3961135857175));
#5951=CARTESIAN_POINT('',(-27.4656953775171,-12.5000000000317,-8.66112956353065));
#5952=CARTESIAN_POINT('',(-12.9988893001487,-12.5000000000317,16.3961135857175));
#5953=CARTESIAN_POINT('Origin',(-16.0011106999348,-12.5000000000317,16.3961135857175));
#5954=CARTESIAN_POINT('',(-22.8755553499778,-12.5000000000317,16.3961135857175));
#5955=CARTESIAN_POINT('Origin',(-17.0000000000418,-12.5000000000317,14.6659865667953));
#5956=CARTESIAN_POINT('',(-19.5000000000418,-12.5000000000317,18.9961135857175));
#5957=CARTESIAN_POINT('',(-17.0000000000418,-12.5000000000317,14.6659865667953));
#5958=CARTESIAN_POINT('Origin',(-12.0000000000418,-12.5000000000317,14.6659865667953));
#5959=CARTESIAN_POINT('',(-12.0000000000418,-12.5000000000317,14.6659865667953));
#5960=CARTESIAN_POINT('Origin',(-9.50000000004178,-12.5000000000317,18.9961135857175));
#5961=CARTESIAN_POINT('Origin',(-19.5000000000418,-12.5000000000317,18.9961135857175));
#5962=CARTESIAN_POINT('Origin',(-29.7500000000209,-12.5000000000317,-40.7519432071479));
#5963=CARTESIAN_POINT('Origin',(-29.7500000000209,-12.5000000000317,-40.7519432071479));
#5964=CARTESIAN_POINT('',(-16.0000000000418,-12.5000000000317,18.9961135857175));
#5965=CARTESIAN_POINT('Origin',(-14.5000000000418,-12.5000000000317,18.9961135857175));
#5966=CARTESIAN_POINT('Origin',(-17.502221399786,-12.5000000000317,-100.5));
#5967=CARTESIAN_POINT('',(-16.001110699893,-12.5000000000317,-103.1));
#5968=CARTESIAN_POINT('',(-17.502221399786,-12.5000000000317,-100.5));
#5969=CARTESIAN_POINT('',(-31.9690274771567,-12.5000000000317,-75.4427568507477));
#5970=CARTESIAN_POINT('',(-16.001110699893,-6.50000000003175,-103.1));
#5971=CARTESIAN_POINT('',(-16.001110699893,-12.5000000000317,-103.1));
#5972=CARTESIAN_POINT('',(-17.502221399786,-6.50000000003175,-100.5));
#5973=CARTESIAN_POINT('',(-17.502221399786,-6.50000000003175,-100.5));
#5974=CARTESIAN_POINT('',(-17.502221399786,-12.5000000000317,-100.5));
#5975=CARTESIAN_POINT('Origin',(-16.001110699893,-12.5000000000317,-97.9));
#5976=CARTESIAN_POINT('',(-16.001110699893,-12.5000000000317,-97.9));
#5977=CARTESIAN_POINT('',(-5.34680462252754,-12.5000000000317,-79.4462005546131));
#5978=CARTESIAN_POINT('',(-16.001110699893,-6.50000000003175,-97.9));
#5979=CARTESIAN_POINT('',(-16.001110699893,-6.50000000003175,-97.9));
#5980=CARTESIAN_POINT('',(-16.001110699893,-12.5000000000317,-97.9));
#5981=CARTESIAN_POINT('Origin',(-12.998889300107,-12.5000000000317,-97.9));
#5982=CARTESIAN_POINT('',(-12.998889300107,-12.5000000000317,-97.9));
#5983=CARTESIAN_POINT('',(-21.3744446500639,-12.5000000000317,-97.9));
#5984=CARTESIAN_POINT('',(-12.998889300107,-6.50000000003175,-97.9));
#5985=CARTESIAN_POINT('',(-12.998889300107,-6.50000000003175,-97.9));
#5986=CARTESIAN_POINT('',(-12.998889300107,-12.5000000000317,-97.9));
#5987=CARTESIAN_POINT('Origin',(-11.4977786002139,-12.5000000000317,-100.5));
#5988=CARTESIAN_POINT('',(-11.4977786002139,-12.5000000000317,-100.5));
#5989=CARTESIAN_POINT('',(-26.7151400275311,-12.5000000000317,-74.1427568507477));
#5990=CARTESIAN_POINT('',(-11.4977786002139,-6.50000000003175,-100.5));
#5991=CARTESIAN_POINT('',(-11.4977786002139,-6.50000000003175,-100.5));
#5992=CARTESIAN_POINT('',(-11.4977786002139,-12.5000000000317,-100.5));
#5993=CARTESIAN_POINT('Origin',(-12.998889300107,-12.5000000000317,-103.1));
#5994=CARTESIAN_POINT('',(-12.998889300107,-12.5000000000317,-103.1));
#5995=CARTESIAN_POINT('',(-1.594027872795,-12.5000000000317,-83.346200554613));
#5996=CARTESIAN_POINT('',(-12.998889300107,-6.50000000003175,-103.1));
#5997=CARTESIAN_POINT('',(-12.998889300107,-6.50000000003175,-103.1));
#5998=CARTESIAN_POINT('',(-12.998889300107,-12.5000000000317,-103.1));
#5999=CARTESIAN_POINT('Origin',(-16.001110699893,-12.5000000000317,-103.1));
#6000=CARTESIAN_POINT('',(-22.8755553499569,-12.5000000000317,-103.1));
#6001=CARTESIAN_POINT('',(-16.001110699893,-6.50000000003175,-103.1));
#6002=CARTESIAN_POINT('Origin',(-12.,-12.5000000000317,-96.1698729810778));
#6003=CARTESIAN_POINT('',(-12.,-6.50000000003175,-96.1698729810778));
#6004=CARTESIAN_POINT('',(-9.49999999999999,-6.50000000003175,-100.5));
#6005=CARTESIAN_POINT('',(-12.,-12.5000000000317,-96.1698729810778));
#6006=CARTESIAN_POINT('Origin',(-17.,-12.5000000000317,-96.1698729810778));
#6007=CARTESIAN_POINT('',(-17.,-6.50000000003175,-96.1698729810778));
#6008=CARTESIAN_POINT('',(-12.,-6.50000000003175,-96.1698729810778));
#6009=CARTESIAN_POINT('',(-17.,-12.5000000000317,-96.1698729810778));
#6010=CARTESIAN_POINT('Origin',(-19.5,-12.5000000000317,-100.5));
#6011=CARTESIAN_POINT('',(-19.5,-6.50000000003175,-100.5));
#6012=CARTESIAN_POINT('',(-17.,-6.50000000003175,-96.1698729810778));
#6013=CARTESIAN_POINT('',(-19.5,-12.5000000000317,-100.5));
#6014=CARTESIAN_POINT('Origin',(-17.,-12.5000000000317,-104.830127018922));
#6015=CARTESIAN_POINT('',(-19.5,-6.50000000003175,-100.5));
#6016=CARTESIAN_POINT('Origin',(-14.5,-6.50000000003175,-100.500000000001));
#6017=CARTESIAN_POINT('Origin',(-29.7500000000209,-12.5000000000317,-40.7519432071479));
#6018=CARTESIAN_POINT('',(-16.,-12.5000000000317,-100.5));
#6019=CARTESIAN_POINT('Origin',(-14.5,-12.5000000000317,-100.5));
#6020=CARTESIAN_POINT('Origin',(-14.5000000000418,-12.5000000000317,18.9961135857175));
#6021=CARTESIAN_POINT('',(-16.0000000000418,-12.5000000000317,18.9961135857175));
#6022=CARTESIAN_POINT('Origin',(-14.5,-12.5000000000317,-100.5));
#6023=CARTESIAN_POINT('',(-16.,-12.5000000000317,-100.5));
#6024=CARTESIAN_POINT('Origin',(-9.49999999999997,21.,-88.5));
#6025=CARTESIAN_POINT('',(-9.49999999999997,21.,-90.05));
#6026=CARTESIAN_POINT('Origin',(-9.49999999999998,2.72626946380103E-14,
-80.));
#6027=CARTESIAN_POINT('',(-9.49999999999998,2.67422197483776E-14,-84.25));
#6028=CARTESIAN_POINT('Origin',(-9.49999999999998,21.,-71.5));
#6029=CARTESIAN_POINT('',(-9.49999999999998,21.,-73.05));
#6030=CARTESIAN_POINT('Origin',(-9.49999999999998,26.,-67.5));
#6031=CARTESIAN_POINT('Origin',(-9.5,8.50000000000001,-21.));
#6032=CARTESIAN_POINT('',(-9.5,8.50000000000001,-22.55));
#6033=CARTESIAN_POINT('Origin',(-9.50000000000001,-8.5,-21.));
#6034=CARTESIAN_POINT('',(-9.50000000000001,-8.5,-22.55));
#6035=CARTESIAN_POINT('Origin',(-9.50000000004178,-12.5,-16.));
#6036=UNCERTAINTY_MEASURE_WITH_UNIT(LENGTH_MEASURE(0.01),#6040,
'DISTANCE_ACCURACY_VALUE',
'Maximum model space distance between geometric entities at asserted c
onnectivities');
#6037=UNCERTAINTY_MEASURE_WITH_UNIT(LENGTH_MEASURE(0.01),#6040,
'DISTANCE_ACCURACY_VALUE',
'Maximum model space distance between geometric entities at asserted c
onnectivities');
#6038=(
GEOMETRIC_REPRESENTATION_CONTEXT(3)
GLOBAL_UNCERTAINTY_ASSIGNED_CONTEXT((#6036))
GLOBAL_UNIT_ASSIGNED_CONTEXT((#6040,#6042,#6043))
REPRESENTATION_CONTEXT('','3D')
);
#6039=(
GEOMETRIC_REPRESENTATION_CONTEXT(3)
GLOBAL_UNCERTAINTY_ASSIGNED_CONTEXT((#6037))
GLOBAL_UNIT_ASSIGNED_CONTEXT((#6040,#6042,#6043))
REPRESENTATION_CONTEXT('','3D')
);
#6040=(
LENGTH_UNIT()
NAMED_UNIT(*)
SI_UNIT(.MILLI.,.METRE.)
);
#6041=(
LENGTH_UNIT()
NAMED_UNIT(*)
SI_UNIT($,.METRE.)
);
#6042=(
NAMED_UNIT(*)
PLANE_ANGLE_UNIT()
SI_UNIT($,.RADIAN.)
);
#6043=(
NAMED_UNIT(*)
SI_UNIT($,.STERADIAN.)
SOLID_ANGLE_UNIT()
);
#6044=SHAPE_DEFINITION_REPRESENTATION(#6045,#6046);
#6045=PRODUCT_DEFINITION_SHAPE('',$,#6048);
#6046=SHAPE_REPRESENTATION('',(#3664),#6038);
#6047=PRODUCT_DEFINITION_CONTEXT('part definition',#6052,'design');
#6048=PRODUCT_DEFINITION('BASE','BASE',#6049,#6047);
#6049=PRODUCT_DEFINITION_FORMATION('',$,#6054);
#6050=PRODUCT_RELATED_PRODUCT_CATEGORY('BASE','BASE',(#6054));
#6051=APPLICATION_PROTOCOL_DEFINITION('international standard',
'automotive_design',2009,#6052);
#6052=APPLICATION_CONTEXT(
'Core Data for Automotive Mechanical Design Process');
#6053=PRODUCT_CONTEXT('part definition',#6052,'mechanical');
#6054=PRODUCT('BASE','BASE',$,(#6053));
#6055=PRESENTATION_STYLE_ASSIGNMENT((#6057));
#6056=PRESENTATION_STYLE_ASSIGNMENT((#6058));
#6057=SURFACE_STYLE_USAGE(.BOTH.,#6059);
#6058=SURFACE_STYLE_USAGE(.BOTH.,#6060);
#6059=SURFACE_SIDE_STYLE('',(#6061));
#6060=SURFACE_SIDE_STYLE('',(#6062));
#6061=SURFACE_STYLE_FILL_AREA(#6063);
#6062=SURFACE_STYLE_FILL_AREA(#6064);
#6063=FILL_AREA_STYLE('Acier - Satin\X\E9',(#6065));
#6064=FILL_AREA_STYLE('Opaque(63,63,63)',(#6066));
#6065=FILL_AREA_STYLE_COLOUR('Acier - Satin\X\E9',#6067);
#6066=FILL_AREA_STYLE_COLOUR('Opaque(63,63,63)',#6068);
#6067=COLOUR_RGB('Acier - Satin\X\E9',0.627450980392157,0.627450980392157,
0.627450980392157);
#6068=COLOUR_RGB('Opaque(63,63,63)',0.247058823529412,0.247058823529412,
0.247058823529412);
ENDSEC;
END-ISO-10303-21;
