ISO-10303-21;
HEADER;
/* Generated by software containing ST-Developer
 * from STEP Tools, Inc. (www.steptools.com) 
 */

FILE_DESCRIPTION(
/* description */ (''),
/* implementation_level */ '2;1');

FILE_NAME(
/* name */ 'CACHE AVANT.step',
/* time_stamp */ '2026-05-11T15:11:24Z',
/* author */ (''),
/* organization */ (''),
/* preprocessor_version */ 'ST-DEVELOPER v20.1',
/* originating_system */ 'Autodesk Translation Framework v15.8.0.0',
/* authorisation */ '');

FILE_SCHEMA (('AUTOMOTIVE_DESIGN { 1 0 10303 214 3 1 1 }'));
ENDSEC;

DATA;
#10=MECHANICAL_DESIGN_GEOMETRIC_PRESENTATION_REPRESENTATION('',(#13),#3083);
#11=SHAPE_REPRESENTATION_RELATIONSHIP('SRR','None',#3090,#12);
#12=ADVANCED_BREP_SHAPE_REPRESENTATION('',(#14),#3082);
#13=STYLED_ITEM('',(#3100),#14);
#14=MANIFOLD_SOLID_BREP('Corps1',#1668);
#15=B_SPLINE_SURFACE_WITH_KNOTS('',3,3,((#2452,#2453,#2454,#2455,#2456,
#2457),(#2458,#2459,#2460,#2461,#2462,#2463),(#2464,#2465,#2466,#2467,#2468,
#2469),(#2470,#2471,#2472,#2473,#2474,#2475),(#2476,#2477,#2478,#2479,#2480,
#2481)),.UNSPECIFIED.,.F.,.F.,.F.,(4,1,4),(4,1,1,4),(0.,0.5,1.),(0.,0.169035060318481,
0.281725100530801,0.394415140743121),.UNSPECIFIED.);
#16=B_SPLINE_SURFACE_WITH_KNOTS('',3,3,((#2525,#2526,#2527,#2528,#2529,
#2530),(#2531,#2532,#2533,#2534,#2535,#2536),(#2537,#2538,#2539,#2540,#2541,
#2542),(#2543,#2544,#2545,#2546,#2547,#2548),(#2549,#2550,#2551,#2552,#2553,
#2554)),.UNSPECIFIED.,.F.,.F.,.F.,(4,1,4),(4,1,1,4),(0.,0.5,1.),(0.,0.169035916817358,
0.281726528028931,0.394417139240503),.UNSPECIFIED.);
#17=B_SPLINE_SURFACE_WITH_KNOTS('',3,3,((#2674,#2675,#2676,#2677,#2678,
#2679),(#2680,#2681,#2682,#2683,#2684,#2685),(#2686,#2687,#2688,#2689,#2690,
#2691),(#2692,#2693,#2694,#2695,#2696,#2697),(#2698,#2699,#2700,#2701,#2702,
#2703)),.UNSPECIFIED.,.F.,.F.,.F.,(4,1,4),(4,1,1,4),(0.,0.5,1.),(0.,0.169035916817358,
0.281726528028931,0.394417139240503),.UNSPECIFIED.);
#18=B_SPLINE_SURFACE_WITH_KNOTS('',3,3,((#2724,#2725,#2726,#2727,#2728,
#2729),(#2730,#2731,#2732,#2733,#2734,#2735),(#2736,#2737,#2738,#2739,#2740,
#2741),(#2742,#2743,#2744,#2745,#2746,#2747),(#2748,#2749,#2750,#2751,#2752,
#2753)),.UNSPECIFIED.,.F.,.F.,.F.,(4,1,4),(4,1,1,4),(0.,0.5,1.),(0.,0.169035060318481,
0.281725100530802,0.394415140743122),.UNSPECIFIED.);
#19=TOROIDAL_SURFACE('',#1712,8.75,0.5);
#20=TOROIDAL_SURFACE('',#1719,8.75,0.5);
#21=TOROIDAL_SURFACE('',#1740,8.75,0.5);
#22=TOROIDAL_SURFACE('',#1746,8.75,0.5);
#23=TOROIDAL_SURFACE('',#1756,10.,0.5);
#24=TOROIDAL_SURFACE('',#1762,10.,0.5);
#25=FACE_BOUND('',#183,.T.);
#26=FACE_BOUND('',#195,.T.);
#27=FACE_BOUND('',#196,.T.);
#28=FACE_BOUND('',#197,.T.);
#29=FACE_BOUND('',#245,.T.);
#30=FACE_BOUND('',#246,.T.);
#31=FACE_BOUND('',#247,.T.);
#32=FACE_BOUND('',#248,.T.);
#33=FACE_BOUND('',#249,.T.);
#34=FACE_BOUND('',#250,.T.);
#35=FACE_BOUND('',#261,.T.);
#36=FACE_BOUND('',#263,.T.);
#37=FACE_BOUND('',#274,.T.);
#38=ELLIPSE('',#1700,2.8284271247462,2.);
#39=ELLIPSE('',#1701,2.82842712474619,2.);
#40=ELLIPSE('',#1706,2.8284271247462,2.);
#41=ELLIPSE('',#1707,2.82842712474619,2.);
#42=ELLIPSE('',#1709,2.82842712474619,2.);
#43=ELLIPSE('',#1727,2.82842712474619,2.);
#44=ELLIPSE('',#1778,2.82842712474619,2.);
#45=ELLIPSE('',#1781,2.8284271247462,2.);
#46=PLANE('',#1693);
#47=PLANE('',#1702);
#48=PLANE('',#1725);
#49=PLANE('',#1728);
#50=PLANE('',#1752);
#51=PLANE('',#1753);
#52=PLANE('',#1759);
#53=PLANE('',#1760);
#54=PLANE('',#1766);
#55=PLANE('',#1771);
#56=PLANE('',#1774);
#57=PLANE('',#1776);
#58=PLANE('',#1786);
#59=PLANE('',#1787);
#60=PLANE('',#1788);
#61=PLANE('',#1789);
#62=PLANE('',#1790);
#63=PLANE('',#1793);
#64=PLANE('',#1794);
#65=PLANE('',#1795);
#66=PLANE('',#1796);
#67=PLANE('',#1807);
#68=PLANE('',#1808);
#69=PLANE('',#1809);
#70=PLANE('',#1810);
#71=PLANE('',#1811);
#72=PLANE('',#1812);
#73=PLANE('',#1813);
#74=PLANE('',#1814);
#75=PLANE('',#1815);
#76=PLANE('',#1816);
#77=PLANE('',#1817);
#78=PLANE('',#1818);
#79=PLANE('',#1819);
#80=PLANE('',#1820);
#81=PLANE('',#1821);
#82=PLANE('',#1822);
#83=PLANE('',#1823);
#84=PLANE('',#1824);
#85=PLANE('',#1825);
#86=PLANE('',#1826);
#87=PLANE('',#1827);
#88=PLANE('',#1828);
#89=PLANE('',#1829);
#90=FACE_OUTER_BOUND('',#176,.T.);
#91=FACE_OUTER_BOUND('',#177,.T.);
#92=FACE_OUTER_BOUND('',#178,.T.);
#93=FACE_OUTER_BOUND('',#179,.T.);
#94=FACE_OUTER_BOUND('',#180,.T.);
#95=FACE_OUTER_BOUND('',#181,.T.);
#96=FACE_OUTER_BOUND('',#182,.T.);
#97=FACE_OUTER_BOUND('',#184,.T.);
#98=FACE_OUTER_BOUND('',#185,.T.);
#99=FACE_OUTER_BOUND('',#186,.T.);
#100=FACE_OUTER_BOUND('',#187,.T.);
#101=FACE_OUTER_BOUND('',#188,.T.);
#102=FACE_OUTER_BOUND('',#189,.T.);
#103=FACE_OUTER_BOUND('',#190,.T.);
#104=FACE_OUTER_BOUND('',#191,.T.);
#105=FACE_OUTER_BOUND('',#192,.T.);
#106=FACE_OUTER_BOUND('',#193,.T.);
#107=FACE_OUTER_BOUND('',#194,.T.);
#108=FACE_OUTER_BOUND('',#198,.T.);
#109=FACE_OUTER_BOUND('',#199,.T.);
#110=FACE_OUTER_BOUND('',#200,.T.);
#111=FACE_OUTER_BOUND('',#201,.T.);
#112=FACE_OUTER_BOUND('',#202,.T.);
#113=FACE_OUTER_BOUND('',#203,.T.);
#114=FACE_OUTER_BOUND('',#204,.T.);
#115=FACE_OUTER_BOUND('',#205,.T.);
#116=FACE_OUTER_BOUND('',#206,.T.);
#117=FACE_OUTER_BOUND('',#207,.T.);
#118=FACE_OUTER_BOUND('',#208,.T.);
#119=FACE_OUTER_BOUND('',#209,.T.);
#120=FACE_OUTER_BOUND('',#210,.T.);
#121=FACE_OUTER_BOUND('',#211,.T.);
#122=FACE_OUTER_BOUND('',#212,.T.);
#123=FACE_OUTER_BOUND('',#213,.T.);
#124=FACE_OUTER_BOUND('',#214,.T.);
#125=FACE_OUTER_BOUND('',#215,.T.);
#126=FACE_OUTER_BOUND('',#216,.T.);
#127=FACE_OUTER_BOUND('',#217,.T.);
#128=FACE_OUTER_BOUND('',#218,.T.);
#129=FACE_OUTER_BOUND('',#219,.T.);
#130=FACE_OUTER_BOUND('',#220,.T.);
#131=FACE_OUTER_BOUND('',#221,.T.);
#132=FACE_OUTER_BOUND('',#222,.T.);
#133=FACE_OUTER_BOUND('',#223,.T.);
#134=FACE_OUTER_BOUND('',#224,.T.);
#135=FACE_OUTER_BOUND('',#225,.T.);
#136=FACE_OUTER_BOUND('',#226,.T.);
#137=FACE_OUTER_BOUND('',#227,.T.);
#138=FACE_OUTER_BOUND('',#228,.T.);
#139=FACE_OUTER_BOUND('',#229,.T.);
#140=FACE_OUTER_BOUND('',#230,.T.);
#141=FACE_OUTER_BOUND('',#231,.T.);
#142=FACE_OUTER_BOUND('',#232,.T.);
#143=FACE_OUTER_BOUND('',#233,.T.);
#144=FACE_OUTER_BOUND('',#234,.T.);
#145=FACE_OUTER_BOUND('',#235,.T.);
#146=FACE_OUTER_BOUND('',#236,.T.);
#147=FACE_OUTER_BOUND('',#237,.T.);
#148=FACE_OUTER_BOUND('',#238,.T.);
#149=FACE_OUTER_BOUND('',#239,.T.);
#150=FACE_OUTER_BOUND('',#240,.T.);
#151=FACE_OUTER_BOUND('',#241,.T.);
#152=FACE_OUTER_BOUND('',#242,.T.);
#153=FACE_OUTER_BOUND('',#243,.T.);
#154=FACE_OUTER_BOUND('',#244,.T.);
#155=FACE_OUTER_BOUND('',#251,.T.);
#156=FACE_OUTER_BOUND('',#252,.T.);
#157=FACE_OUTER_BOUND('',#253,.T.);
#158=FACE_OUTER_BOUND('',#254,.T.);
#159=FACE_OUTER_BOUND('',#255,.T.);
#160=FACE_OUTER_BOUND('',#256,.T.);
#161=FACE_OUTER_BOUND('',#257,.T.);
#162=FACE_OUTER_BOUND('',#258,.T.);
#163=FACE_OUTER_BOUND('',#259,.T.);
#164=FACE_OUTER_BOUND('',#260,.T.);
#165=FACE_OUTER_BOUND('',#262,.T.);
#166=FACE_OUTER_BOUND('',#264,.T.);
#167=FACE_OUTER_BOUND('',#265,.T.);
#168=FACE_OUTER_BOUND('',#266,.T.);
#169=FACE_OUTER_BOUND('',#267,.T.);
#170=FACE_OUTER_BOUND('',#268,.T.);
#171=FACE_OUTER_BOUND('',#269,.T.);
#172=FACE_OUTER_BOUND('',#270,.T.);
#173=FACE_OUTER_BOUND('',#271,.T.);
#174=FACE_OUTER_BOUND('',#272,.T.);
#175=FACE_OUTER_BOUND('',#273,.T.);
#176=EDGE_LOOP('',(#1062,#1063,#1064,#1065,#1066,#1067));
#177=EDGE_LOOP('',(#1068,#1069,#1070,#1071,#1072,#1073));
#178=EDGE_LOOP('',(#1074,#1075,#1076,#1077,#1078,#1079,#1080));
#179=EDGE_LOOP('',(#1081,#1082,#1083,#1084));
#180=EDGE_LOOP('',(#1085,#1086,#1087,#1088,#1089,#1090,#1091,#1092,#1093,
#1094));
#181=EDGE_LOOP('',(#1095,#1096,#1097,#1098,#1099,#1100,#1101,#1102));
#182=EDGE_LOOP('',(#1103,#1104,#1105,#1106,#1107,#1108,#1109,#1110,#1111));
#183=EDGE_LOOP('',(#1112,#1113,#1114,#1115,#1116,#1117));
#184=EDGE_LOOP('',(#1118,#1119,#1120,#1121,#1122,#1123,#1124));
#185=EDGE_LOOP('',(#1125,#1126,#1127,#1128,#1129));
#186=EDGE_LOOP('',(#1130,#1131,#1132,#1133));
#187=EDGE_LOOP('',(#1134,#1135,#1136,#1137));
#188=EDGE_LOOP('',(#1138,#1139,#1140,#1141));
#189=EDGE_LOOP('',(#1142,#1143,#1144,#1145));
#190=EDGE_LOOP('',(#1146,#1147,#1148,#1149,#1150,#1151,#1152));
#191=EDGE_LOOP('',(#1153,#1154,#1155,#1156));
#192=EDGE_LOOP('',(#1157,#1158,#1159,#1160,#1161));
#193=EDGE_LOOP('',(#1162,#1163,#1164,#1165));
#194=EDGE_LOOP('',(#1166,#1167,#1168,#1169,#1170,#1171,#1172,#1173));
#195=EDGE_LOOP('',(#1174,#1175,#1176,#1177,#1178,#1179,#1180,#1181,#1182,
#1183,#1184,#1185,#1186,#1187));
#196=EDGE_LOOP('',(#1188,#1189,#1190,#1191,#1192,#1193,#1194,#1195,#1196,
#1197,#1198,#1199,#1200,#1201,#1202,#1203));
#197=EDGE_LOOP('',(#1204,#1205,#1206,#1207));
#198=EDGE_LOOP('',(#1208,#1209,#1210,#1211,#1212,#1213,#1214,#1215,#1216,
#1217));
#199=EDGE_LOOP('',(#1218,#1219,#1220,#1221));
#200=EDGE_LOOP('',(#1222,#1223,#1224,#1225,#1226,#1227));
#201=EDGE_LOOP('',(#1228,#1229,#1230,#1231));
#202=EDGE_LOOP('',(#1232,#1233,#1234,#1235,#1236));
#203=EDGE_LOOP('',(#1237,#1238,#1239,#1240));
#204=EDGE_LOOP('',(#1241,#1242,#1243,#1244));
#205=EDGE_LOOP('',(#1245,#1246,#1247,#1248,#1249));
#206=EDGE_LOOP('',(#1250,#1251,#1252,#1253,#1254,#1255));
#207=EDGE_LOOP('',(#1256,#1257,#1258,#1259,#1260,#1261,#1262,#1263,#1264,
#1265));
#208=EDGE_LOOP('',(#1266,#1267,#1268,#1269));
#209=EDGE_LOOP('',(#1270,#1271,#1272,#1273,#1274,#1275));
#210=EDGE_LOOP('',(#1276,#1277,#1278,#1279));
#211=EDGE_LOOP('',(#1280,#1281,#1282,#1283));
#212=EDGE_LOOP('',(#1284,#1285,#1286,#1287));
#213=EDGE_LOOP('',(#1288,#1289,#1290,#1291));
#214=EDGE_LOOP('',(#1292,#1293,#1294,#1295));
#215=EDGE_LOOP('',(#1296,#1297,#1298,#1299));
#216=EDGE_LOOP('',(#1300,#1301,#1302,#1303));
#217=EDGE_LOOP('',(#1304,#1305,#1306,#1307));
#218=EDGE_LOOP('',(#1308,#1309,#1310,#1311));
#219=EDGE_LOOP('',(#1312,#1313,#1314,#1315));
#220=EDGE_LOOP('',(#1316,#1317,#1318,#1319,#1320,#1321));
#221=EDGE_LOOP('',(#1322,#1323,#1324,#1325));
#222=EDGE_LOOP('',(#1326,#1327,#1328,#1329));
#223=EDGE_LOOP('',(#1330,#1331,#1332,#1333,#1334));
#224=EDGE_LOOP('',(#1335,#1336,#1337,#1338));
#225=EDGE_LOOP('',(#1339,#1340,#1341,#1342));
#226=EDGE_LOOP('',(#1343,#1344,#1345,#1346));
#227=EDGE_LOOP('',(#1347,#1348,#1349,#1350));
#228=EDGE_LOOP('',(#1351,#1352,#1353,#1354,#1355));
#229=EDGE_LOOP('',(#1356,#1357,#1358,#1359));
#230=EDGE_LOOP('',(#1360,#1361,#1362,#1363));
#231=EDGE_LOOP('',(#1364,#1365,#1366,#1367));
#232=EDGE_LOOP('',(#1368,#1369,#1370,#1371,#1372,#1373));
#233=EDGE_LOOP('',(#1374,#1375,#1376,#1377,#1378,#1379));
#234=EDGE_LOOP('',(#1380,#1381,#1382,#1383,#1384,#1385));
#235=EDGE_LOOP('',(#1386,#1387,#1388,#1389));
#236=EDGE_LOOP('',(#1390,#1391,#1392,#1393));
#237=EDGE_LOOP('',(#1394,#1395,#1396,#1397));
#238=EDGE_LOOP('',(#1398,#1399,#1400,#1401,#1402));
#239=EDGE_LOOP('',(#1403,#1404,#1405,#1406));
#240=EDGE_LOOP('',(#1407,#1408,#1409,#1410,#1411));
#241=EDGE_LOOP('',(#1412,#1413,#1414,#1415));
#242=EDGE_LOOP('',(#1416,#1417,#1418,#1419,#1420));
#243=EDGE_LOOP('',(#1421,#1422,#1423,#1424));
#244=EDGE_LOOP('',(#1425,#1426,#1427,#1428,#1429,#1430,#1431,#1432));
#245=EDGE_LOOP('',(#1433));
#246=EDGE_LOOP('',(#1434));
#247=EDGE_LOOP('',(#1435));
#248=EDGE_LOOP('',(#1436,#1437,#1438));
#249=EDGE_LOOP('',(#1439));
#250=EDGE_LOOP('',(#1440));
#251=EDGE_LOOP('',(#1441,#1442,#1443,#1444));
#252=EDGE_LOOP('',(#1445,#1446,#1447,#1448));
#253=EDGE_LOOP('',(#1449,#1450,#1451,#1452));
#254=EDGE_LOOP('',(#1453,#1454,#1455,#1456));
#255=EDGE_LOOP('',(#1457,#1458,#1459,#1460));
#256=EDGE_LOOP('',(#1461,#1462,#1463,#1464));
#257=EDGE_LOOP('',(#1465,#1466,#1467,#1468));
#258=EDGE_LOOP('',(#1469,#1470,#1471,#1472));
#259=EDGE_LOOP('',(#1473,#1474,#1475,#1476));
#260=EDGE_LOOP('',(#1477,#1478,#1479,#1480,#1481,#1482));
#261=EDGE_LOOP('',(#1483,#1484,#1485,#1486,#1487,#1488));
#262=EDGE_LOOP('',(#1489,#1490,#1491,#1492,#1493,#1494,#1495));
#263=EDGE_LOOP('',(#1496,#1497,#1498,#1499,#1500,#1501));
#264=EDGE_LOOP('',(#1502,#1503,#1504,#1505));
#265=EDGE_LOOP('',(#1506,#1507,#1508,#1509));
#266=EDGE_LOOP('',(#1510,#1511,#1512,#1513));
#267=EDGE_LOOP('',(#1514,#1515,#1516,#1517));
#268=EDGE_LOOP('',(#1518,#1519,#1520,#1521));
#269=EDGE_LOOP('',(#1522,#1523,#1524,#1525));
#270=EDGE_LOOP('',(#1526,#1527,#1528,#1529));
#271=EDGE_LOOP('',(#1530,#1531,#1532,#1533));
#272=EDGE_LOOP('',(#1534,#1535,#1536,#1537));
#273=EDGE_LOOP('',(#1538,#1539,#1540,#1541,#1542,#1543));
#274=EDGE_LOOP('',(#1544,#1545,#1546,#1547,#1548,#1549));
#275=B_SPLINE_CURVE_WITH_KNOTS('',3,(#2285,#2286,#2287,#2288,#2289,#2290),
 .UNSPECIFIED.,.F.,.F.,(4,2,4),(0.338681567730789,0.385589733343105,0.483393230136793),
 .UNSPECIFIED.);
#276=B_SPLINE_CURVE_WITH_KNOTS('',3,(#2293,#2294,#2295,#2296,#2297,#2298),
 .UNSPECIFIED.,.F.,.F.,(4,2,4),(0.483393230136793,0.58119672693048,0.628104892542797),
 .UNSPECIFIED.);
#277=B_SPLINE_CURVE_WITH_KNOTS('',3,(#2307,#2308,#2309,#2310,#2311,#2312,
#2313,#2314,#2315,#2316),.UNSPECIFIED.,.F.,.F.,(4,2,2,2,4),(0.338681567724311,
0.385589733350944,0.483393230147438,0.581196726943933,0.628104892570566),
 .UNSPECIFIED.);
#278=B_SPLINE_CURVE_WITH_KNOTS('',3,(#2331,#2332,#2333,#2334),
 .UNSPECIFIED.,.F.,.F.,(4,4),(0.586610306694523,0.628104892542801),
 .UNSPECIFIED.);
#279=B_SPLINE_CURVE_WITH_KNOTS('',3,(#2335,#2336,#2337,#2338),
 .UNSPECIFIED.,.F.,.F.,(4,4),(0.304251227798517,0.326094048787368),
 .UNSPECIFIED.);
#280=B_SPLINE_CURVE_WITH_KNOTS('',3,(#2353,#2354,#2355,#2356),
 .UNSPECIFIED.,.F.,.F.,(4,4),(0.933297461229616,0.955140282225603),
 .UNSPECIFIED.);
#281=B_SPLINE_CURVE_WITH_KNOTS('',3,(#2358,#2359,#2360,#2361),
 .UNSPECIFIED.,.F.,.F.,(4,4),(0.338681567724311,0.380176153582348),
 .UNSPECIFIED.);
#282=B_SPLINE_CURVE_WITH_KNOTS('',3,(#2365,#2366,#2367,#2368),
 .UNSPECIFIED.,.F.,.F.,(4,4),(0.309781161253241,0.370425099259236),
 .UNSPECIFIED.);
#283=B_SPLINE_CURVE_WITH_KNOTS('',3,(#2429,#2430,#2431,#2432,#2433,#2434,
#2435,#2436,#2437,#2438,#2439,#2440,#2441,#2442),.UNSPECIFIED.,.F.,.F.,
(4,2,2,2,2,2,4),(-0.0928686712857067,-0.0787111315170226,-0.062358605053532,
-0.040246299309123,-0.0205528851929867,0.,0.000440015375215599),
 .UNSPECIFIED.);
#284=B_SPLINE_CURVE_WITH_KNOTS('',3,(#2485,#2486,#2487,#2488,#2489,#2490),
 .UNSPECIFIED.,.F.,.F.,(4,1,1,4),(-0.394415140743121,-0.281725100530801,
-0.169035060318481,0.),.UNSPECIFIED.);
#285=B_SPLINE_CURVE_WITH_KNOTS('',3,(#2491,#2492,#2493,#2494,#2495,#2496),
 .UNSPECIFIED.,.F.,.F.,(4,1,1,4),(0.,0.169035060318481,0.281725100530801,
0.394415140743121),.UNSPECIFIED.);
#286=B_SPLINE_CURVE_WITH_KNOTS('',3,(#2502,#2503,#2504,#2505,#2506,#2507,
#2508,#2509,#2510,#2511,#2512,#2513,#2514,#2515),.UNSPECIFIED.,.F.,.F.,
(4,2,2,2,2,2,4),(-0.09248794085623,-0.0920517958685246,-0.0716796944257068,
-0.0521595041281972,-0.0302416988404962,-0.0140330096548754,0.),
 .UNSPECIFIED.);
#287=B_SPLINE_CURVE_WITH_KNOTS('',3,(#2555,#2556,#2557,#2558,#2559,#2560),
 .UNSPECIFIED.,.F.,.F.,(4,1,1,4),(-0.394417139240503,-0.281726528028931,
-0.169035916817358,0.),.UNSPECIFIED.);
#288=B_SPLINE_CURVE_WITH_KNOTS('',3,(#2561,#2562,#2563,#2564,#2565,#2566),
 .UNSPECIFIED.,.F.,.F.,(4,1,1,4),(0.,0.169035916817358,0.281726528028931,
0.394417139240503),.UNSPECIFIED.);
#289=B_SPLINE_CURVE_WITH_KNOTS('',3,(#2637,#2638,#2639,#2640,#2641,#2642,
#2643,#2644,#2645,#2646,#2647,#2648,#2649,#2650),.UNSPECIFIED.,.F.,.F.,
(4,2,2,2,2,2,4),(-0.0924879408562604,-0.0920517958685683,-0.0716796944257046,
-0.0521595041281945,-0.0302416988404903,-0.0140330096548733,0.),
 .UNSPECIFIED.);
#290=B_SPLINE_CURVE_WITH_KNOTS('',3,(#2659,#2660,#2661,#2662,#2663,#2664,
#2665,#2666,#2667,#2668,#2669,#2670,#2671,#2672),.UNSPECIFIED.,.F.,.F.,
(4,2,2,2,2,2,4),(-0.0928686712857048,-0.0787111315170204,-0.0623586050535354,
-0.040246299309115,-0.0205528851929603,0.,0.000440015375198116),
 .UNSPECIFIED.);
#291=B_SPLINE_CURVE_WITH_KNOTS('',3,(#2704,#2705,#2706,#2707,#2708,#2709),
 .UNSPECIFIED.,.F.,.F.,(4,1,1,4),(-0.394417139240503,-0.281726528028931,
-0.169035916817358,0.),.UNSPECIFIED.);
#292=B_SPLINE_CURVE_WITH_KNOTS('',3,(#2712,#2713,#2714,#2715,#2716,#2717),
 .UNSPECIFIED.,.F.,.F.,(4,1,1,4),(0.,0.169035916817358,0.281726528028931,
0.394417139240503),.UNSPECIFIED.);
#293=B_SPLINE_CURVE_WITH_KNOTS('',3,(#2755,#2756,#2757,#2758,#2759,#2760),
 .UNSPECIFIED.,.F.,.F.,(4,1,1,4),(-0.394415140743122,-0.281725100530802,
-0.169035060318481,0.),.UNSPECIFIED.);
#294=B_SPLINE_CURVE_WITH_KNOTS('',3,(#2763,#2764,#2765,#2766,#2767,#2768),
 .UNSPECIFIED.,.F.,.F.,(4,1,1,4),(0.,0.169035060318481,0.281725100530802,
0.394415140743122),.UNSPECIFIED.);
#295=B_SPLINE_CURVE_WITH_KNOTS('',3,(#2793,#2794,#2795,#2796,#2797,#2798,
#2799,#2800,#2801,#2802),.UNSPECIFIED.,.F.,.F.,(4,2,2,2,4),(0.157116131367035,
0.174907184914405,0.193909943077407,0.214360843713362,0.235908323735865),
 .UNSPECIFIED.);
#296=B_SPLINE_CURVE_WITH_KNOTS('',3,(#2806,#2807,#2808,#2809,#2810,#2811,
#2812,#2813,#2814,#2815),.UNSPECIFIED.,.F.,.F.,(4,2,2,2,4),(0.392556201732273,
0.414103681754776,0.434554582390731,0.453557340553733,0.471348394101103),
 .UNSPECIFIED.);
#297=B_SPLINE_CURVE_WITH_KNOTS('',3,(#2821,#2822,#2823,#2824,#2825,#2826,
#2827,#2828,#2829,#2830),.UNSPECIFIED.,.F.,.F.,(4,2,2,2,4),(0.157116131367035,
0.174907184914405,0.193909943077407,0.214360843713362,0.235908323735865),
 .UNSPECIFIED.);
#298=B_SPLINE_CURVE_WITH_KNOTS('',3,(#2842,#2843,#2844,#2845,#2846,#2847,
#2848,#2849,#2850,#2851),.UNSPECIFIED.,.F.,.F.,(4,2,2,2,4),(0.392556201732273,
0.414103681754777,0.434554582390732,0.453557340553733,0.471348394101104),
 .UNSPECIFIED.);
#299=B_SPLINE_CURVE_WITH_KNOTS('',3,(#2885,#2886,#2887,#2888,#2889,#2890,
#2891,#2892,#2893,#2894),.UNSPECIFIED.,.F.,.F.,(4,2,2,2,4),(0.407162799812933,
0.503513657848195,0.599864515883456,0.673664859212662,0.747465202541868),
 .UNSPECIFIED.);
#300=B_SPLINE_CURVE_WITH_KNOTS('',3,(#2897,#2898,#2899,#2900,#2901,#2902,
#2903,#2904,#2905,#2906),.UNSPECIFIED.,.F.,.F.,(4,2,2,2,4),(0.739963307286819,
0.813763650616025,0.887563993945232,0.983914851980493,1.08026571001575),
 .UNSPECIFIED.);
#301=B_SPLINE_CURVE_WITH_KNOTS('',3,(#2921,#2922,#2923,#2924,#2925,#2926,
#2927,#2928,#2929,#2930),.UNSPECIFIED.,.F.,.F.,(4,2,2,2,4),(0.407162799812934,
0.503513657848196,0.599864515883457,0.673664859212664,0.74746520254187),
 .UNSPECIFIED.);
#302=B_SPLINE_CURVE_WITH_KNOTS('',3,(#2931,#2932,#2933,#2934,#2935,#2936,
#2937,#2938,#2939,#2940),.UNSPECIFIED.,.F.,.F.,(4,2,2,2,4),(0.747465202541869,
0.821265545871075,0.895065889200281,0.991416747235543,1.0877676052708),
 .UNSPECIFIED.);
#303=LINE('',#2283,#453);
#304=LINE('',#2303,#454);
#305=LINE('',#2323,#455);
#306=LINE('',#2327,#456);
#307=LINE('',#2341,#457);
#308=LINE('',#2343,#458);
#309=LINE('',#2344,#459);
#310=LINE('',#2349,#460);
#311=LINE('',#2370,#461);
#312=LINE('',#2374,#462);
#313=LINE('',#2378,#463);
#314=LINE('',#2380,#464);
#315=LINE('',#2383,#465);
#316=LINE('',#2387,#466);
#317=LINE('',#2389,#467);
#318=LINE('',#2391,#468);
#319=LINE('',#2393,#469);
#320=LINE('',#2396,#470);
#321=LINE('',#2398,#471);
#322=LINE('',#2400,#472);
#323=LINE('',#2402,#473);
#324=LINE('',#2404,#474);
#325=LINE('',#2405,#475);
#326=LINE('',#2407,#476);
#327=LINE('',#2411,#477);
#328=LINE('',#2414,#478);
#329=LINE('',#2417,#479);
#330=LINE('',#2420,#480);
#331=LINE('',#2424,#481);
#332=LINE('',#2428,#482);
#333=LINE('',#2499,#483);
#334=LINE('',#2501,#484);
#335=LINE('',#2569,#485);
#336=LINE('',#2571,#486);
#337=LINE('',#2572,#487);
#338=LINE('',#2575,#488);
#339=LINE('',#2582,#489);
#340=LINE('',#2586,#490);
#341=LINE('',#2590,#491);
#342=LINE('',#2593,#492);
#343=LINE('',#2595,#493);
#344=LINE('',#2597,#494);
#345=LINE('',#2598,#495);
#346=LINE('',#2600,#496);
#347=LINE('',#2602,#497);
#348=LINE('',#2606,#498);
#349=LINE('',#2607,#499);
#350=LINE('',#2608,#500);
#351=LINE('',#2609,#501);
#352=LINE('',#2611,#502);
#353=LINE('',#2613,#503);
#354=LINE('',#2615,#504);
#355=LINE('',#2616,#505);
#356=LINE('',#2621,#506);
#357=LINE('',#2624,#507);
#358=LINE('',#2627,#508);
#359=LINE('',#2632,#509);
#360=LINE('',#2636,#510);
#361=LINE('',#2770,#511);
#362=LINE('',#2771,#512);
#363=LINE('',#2774,#513);
#364=LINE('',#2776,#514);
#365=LINE('',#2777,#515);
#366=LINE('',#2780,#516);
#367=LINE('',#2782,#517);
#368=LINE('',#2784,#518);
#369=LINE('',#2785,#519);
#370=LINE('',#2788,#520);
#371=LINE('',#2819,#521);
#372=LINE('',#2832,#522);
#373=LINE('',#2834,#523);
#374=LINE('',#2835,#524);
#375=LINE('',#2838,#525);
#376=LINE('',#2857,#526);
#377=LINE('',#2858,#527);
#378=LINE('',#2861,#528);
#379=LINE('',#2862,#529);
#380=LINE('',#2866,#530);
#381=LINE('',#2871,#531);
#382=LINE('',#2872,#532);
#383=LINE('',#2875,#533);
#384=LINE('',#2876,#534);
#385=LINE('',#2880,#535);
#386=LINE('',#2882,#536);
#387=LINE('',#2896,#537);
#388=LINE('',#2908,#538);
#389=LINE('',#2909,#539);
#390=LINE('',#2913,#540);
#391=LINE('',#2916,#541);
#392=LINE('',#2919,#542);
#393=LINE('',#2942,#543);
#394=LINE('',#2944,#544);
#395=LINE('',#2947,#545);
#396=LINE('',#2948,#546);
#397=LINE('',#2951,#547);
#398=LINE('',#2952,#548);
#399=LINE('',#2955,#549);
#400=LINE('',#2956,#550);
#401=LINE('',#2958,#551);
#402=LINE('',#2963,#552);
#403=LINE('',#2965,#553);
#404=LINE('',#2967,#554);
#405=LINE('',#2974,#555);
#406=LINE('',#2978,#556);
#407=LINE('',#2982,#557);
#408=LINE('',#2987,#558);
#409=LINE('',#2990,#559);
#410=LINE('',#2994,#560);
#411=LINE('',#2996,#561);
#412=LINE('',#2997,#562);
#413=LINE('',#3000,#563);
#414=LINE('',#3001,#564);
#415=LINE('',#3004,#565);
#416=LINE('',#3005,#566);
#417=LINE('',#3008,#567);
#418=LINE('',#3009,#568);
#419=LINE('',#3012,#569);
#420=LINE('',#3013,#570);
#421=LINE('',#3015,#571);
#422=LINE('',#3018,#572);
#423=LINE('',#3020,#573);
#424=LINE('',#3021,#574);
#425=LINE('',#3023,#575);
#426=LINE('',#3025,#576);
#427=LINE('',#3029,#577);
#428=LINE('',#3031,#578);
#429=LINE('',#3032,#579);
#430=LINE('',#3035,#580);
#431=LINE('',#3037,#581);
#432=LINE('',#3039,#582);
#433=LINE('',#3041,#583);
#434=LINE('',#3043,#584);
#435=LINE('',#3044,#585);
#436=LINE('',#3047,#586);
#437=LINE('',#3049,#587);
#438=LINE('',#3050,#588);
#439=LINE('',#3053,#589);
#440=LINE('',#3054,#590);
#441=LINE('',#3057,#591);
#442=LINE('',#3058,#592);
#443=LINE('',#3061,#593);
#444=LINE('',#3062,#594);
#445=LINE('',#3065,#595);
#446=LINE('',#3066,#596);
#447=LINE('',#3068,#597);
#448=LINE('',#3071,#598);
#449=LINE('',#3073,#599);
#450=LINE('',#3074,#600);
#451=LINE('',#3076,#601);
#452=LINE('',#3078,#602);
#453=VECTOR('',#1836,2.5);
#454=VECTOR('',#1843,2.5);
#455=VECTOR('',#1852,10.);
#456=VECTOR('',#1855,10.);
#457=VECTOR('',#1860,4.);
#458=VECTOR('',#1861,10.);
#459=VECTOR('',#1862,10.);
#460=VECTOR('',#1867,2.5);
#461=VECTOR('',#1872,10.);
#462=VECTOR('',#1877,10.);
#463=VECTOR('',#1880,10.);
#464=VECTOR('',#1883,10.);
#465=VECTOR('',#1886,10.);
#466=VECTOR('',#1889,10.);
#467=VECTOR('',#1890,10.);
#468=VECTOR('',#1891,10.);
#469=VECTOR('',#1894,10.);
#470=VECTOR('',#1895,10.);
#471=VECTOR('',#1896,10.);
#472=VECTOR('',#1897,10.);
#473=VECTOR('',#1898,10.);
#474=VECTOR('',#1899,10.);
#475=VECTOR('',#1900,10.);
#476=VECTOR('',#1903,10.);
#477=VECTOR('',#1906,10.);
#478=VECTOR('',#1909,10.);
#479=VECTOR('',#1912,10.);
#480=VECTOR('',#1915,10.);
#481=VECTOR('',#1918,10.);
#482=VECTOR('',#1921,10.);
#483=VECTOR('',#1936,10.);
#484=VECTOR('',#1937,10.);
#485=VECTOR('',#1952,10.);
#486=VECTOR('',#1953,10.);
#487=VECTOR('',#1954,10.);
#488=VECTOR('',#1957,10.);
#489=VECTOR('',#1964,10.);
#490=VECTOR('',#1967,10.);
#491=VECTOR('',#1970,10.);
#492=VECTOR('',#1973,10.);
#493=VECTOR('',#1974,4.);
#494=VECTOR('',#1975,10.);
#495=VECTOR('',#1976,4.);
#496=VECTOR('',#1977,10.);
#497=VECTOR('',#1978,10.);
#498=VECTOR('',#1981,10.);
#499=VECTOR('',#1982,10.);
#500=VECTOR('',#1983,10.);
#501=VECTOR('',#1984,10.);
#502=VECTOR('',#1985,10.);
#503=VECTOR('',#1986,4.);
#504=VECTOR('',#1987,10.);
#505=VECTOR('',#1988,4.);
#506=VECTOR('',#1991,10.);
#507=VECTOR('',#1994,10.);
#508=VECTOR('',#1997,8.25);
#509=VECTOR('',#2002,10.);
#510=VECTOR('',#2005,10.);
#511=VECTOR('',#2030,10.);
#512=VECTOR('',#2031,10.);
#513=VECTOR('',#2034,10.);
#514=VECTOR('',#2035,10.);
#515=VECTOR('',#2036,10.);
#516=VECTOR('',#2039,10.);
#517=VECTOR('',#2040,10.);
#518=VECTOR('',#2041,10.);
#519=VECTOR('',#2042,10.);
#520=VECTOR('',#2045,8.25);
#521=VECTOR('',#2056,10.);
#522=VECTOR('',#2057,10.);
#523=VECTOR('',#2058,10.);
#524=VECTOR('',#2059,10.);
#525=VECTOR('',#2062,10.);
#526=VECTOR('',#2073,10.);
#527=VECTOR('',#2074,10.);
#528=VECTOR('',#2077,10.);
#529=VECTOR('',#2078,10.);
#530=VECTOR('',#2083,10.);
#531=VECTOR('',#2088,10.);
#532=VECTOR('',#2089,10.);
#533=VECTOR('',#2092,10.);
#534=VECTOR('',#2093,10.);
#535=VECTOR('',#2098,10.);
#536=VECTOR('',#2101,10.);
#537=VECTOR('',#2104,10.);
#538=VECTOR('',#2107,10.);
#539=VECTOR('',#2108,10.);
#540=VECTOR('',#2115,10.);
#541=VECTOR('',#2118,10.);
#542=VECTOR('',#2123,10.);
#543=VECTOR('',#2128,10.);
#544=VECTOR('',#2131,10.);
#545=VECTOR('',#2134,10.);
#546=VECTOR('',#2135,10.);
#547=VECTOR('',#2138,10.);
#548=VECTOR('',#2139,10.);
#549=VECTOR('',#2142,10.);
#550=VECTOR('',#2143,10.);
#551=VECTOR('',#2146,10.);
#552=VECTOR('',#2155,10.);
#553=VECTOR('',#2158,10.);
#554=VECTOR('',#2161,10.);
#555=VECTOR('',#2170,10.);
#556=VECTOR('',#2175,10.);
#557=VECTOR('',#2180,10.);
#558=VECTOR('',#2185,10.);
#559=VECTOR('',#2190,10.);
#560=VECTOR('',#2195,10.);
#561=VECTOR('',#2196,10.);
#562=VECTOR('',#2197,10.);
#563=VECTOR('',#2200,10.);
#564=VECTOR('',#2201,10.);
#565=VECTOR('',#2204,10.);
#566=VECTOR('',#2205,10.);
#567=VECTOR('',#2208,10.);
#568=VECTOR('',#2209,10.);
#569=VECTOR('',#2212,10.);
#570=VECTOR('',#2213,10.);
#571=VECTOR('',#2216,10.);
#572=VECTOR('',#2219,10.);
#573=VECTOR('',#2220,10.);
#574=VECTOR('',#2221,10.);
#575=VECTOR('',#2224,10.);
#576=VECTOR('',#2227,10.);
#577=VECTOR('',#2232,10.);
#578=VECTOR('',#2233,10.);
#579=VECTOR('',#2234,10.);
#580=VECTOR('',#2235,10.);
#581=VECTOR('',#2236,10.);
#582=VECTOR('',#2237,10.);
#583=VECTOR('',#2238,10.);
#584=VECTOR('',#2239,10.);
#585=VECTOR('',#2240,10.);
#586=VECTOR('',#2243,10.);
#587=VECTOR('',#2244,10.);
#588=VECTOR('',#2245,10.);
#589=VECTOR('',#2248,10.);
#590=VECTOR('',#2249,10.);
#591=VECTOR('',#2252,10.);
#592=VECTOR('',#2253,10.);
#593=VECTOR('',#2256,10.);
#594=VECTOR('',#2257,10.);
#595=VECTOR('',#2260,10.);
#596=VECTOR('',#2261,10.);
#597=VECTOR('',#2264,10.);
#598=VECTOR('',#2267,10.);
#599=VECTOR('',#2268,10.);
#600=VECTOR('',#2269,10.);
#601=VECTOR('',#2272,10.);
#602=VECTOR('',#2275,10.);
#603=CIRCLE('',#1683,2.5);
#604=CIRCLE('',#1684,2.5);
#605=CIRCLE('',#1686,2.5);
#606=CIRCLE('',#1687,2.5);
#607=CIRCLE('',#1688,2.5);
#608=CIRCLE('',#1690,2.5);
#609=CIRCLE('',#1691,2.5);
#610=CIRCLE('',#1692,2.5);
#611=CIRCLE('',#1695,2.5);
#612=CIRCLE('',#1696,2.5);
#613=CIRCLE('',#1697,2.5);
#614=CIRCLE('',#1698,2.5);
#615=CIRCLE('',#1703,4.);
#616=CIRCLE('',#1704,4.);
#617=CIRCLE('',#1711,0.5);
#618=CIRCLE('',#1713,0.499999999999998);
#619=CIRCLE('',#1714,8.25);
#620=CIRCLE('',#1715,0.5);
#621=CIRCLE('',#1716,8.75);
#622=CIRCLE('',#1717,0.5);
#623=CIRCLE('',#1720,8.75);
#624=CIRCLE('',#1721,0.5);
#625=CIRCLE('',#1722,8.25);
#626=CIRCLE('',#1723,8.25);
#627=CIRCLE('',#1724,0.5);
#628=CIRCLE('',#1729,4.);
#629=CIRCLE('',#1730,4.);
#630=CIRCLE('',#1731,4.);
#631=CIRCLE('',#1732,4.);
#632=CIRCLE('',#1733,8.75);
#633=CIRCLE('',#1734,9.5);
#634=CIRCLE('',#1735,9.50000000000001);
#635=CIRCLE('',#1737,8.25);
#636=CIRCLE('',#1739,0.499999999999998);
#637=CIRCLE('',#1741,8.75);
#638=CIRCLE('',#1742,0.5);
#639=CIRCLE('',#1743,8.25);
#640=CIRCLE('',#1744,0.5);
#641=CIRCLE('',#1745,0.500000000000003);
#642=CIRCLE('',#1747,0.499999999999998);
#643=CIRCLE('',#1748,8.25);
#644=CIRCLE('',#1749,8.25);
#645=CIRCLE('',#1750,0.499999999999998);
#646=CIRCLE('',#1755,8.25);
#647=CIRCLE('',#1757,10.);
#648=CIRCLE('',#1758,9.5);
#649=CIRCLE('',#1761,10.);
#650=CIRCLE('',#1763,9.50000000000001);
#651=CIRCLE('',#1765,4.);
#652=CIRCLE('',#1768,4.);
#653=CIRCLE('',#1770,4.);
#654=CIRCLE('',#1773,4.);
#655=CIRCLE('',#1798,4.);
#656=CIRCLE('',#1799,4.);
#657=CIRCLE('',#1801,4.);
#658=CIRCLE('',#1803,4.);
#659=CIRCLE('',#1805,4.);
#660=CIRCLE('',#1806,4.);
#661=VERTEX_POINT('',#2280);
#662=VERTEX_POINT('',#2282);
#663=VERTEX_POINT('',#2284);
#664=VERTEX_POINT('',#2291);
#665=VERTEX_POINT('',#2300);
#666=VERTEX_POINT('',#2302);
#667=VERTEX_POINT('',#2304);
#668=VERTEX_POINT('',#2306);
#669=VERTEX_POINT('',#2319);
#670=VERTEX_POINT('',#2320);
#671=VERTEX_POINT('',#2322);
#672=VERTEX_POINT('',#2324);
#673=VERTEX_POINT('',#2326);
#674=VERTEX_POINT('',#2328);
#675=VERTEX_POINT('',#2330);
#676=VERTEX_POINT('',#2340);
#677=VERTEX_POINT('',#2342);
#678=VERTEX_POINT('',#2346);
#679=VERTEX_POINT('',#2348);
#680=VERTEX_POINT('',#2350);
#681=VERTEX_POINT('',#2352);
#682=VERTEX_POINT('',#2357);
#683=VERTEX_POINT('',#2362);
#684=VERTEX_POINT('',#2364);
#685=VERTEX_POINT('',#2369);
#686=VERTEX_POINT('',#2373);
#687=VERTEX_POINT('',#2375);
#688=VERTEX_POINT('',#2377);
#689=VERTEX_POINT('',#2382);
#690=VERTEX_POINT('',#2384);
#691=VERTEX_POINT('',#2386);
#692=VERTEX_POINT('',#2388);
#693=VERTEX_POINT('',#2390);
#694=VERTEX_POINT('',#2394);
#695=VERTEX_POINT('',#2395);
#696=VERTEX_POINT('',#2397);
#697=VERTEX_POINT('',#2399);
#698=VERTEX_POINT('',#2401);
#699=VERTEX_POINT('',#2403);
#700=VERTEX_POINT('',#2408);
#701=VERTEX_POINT('',#2410);
#702=VERTEX_POINT('',#2412);
#703=VERTEX_POINT('',#2416);
#704=VERTEX_POINT('',#2418);
#705=VERTEX_POINT('',#2422);
#706=VERTEX_POINT('',#2423);
#707=VERTEX_POINT('',#2425);
#708=VERTEX_POINT('',#2427);
#709=VERTEX_POINT('',#2444);
#710=VERTEX_POINT('',#2445);
#711=VERTEX_POINT('',#2447);
#712=VERTEX_POINT('',#2449);
#713=VERTEX_POINT('',#2482);
#714=VERTEX_POINT('',#2483);
#715=VERTEX_POINT('',#2498);
#716=VERTEX_POINT('',#2500);
#717=VERTEX_POINT('',#2517);
#718=VERTEX_POINT('',#2518);
#719=VERTEX_POINT('',#2521);
#720=VERTEX_POINT('',#2568);
#721=VERTEX_POINT('',#2570);
#722=VERTEX_POINT('',#2574);
#723=VERTEX_POINT('',#2578);
#724=VERTEX_POINT('',#2579);
#725=VERTEX_POINT('',#2581);
#726=VERTEX_POINT('',#2583);
#727=VERTEX_POINT('',#2585);
#728=VERTEX_POINT('',#2587);
#729=VERTEX_POINT('',#2589);
#730=VERTEX_POINT('',#2591);
#731=VERTEX_POINT('',#2594);
#732=VERTEX_POINT('',#2596);
#733=VERTEX_POINT('',#2599);
#734=VERTEX_POINT('',#2601);
#735=VERTEX_POINT('',#2603);
#736=VERTEX_POINT('',#2605);
#737=VERTEX_POINT('',#2610);
#738=VERTEX_POINT('',#2612);
#739=VERTEX_POINT('',#2614);
#740=VERTEX_POINT('',#2617);
#741=VERTEX_POINT('',#2618);
#742=VERTEX_POINT('',#2620);
#743=VERTEX_POINT('',#2622);
#744=VERTEX_POINT('',#2626);
#745=VERTEX_POINT('',#2630);
#746=VERTEX_POINT('',#2631);
#747=VERTEX_POINT('',#2633);
#748=VERTEX_POINT('',#2635);
#749=VERTEX_POINT('',#2652);
#750=VERTEX_POINT('',#2653);
#751=VERTEX_POINT('',#2656);
#752=VERTEX_POINT('',#2658);
#753=VERTEX_POINT('',#2710);
#754=VERTEX_POINT('',#2719);
#755=VERTEX_POINT('',#2721);
#756=VERTEX_POINT('',#2754);
#757=VERTEX_POINT('',#2761);
#758=VERTEX_POINT('',#2773);
#759=VERTEX_POINT('',#2775);
#760=VERTEX_POINT('',#2779);
#761=VERTEX_POINT('',#2781);
#762=VERTEX_POINT('',#2783);
#763=VERTEX_POINT('',#2787);
#764=VERTEX_POINT('',#2791);
#765=VERTEX_POINT('',#2792);
#766=VERTEX_POINT('',#2803);
#767=VERTEX_POINT('',#2805);
#768=VERTEX_POINT('',#2818);
#769=VERTEX_POINT('',#2820);
#770=VERTEX_POINT('',#2831);
#771=VERTEX_POINT('',#2833);
#772=VERTEX_POINT('',#2837);
#773=VERTEX_POINT('',#2841);
#774=VERTEX_POINT('',#2854);
#775=VERTEX_POINT('',#2855);
#776=VERTEX_POINT('',#2860);
#777=VERTEX_POINT('',#2864);
#778=VERTEX_POINT('',#2868);
#779=VERTEX_POINT('',#2869);
#780=VERTEX_POINT('',#2874);
#781=VERTEX_POINT('',#2878);
#782=VERTEX_POINT('',#2884);
#783=VERTEX_POINT('',#2895);
#784=VERTEX_POINT('',#2915);
#785=VERTEX_POINT('',#2946);
#786=VERTEX_POINT('',#2950);
#787=VERTEX_POINT('',#2954);
#788=VERTEX_POINT('',#2970);
#789=VERTEX_POINT('',#2972);
#790=VERTEX_POINT('',#2976);
#791=VERTEX_POINT('',#2980);
#792=VERTEX_POINT('',#2984);
#793=VERTEX_POINT('',#2986);
#794=VERTEX_POINT('',#2993);
#795=VERTEX_POINT('',#2995);
#796=VERTEX_POINT('',#2999);
#797=VERTEX_POINT('',#3003);
#798=VERTEX_POINT('',#3007);
#799=VERTEX_POINT('',#3011);
#800=VERTEX_POINT('',#3017);
#801=VERTEX_POINT('',#3019);
#802=VERTEX_POINT('',#3028);
#803=VERTEX_POINT('',#3030);
#804=VERTEX_POINT('',#3033);
#805=VERTEX_POINT('',#3034);
#806=VERTEX_POINT('',#3036);
#807=VERTEX_POINT('',#3038);
#808=VERTEX_POINT('',#3040);
#809=VERTEX_POINT('',#3042);
#810=VERTEX_POINT('',#3046);
#811=VERTEX_POINT('',#3048);
#812=VERTEX_POINT('',#3052);
#813=VERTEX_POINT('',#3056);
#814=VERTEX_POINT('',#3060);
#815=VERTEX_POINT('',#3064);
#816=VERTEX_POINT('',#3070);
#817=VERTEX_POINT('',#3072);
#818=EDGE_CURVE('',#661,#661,#603,.T.);
#819=EDGE_CURVE('',#661,#662,#303,.T.);
#820=EDGE_CURVE('',#663,#662,#275,.T.);
#821=EDGE_CURVE('',#664,#663,#604,.T.);
#822=EDGE_CURVE('',#662,#664,#276,.T.);
#823=EDGE_CURVE('',#665,#665,#605,.T.);
#824=EDGE_CURVE('',#665,#666,#304,.T.);
#825=EDGE_CURVE('',#667,#666,#606,.T.);
#826=EDGE_CURVE('',#668,#667,#277,.T.);
#827=EDGE_CURVE('',#666,#668,#607,.T.);
#828=EDGE_CURVE('',#669,#670,#608,.T.);
#829=EDGE_CURVE('',#671,#669,#305,.T.);
#830=EDGE_CURVE('',#672,#671,#609,.T.);
#831=EDGE_CURVE('',#673,#672,#306,.T.);
#832=EDGE_CURVE('',#674,#673,#610,.T.);
#833=EDGE_CURVE('',#675,#674,#278,.T.);
#834=EDGE_CURVE('',#670,#675,#279,.T.);
#835=EDGE_CURVE('',#673,#676,#307,.T.);
#836=EDGE_CURVE('',#677,#672,#308,.T.);
#837=EDGE_CURVE('',#677,#676,#309,.T.);
#838=EDGE_CURVE('',#678,#678,#611,.T.);
#839=EDGE_CURVE('',#678,#679,#310,.T.);
#840=EDGE_CURVE('',#680,#679,#612,.T.);
#841=EDGE_CURVE('',#681,#680,#280,.T.);
#842=EDGE_CURVE('',#682,#681,#281,.T.);
#843=EDGE_CURVE('',#683,#682,#613,.T.);
#844=EDGE_CURVE('',#684,#683,#282,.T.);
#845=EDGE_CURVE('',#685,#684,#311,.T.);
#846=EDGE_CURVE('',#679,#685,#614,.T.);
#847=EDGE_CURVE('',#664,#686,#312,.T.);
#848=EDGE_CURVE('',#687,#686,#38,.T.);
#849=EDGE_CURVE('',#687,#688,#313,.T.);
#850=EDGE_CURVE('',#688,#675,#39,.T.);
#851=EDGE_CURVE('',#674,#663,#314,.T.);
#852=EDGE_CURVE('',#689,#669,#315,.T.);
#853=EDGE_CURVE('',#689,#690,#615,.F.);
#854=EDGE_CURVE('',#691,#690,#316,.T.);
#855=EDGE_CURVE('',#692,#691,#317,.T.);
#856=EDGE_CURVE('',#693,#692,#318,.T.);
#857=EDGE_CURVE('',#676,#693,#616,.T.);
#858=EDGE_CURVE('',#671,#677,#319,.T.);
#859=EDGE_CURVE('',#694,#695,#320,.T.);
#860=EDGE_CURVE('',#696,#694,#321,.T.);
#861=EDGE_CURVE('',#697,#696,#322,.T.);
#862=EDGE_CURVE('',#698,#697,#323,.T.);
#863=EDGE_CURVE('',#699,#698,#324,.T.);
#864=EDGE_CURVE('',#695,#699,#325,.T.);
#865=EDGE_CURVE('',#667,#682,#326,.T.);
#866=EDGE_CURVE('',#700,#681,#40,.T.);
#867=EDGE_CURVE('',#700,#701,#327,.T.);
#868=EDGE_CURVE('',#701,#702,#41,.T.);
#869=EDGE_CURVE('',#702,#668,#328,.T.);
#870=EDGE_CURVE('',#680,#703,#329,.T.);
#871=EDGE_CURVE('',#704,#703,#42,.T.);
#872=EDGE_CURVE('',#704,#700,#330,.T.);
#873=EDGE_CURVE('',#705,#706,#331,.T.);
#874=EDGE_CURVE('',#706,#707,#617,.T.);
#875=EDGE_CURVE('',#707,#708,#332,.T.);
#876=EDGE_CURVE('',#708,#705,#283,.T.);
#877=EDGE_CURVE('',#709,#710,#618,.T.);
#878=EDGE_CURVE('',#710,#711,#619,.T.);
#879=EDGE_CURVE('',#711,#712,#620,.T.);
#880=EDGE_CURVE('',#712,#709,#621,.T.);
#881=EDGE_CURVE('',#713,#714,#622,.T.);
#882=EDGE_CURVE('',#714,#712,#284,.T.);
#883=EDGE_CURVE('',#711,#713,#285,.T.);
#884=EDGE_CURVE('',#715,#714,#333,.T.);
#885=EDGE_CURVE('',#713,#716,#334,.T.);
#886=EDGE_CURVE('',#716,#715,#286,.T.);
#887=EDGE_CURVE('',#717,#718,#623,.T.);
#888=EDGE_CURVE('',#718,#715,#624,.T.);
#889=EDGE_CURVE('',#716,#719,#625,.T.);
#890=EDGE_CURVE('',#719,#705,#626,.T.);
#891=EDGE_CURVE('',#708,#717,#627,.T.);
#892=EDGE_CURVE('',#709,#707,#287,.T.);
#893=EDGE_CURVE('',#706,#710,#288,.T.);
#894=EDGE_CURVE('',#720,#707,#335,.T.);
#895=EDGE_CURVE('',#720,#721,#336,.T.);
#896=EDGE_CURVE('',#717,#721,#337,.T.);
#897=EDGE_CURVE('',#709,#722,#338,.T.);
#898=EDGE_CURVE('',#720,#722,#43,.T.);
#899=EDGE_CURVE('',#723,#724,#628,.T.);
#900=EDGE_CURVE('',#723,#725,#339,.T.);
#901=EDGE_CURVE('',#726,#725,#629,.T.);
#902=EDGE_CURVE('',#726,#727,#340,.T.);
#903=EDGE_CURVE('',#728,#727,#630,.T.);
#904=EDGE_CURVE('',#728,#729,#341,.T.);
#905=EDGE_CURVE('',#730,#729,#631,.T.);
#906=EDGE_CURVE('',#730,#724,#342,.T.);
#907=EDGE_CURVE('',#731,#673,#343,.T.);
#908=EDGE_CURVE('',#731,#732,#344,.T.);
#909=EDGE_CURVE('',#689,#732,#345,.T.);
#910=EDGE_CURVE('',#733,#670,#346,.T.);
#911=EDGE_CURVE('',#734,#733,#347,.T.);
#912=EDGE_CURVE('',#735,#734,#632,.T.);
#913=EDGE_CURVE('',#736,#735,#348,.T.);
#914=EDGE_CURVE('',#686,#736,#349,.T.);
#915=EDGE_CURVE('',#722,#702,#350,.T.);
#916=EDGE_CURVE('',#703,#712,#351,.T.);
#917=EDGE_CURVE('',#685,#737,#352,.T.);
#918=EDGE_CURVE('',#738,#737,#353,.T.);
#919=EDGE_CURVE('',#738,#739,#354,.T.);
#920=EDGE_CURVE('',#683,#739,#355,.T.);
#921=EDGE_CURVE('',#740,#741,#633,.T.);
#922=EDGE_CURVE('',#742,#741,#356,.T.);
#923=EDGE_CURVE('',#742,#743,#634,.T.);
#924=EDGE_CURVE('',#740,#743,#357,.T.);
#925=EDGE_CURVE('',#719,#744,#358,.T.);
#926=EDGE_CURVE('',#744,#744,#635,.T.);
#927=EDGE_CURVE('',#745,#746,#359,.T.);
#928=EDGE_CURVE('',#746,#747,#636,.T.);
#929=EDGE_CURVE('',#747,#748,#360,.T.);
#930=EDGE_CURVE('',#748,#745,#289,.T.);
#931=EDGE_CURVE('',#749,#750,#637,.T.);
#932=EDGE_CURVE('',#750,#745,#638,.T.);
#933=EDGE_CURVE('',#748,#751,#639,.T.);
#934=EDGE_CURVE('',#752,#751,#290,.T.);
#935=EDGE_CURVE('',#752,#749,#640,.T.);
#936=EDGE_CURVE('',#746,#735,#291,.T.);
#937=EDGE_CURVE('',#735,#753,#641,.T.);
#938=EDGE_CURVE('',#753,#747,#292,.T.);
#939=EDGE_CURVE('',#734,#754,#642,.T.);
#940=EDGE_CURVE('',#754,#755,#643,.T.);
#941=EDGE_CURVE('',#755,#753,#644,.T.);
#942=EDGE_CURVE('',#734,#756,#293,.T.);
#943=EDGE_CURVE('',#756,#757,#645,.T.);
#944=EDGE_CURVE('',#757,#754,#294,.T.);
#945=EDGE_CURVE('',#751,#757,#361,.T.);
#946=EDGE_CURVE('',#756,#752,#362,.T.);
#947=EDGE_CURVE('',#758,#750,#363,.T.);
#948=EDGE_CURVE('',#759,#758,#364,.T.);
#949=EDGE_CURVE('',#746,#759,#365,.T.);
#950=EDGE_CURVE('',#749,#760,#366,.T.);
#951=EDGE_CURVE('',#760,#761,#367,.T.);
#952=EDGE_CURVE('',#761,#762,#368,.T.);
#953=EDGE_CURVE('',#762,#758,#369,.T.);
#954=EDGE_CURVE('',#755,#763,#370,.T.);
#955=EDGE_CURVE('',#763,#763,#646,.T.);
#956=EDGE_CURVE('',#764,#765,#295,.T.);
#957=EDGE_CURVE('',#765,#766,#647,.T.);
#958=EDGE_CURVE('',#766,#767,#296,.T.);
#959=EDGE_CURVE('',#767,#764,#648,.T.);
#960=EDGE_CURVE('',#768,#766,#371,.T.);
#961=EDGE_CURVE('',#769,#768,#297,.T.);
#962=EDGE_CURVE('',#770,#769,#372,.T.);
#963=EDGE_CURVE('',#771,#770,#373,.T.);
#964=EDGE_CURVE('',#771,#767,#374,.T.);
#965=EDGE_CURVE('',#765,#772,#375,.T.);
#966=EDGE_CURVE('',#768,#772,#649,.T.);
#967=EDGE_CURVE('',#772,#773,#298,.T.);
#968=EDGE_CURVE('',#773,#769,#650,.T.);
#969=EDGE_CURVE('',#774,#775,#651,.T.);
#970=EDGE_CURVE('',#775,#723,#376,.T.);
#971=EDGE_CURVE('',#724,#774,#377,.T.);
#972=EDGE_CURVE('',#776,#775,#378,.T.);
#973=EDGE_CURVE('',#725,#776,#379,.T.);
#974=EDGE_CURVE('',#776,#777,#652,.T.);
#975=EDGE_CURVE('',#777,#726,#380,.T.);
#976=EDGE_CURVE('',#778,#779,#653,.T.);
#977=EDGE_CURVE('',#779,#730,#381,.T.);
#978=EDGE_CURVE('',#729,#778,#382,.T.);
#979=EDGE_CURVE('',#780,#728,#383,.T.);
#980=EDGE_CURVE('',#778,#780,#384,.T.);
#981=EDGE_CURVE('',#781,#780,#654,.T.);
#982=EDGE_CURVE('',#727,#781,#385,.T.);
#983=EDGE_CURVE('',#781,#777,#386,.T.);
#984=EDGE_CURVE('',#743,#782,#299,.T.);
#985=EDGE_CURVE('',#782,#783,#387,.T.);
#986=EDGE_CURVE('',#783,#740,#300,.T.);
#987=EDGE_CURVE('',#783,#764,#388,.T.);
#988=EDGE_CURVE('',#782,#773,#389,.T.);
#989=EDGE_CURVE('',#759,#736,#44,.T.);
#990=EDGE_CURVE('',#759,#687,#390,.T.);
#991=EDGE_CURVE('',#688,#784,#391,.T.);
#992=EDGE_CURVE('',#784,#733,#45,.T.);
#993=EDGE_CURVE('',#784,#756,#392,.T.);
#994=EDGE_CURVE('',#741,#771,#301,.T.);
#995=EDGE_CURVE('',#770,#742,#302,.T.);
#996=EDGE_CURVE('',#714,#704,#393,.T.);
#997=EDGE_CURVE('',#701,#720,#394,.T.);
#998=EDGE_CURVE('',#785,#718,#395,.T.);
#999=EDGE_CURVE('',#704,#785,#396,.T.);
#1000=EDGE_CURVE('',#786,#785,#397,.T.);
#1001=EDGE_CURVE('',#700,#786,#398,.T.);
#1002=EDGE_CURVE('',#787,#786,#399,.T.);
#1003=EDGE_CURVE('',#701,#787,#400,.T.);
#1004=EDGE_CURVE('',#721,#787,#401,.T.);
#1005=EDGE_CURVE('',#687,#762,#402,.T.);
#1006=EDGE_CURVE('',#688,#761,#403,.T.);
#1007=EDGE_CURVE('',#784,#760,#404,.T.);
#1008=EDGE_CURVE('',#738,#788,#655,.F.);
#1009=EDGE_CURVE('',#737,#789,#656,.T.);
#1010=EDGE_CURVE('',#789,#788,#405,.T.);
#1011=EDGE_CURVE('',#731,#790,#657,.F.);
#1012=EDGE_CURVE('',#693,#790,#406,.T.);
#1013=EDGE_CURVE('',#732,#791,#658,.T.);
#1014=EDGE_CURVE('',#690,#791,#407,.T.);
#1015=EDGE_CURVE('',#739,#792,#659,.T.);
#1016=EDGE_CURVE('',#793,#792,#408,.T.);
#1017=EDGE_CURVE('',#684,#793,#660,.F.);
#1018=EDGE_CURVE('',#774,#779,#409,.T.);
#1019=EDGE_CURVE('',#794,#695,#410,.T.);
#1020=EDGE_CURVE('',#699,#795,#411,.T.);
#1021=EDGE_CURVE('',#795,#794,#412,.T.);
#1022=EDGE_CURVE('',#698,#796,#413,.T.);
#1023=EDGE_CURVE('',#796,#795,#414,.T.);
#1024=EDGE_CURVE('',#697,#797,#415,.T.);
#1025=EDGE_CURVE('',#797,#796,#416,.T.);
#1026=EDGE_CURVE('',#696,#798,#417,.T.);
#1027=EDGE_CURVE('',#798,#797,#418,.T.);
#1028=EDGE_CURVE('',#694,#799,#419,.T.);
#1029=EDGE_CURVE('',#799,#798,#420,.T.);
#1030=EDGE_CURVE('',#794,#799,#421,.T.);
#1031=EDGE_CURVE('',#800,#692,#422,.T.);
#1032=EDGE_CURVE('',#691,#801,#423,.T.);
#1033=EDGE_CURVE('',#801,#800,#424,.T.);
#1034=EDGE_CURVE('',#791,#801,#425,.T.);
#1035=EDGE_CURVE('',#800,#790,#426,.T.);
#1036=EDGE_CURVE('',#793,#802,#427,.T.);
#1037=EDGE_CURVE('',#802,#803,#428,.T.);
#1038=EDGE_CURVE('',#803,#789,#429,.T.);
#1039=EDGE_CURVE('',#804,#805,#430,.T.);
#1040=EDGE_CURVE('',#805,#806,#431,.T.);
#1041=EDGE_CURVE('',#806,#807,#432,.T.);
#1042=EDGE_CURVE('',#807,#808,#433,.T.);
#1043=EDGE_CURVE('',#808,#809,#434,.T.);
#1044=EDGE_CURVE('',#809,#804,#435,.T.);
#1045=EDGE_CURVE('',#810,#805,#436,.T.);
#1046=EDGE_CURVE('',#811,#810,#437,.T.);
#1047=EDGE_CURVE('',#806,#811,#438,.T.);
#1048=EDGE_CURVE('',#812,#811,#439,.T.);
#1049=EDGE_CURVE('',#807,#812,#440,.T.);
#1050=EDGE_CURVE('',#813,#812,#441,.T.);
#1051=EDGE_CURVE('',#808,#813,#442,.T.);
#1052=EDGE_CURVE('',#814,#813,#443,.T.);
#1053=EDGE_CURVE('',#809,#814,#444,.T.);
#1054=EDGE_CURVE('',#815,#814,#445,.T.);
#1055=EDGE_CURVE('',#804,#815,#446,.T.);
#1056=EDGE_CURVE('',#810,#815,#447,.T.);
#1057=EDGE_CURVE('',#816,#802,#448,.T.);
#1058=EDGE_CURVE('',#817,#816,#449,.T.);
#1059=EDGE_CURVE('',#803,#817,#450,.T.);
#1060=EDGE_CURVE('',#788,#817,#451,.T.);
#1061=EDGE_CURVE('',#816,#792,#452,.T.);
#1062=ORIENTED_EDGE('',*,*,#818,.F.);
#1063=ORIENTED_EDGE('',*,*,#819,.T.);
#1064=ORIENTED_EDGE('',*,*,#820,.F.);
#1065=ORIENTED_EDGE('',*,*,#821,.F.);
#1066=ORIENTED_EDGE('',*,*,#822,.F.);
#1067=ORIENTED_EDGE('',*,*,#819,.F.);
#1068=ORIENTED_EDGE('',*,*,#823,.F.);
#1069=ORIENTED_EDGE('',*,*,#824,.T.);
#1070=ORIENTED_EDGE('',*,*,#825,.F.);
#1071=ORIENTED_EDGE('',*,*,#826,.F.);
#1072=ORIENTED_EDGE('',*,*,#827,.F.);
#1073=ORIENTED_EDGE('',*,*,#824,.F.);
#1074=ORIENTED_EDGE('',*,*,#828,.F.);
#1075=ORIENTED_EDGE('',*,*,#829,.F.);
#1076=ORIENTED_EDGE('',*,*,#830,.F.);
#1077=ORIENTED_EDGE('',*,*,#831,.F.);
#1078=ORIENTED_EDGE('',*,*,#832,.F.);
#1079=ORIENTED_EDGE('',*,*,#833,.F.);
#1080=ORIENTED_EDGE('',*,*,#834,.F.);
#1081=ORIENTED_EDGE('',*,*,#835,.F.);
#1082=ORIENTED_EDGE('',*,*,#831,.T.);
#1083=ORIENTED_EDGE('',*,*,#836,.F.);
#1084=ORIENTED_EDGE('',*,*,#837,.T.);
#1085=ORIENTED_EDGE('',*,*,#838,.F.);
#1086=ORIENTED_EDGE('',*,*,#839,.T.);
#1087=ORIENTED_EDGE('',*,*,#840,.F.);
#1088=ORIENTED_EDGE('',*,*,#841,.F.);
#1089=ORIENTED_EDGE('',*,*,#842,.F.);
#1090=ORIENTED_EDGE('',*,*,#843,.F.);
#1091=ORIENTED_EDGE('',*,*,#844,.F.);
#1092=ORIENTED_EDGE('',*,*,#845,.F.);
#1093=ORIENTED_EDGE('',*,*,#846,.F.);
#1094=ORIENTED_EDGE('',*,*,#839,.F.);
#1095=ORIENTED_EDGE('',*,*,#820,.T.);
#1096=ORIENTED_EDGE('',*,*,#822,.T.);
#1097=ORIENTED_EDGE('',*,*,#847,.T.);
#1098=ORIENTED_EDGE('',*,*,#848,.F.);
#1099=ORIENTED_EDGE('',*,*,#849,.T.);
#1100=ORIENTED_EDGE('',*,*,#850,.T.);
#1101=ORIENTED_EDGE('',*,*,#833,.T.);
#1102=ORIENTED_EDGE('',*,*,#851,.T.);
#1103=ORIENTED_EDGE('',*,*,#852,.F.);
#1104=ORIENTED_EDGE('',*,*,#853,.T.);
#1105=ORIENTED_EDGE('',*,*,#854,.F.);
#1106=ORIENTED_EDGE('',*,*,#855,.F.);
#1107=ORIENTED_EDGE('',*,*,#856,.F.);
#1108=ORIENTED_EDGE('',*,*,#857,.F.);
#1109=ORIENTED_EDGE('',*,*,#837,.F.);
#1110=ORIENTED_EDGE('',*,*,#858,.F.);
#1111=ORIENTED_EDGE('',*,*,#829,.T.);
#1112=ORIENTED_EDGE('',*,*,#859,.F.);
#1113=ORIENTED_EDGE('',*,*,#860,.F.);
#1114=ORIENTED_EDGE('',*,*,#861,.F.);
#1115=ORIENTED_EDGE('',*,*,#862,.F.);
#1116=ORIENTED_EDGE('',*,*,#863,.F.);
#1117=ORIENTED_EDGE('',*,*,#864,.F.);
#1118=ORIENTED_EDGE('',*,*,#826,.T.);
#1119=ORIENTED_EDGE('',*,*,#865,.T.);
#1120=ORIENTED_EDGE('',*,*,#842,.T.);
#1121=ORIENTED_EDGE('',*,*,#866,.F.);
#1122=ORIENTED_EDGE('',*,*,#867,.T.);
#1123=ORIENTED_EDGE('',*,*,#868,.T.);
#1124=ORIENTED_EDGE('',*,*,#869,.T.);
#1125=ORIENTED_EDGE('',*,*,#841,.T.);
#1126=ORIENTED_EDGE('',*,*,#870,.T.);
#1127=ORIENTED_EDGE('',*,*,#871,.F.);
#1128=ORIENTED_EDGE('',*,*,#872,.T.);
#1129=ORIENTED_EDGE('',*,*,#866,.T.);
#1130=ORIENTED_EDGE('',*,*,#873,.T.);
#1131=ORIENTED_EDGE('',*,*,#874,.T.);
#1132=ORIENTED_EDGE('',*,*,#875,.T.);
#1133=ORIENTED_EDGE('',*,*,#876,.T.);
#1134=ORIENTED_EDGE('',*,*,#877,.T.);
#1135=ORIENTED_EDGE('',*,*,#878,.T.);
#1136=ORIENTED_EDGE('',*,*,#879,.T.);
#1137=ORIENTED_EDGE('',*,*,#880,.T.);
#1138=ORIENTED_EDGE('',*,*,#881,.T.);
#1139=ORIENTED_EDGE('',*,*,#882,.T.);
#1140=ORIENTED_EDGE('',*,*,#879,.F.);
#1141=ORIENTED_EDGE('',*,*,#883,.T.);
#1142=ORIENTED_EDGE('',*,*,#884,.T.);
#1143=ORIENTED_EDGE('',*,*,#881,.F.);
#1144=ORIENTED_EDGE('',*,*,#885,.T.);
#1145=ORIENTED_EDGE('',*,*,#886,.T.);
#1146=ORIENTED_EDGE('',*,*,#887,.T.);
#1147=ORIENTED_EDGE('',*,*,#888,.T.);
#1148=ORIENTED_EDGE('',*,*,#886,.F.);
#1149=ORIENTED_EDGE('',*,*,#889,.T.);
#1150=ORIENTED_EDGE('',*,*,#890,.T.);
#1151=ORIENTED_EDGE('',*,*,#876,.F.);
#1152=ORIENTED_EDGE('',*,*,#891,.T.);
#1153=ORIENTED_EDGE('',*,*,#877,.F.);
#1154=ORIENTED_EDGE('',*,*,#892,.T.);
#1155=ORIENTED_EDGE('',*,*,#874,.F.);
#1156=ORIENTED_EDGE('',*,*,#893,.T.);
#1157=ORIENTED_EDGE('',*,*,#891,.F.);
#1158=ORIENTED_EDGE('',*,*,#875,.F.);
#1159=ORIENTED_EDGE('',*,*,#894,.F.);
#1160=ORIENTED_EDGE('',*,*,#895,.T.);
#1161=ORIENTED_EDGE('',*,*,#896,.F.);
#1162=ORIENTED_EDGE('',*,*,#892,.F.);
#1163=ORIENTED_EDGE('',*,*,#897,.T.);
#1164=ORIENTED_EDGE('',*,*,#898,.F.);
#1165=ORIENTED_EDGE('',*,*,#894,.T.);
#1166=ORIENTED_EDGE('',*,*,#899,.F.);
#1167=ORIENTED_EDGE('',*,*,#900,.T.);
#1168=ORIENTED_EDGE('',*,*,#901,.F.);
#1169=ORIENTED_EDGE('',*,*,#902,.T.);
#1170=ORIENTED_EDGE('',*,*,#903,.F.);
#1171=ORIENTED_EDGE('',*,*,#904,.T.);
#1172=ORIENTED_EDGE('',*,*,#905,.F.);
#1173=ORIENTED_EDGE('',*,*,#906,.T.);
#1174=ORIENTED_EDGE('',*,*,#821,.T.);
#1175=ORIENTED_EDGE('',*,*,#851,.F.);
#1176=ORIENTED_EDGE('',*,*,#832,.T.);
#1177=ORIENTED_EDGE('',*,*,#907,.F.);
#1178=ORIENTED_EDGE('',*,*,#908,.T.);
#1179=ORIENTED_EDGE('',*,*,#909,.F.);
#1180=ORIENTED_EDGE('',*,*,#852,.T.);
#1181=ORIENTED_EDGE('',*,*,#828,.T.);
#1182=ORIENTED_EDGE('',*,*,#910,.F.);
#1183=ORIENTED_EDGE('',*,*,#911,.F.);
#1184=ORIENTED_EDGE('',*,*,#912,.F.);
#1185=ORIENTED_EDGE('',*,*,#913,.F.);
#1186=ORIENTED_EDGE('',*,*,#914,.F.);
#1187=ORIENTED_EDGE('',*,*,#847,.F.);
#1188=ORIENTED_EDGE('',*,*,#825,.T.);
#1189=ORIENTED_EDGE('',*,*,#827,.T.);
#1190=ORIENTED_EDGE('',*,*,#869,.F.);
#1191=ORIENTED_EDGE('',*,*,#915,.F.);
#1192=ORIENTED_EDGE('',*,*,#897,.F.);
#1193=ORIENTED_EDGE('',*,*,#880,.F.);
#1194=ORIENTED_EDGE('',*,*,#916,.F.);
#1195=ORIENTED_EDGE('',*,*,#870,.F.);
#1196=ORIENTED_EDGE('',*,*,#840,.T.);
#1197=ORIENTED_EDGE('',*,*,#846,.T.);
#1198=ORIENTED_EDGE('',*,*,#917,.T.);
#1199=ORIENTED_EDGE('',*,*,#918,.F.);
#1200=ORIENTED_EDGE('',*,*,#919,.T.);
#1201=ORIENTED_EDGE('',*,*,#920,.F.);
#1202=ORIENTED_EDGE('',*,*,#843,.T.);
#1203=ORIENTED_EDGE('',*,*,#865,.F.);
#1204=ORIENTED_EDGE('',*,*,#921,.T.);
#1205=ORIENTED_EDGE('',*,*,#922,.F.);
#1206=ORIENTED_EDGE('',*,*,#923,.T.);
#1207=ORIENTED_EDGE('',*,*,#924,.F.);
#1208=ORIENTED_EDGE('',*,*,#878,.F.);
#1209=ORIENTED_EDGE('',*,*,#893,.F.);
#1210=ORIENTED_EDGE('',*,*,#873,.F.);
#1211=ORIENTED_EDGE('',*,*,#890,.F.);
#1212=ORIENTED_EDGE('',*,*,#925,.T.);
#1213=ORIENTED_EDGE('',*,*,#926,.F.);
#1214=ORIENTED_EDGE('',*,*,#925,.F.);
#1215=ORIENTED_EDGE('',*,*,#889,.F.);
#1216=ORIENTED_EDGE('',*,*,#885,.F.);
#1217=ORIENTED_EDGE('',*,*,#883,.F.);
#1218=ORIENTED_EDGE('',*,*,#927,.T.);
#1219=ORIENTED_EDGE('',*,*,#928,.T.);
#1220=ORIENTED_EDGE('',*,*,#929,.T.);
#1221=ORIENTED_EDGE('',*,*,#930,.T.);
#1222=ORIENTED_EDGE('',*,*,#931,.T.);
#1223=ORIENTED_EDGE('',*,*,#932,.T.);
#1224=ORIENTED_EDGE('',*,*,#930,.F.);
#1225=ORIENTED_EDGE('',*,*,#933,.T.);
#1226=ORIENTED_EDGE('',*,*,#934,.F.);
#1227=ORIENTED_EDGE('',*,*,#935,.T.);
#1228=ORIENTED_EDGE('',*,*,#928,.F.);
#1229=ORIENTED_EDGE('',*,*,#936,.T.);
#1230=ORIENTED_EDGE('',*,*,#937,.T.);
#1231=ORIENTED_EDGE('',*,*,#938,.T.);
#1232=ORIENTED_EDGE('',*,*,#939,.T.);
#1233=ORIENTED_EDGE('',*,*,#940,.T.);
#1234=ORIENTED_EDGE('',*,*,#941,.T.);
#1235=ORIENTED_EDGE('',*,*,#937,.F.);
#1236=ORIENTED_EDGE('',*,*,#912,.T.);
#1237=ORIENTED_EDGE('',*,*,#939,.F.);
#1238=ORIENTED_EDGE('',*,*,#942,.T.);
#1239=ORIENTED_EDGE('',*,*,#943,.T.);
#1240=ORIENTED_EDGE('',*,*,#944,.T.);
#1241=ORIENTED_EDGE('',*,*,#945,.T.);
#1242=ORIENTED_EDGE('',*,*,#943,.F.);
#1243=ORIENTED_EDGE('',*,*,#946,.T.);
#1244=ORIENTED_EDGE('',*,*,#934,.T.);
#1245=ORIENTED_EDGE('',*,*,#927,.F.);
#1246=ORIENTED_EDGE('',*,*,#932,.F.);
#1247=ORIENTED_EDGE('',*,*,#947,.F.);
#1248=ORIENTED_EDGE('',*,*,#948,.F.);
#1249=ORIENTED_EDGE('',*,*,#949,.F.);
#1250=ORIENTED_EDGE('',*,*,#931,.F.);
#1251=ORIENTED_EDGE('',*,*,#950,.T.);
#1252=ORIENTED_EDGE('',*,*,#951,.T.);
#1253=ORIENTED_EDGE('',*,*,#952,.T.);
#1254=ORIENTED_EDGE('',*,*,#953,.T.);
#1255=ORIENTED_EDGE('',*,*,#947,.T.);
#1256=ORIENTED_EDGE('',*,*,#929,.F.);
#1257=ORIENTED_EDGE('',*,*,#938,.F.);
#1258=ORIENTED_EDGE('',*,*,#941,.F.);
#1259=ORIENTED_EDGE('',*,*,#954,.T.);
#1260=ORIENTED_EDGE('',*,*,#955,.F.);
#1261=ORIENTED_EDGE('',*,*,#954,.F.);
#1262=ORIENTED_EDGE('',*,*,#940,.F.);
#1263=ORIENTED_EDGE('',*,*,#944,.F.);
#1264=ORIENTED_EDGE('',*,*,#945,.F.);
#1265=ORIENTED_EDGE('',*,*,#933,.F.);
#1266=ORIENTED_EDGE('',*,*,#956,.T.);
#1267=ORIENTED_EDGE('',*,*,#957,.T.);
#1268=ORIENTED_EDGE('',*,*,#958,.T.);
#1269=ORIENTED_EDGE('',*,*,#959,.T.);
#1270=ORIENTED_EDGE('',*,*,#958,.F.);
#1271=ORIENTED_EDGE('',*,*,#960,.F.);
#1272=ORIENTED_EDGE('',*,*,#961,.F.);
#1273=ORIENTED_EDGE('',*,*,#962,.F.);
#1274=ORIENTED_EDGE('',*,*,#963,.F.);
#1275=ORIENTED_EDGE('',*,*,#964,.T.);
#1276=ORIENTED_EDGE('',*,*,#957,.F.);
#1277=ORIENTED_EDGE('',*,*,#965,.T.);
#1278=ORIENTED_EDGE('',*,*,#966,.F.);
#1279=ORIENTED_EDGE('',*,*,#960,.T.);
#1280=ORIENTED_EDGE('',*,*,#961,.T.);
#1281=ORIENTED_EDGE('',*,*,#966,.T.);
#1282=ORIENTED_EDGE('',*,*,#967,.T.);
#1283=ORIENTED_EDGE('',*,*,#968,.T.);
#1284=ORIENTED_EDGE('',*,*,#969,.T.);
#1285=ORIENTED_EDGE('',*,*,#970,.T.);
#1286=ORIENTED_EDGE('',*,*,#899,.T.);
#1287=ORIENTED_EDGE('',*,*,#971,.T.);
#1288=ORIENTED_EDGE('',*,*,#970,.F.);
#1289=ORIENTED_EDGE('',*,*,#972,.F.);
#1290=ORIENTED_EDGE('',*,*,#973,.F.);
#1291=ORIENTED_EDGE('',*,*,#900,.F.);
#1292=ORIENTED_EDGE('',*,*,#974,.T.);
#1293=ORIENTED_EDGE('',*,*,#975,.T.);
#1294=ORIENTED_EDGE('',*,*,#901,.T.);
#1295=ORIENTED_EDGE('',*,*,#973,.T.);
#1296=ORIENTED_EDGE('',*,*,#976,.T.);
#1297=ORIENTED_EDGE('',*,*,#977,.T.);
#1298=ORIENTED_EDGE('',*,*,#905,.T.);
#1299=ORIENTED_EDGE('',*,*,#978,.T.);
#1300=ORIENTED_EDGE('',*,*,#978,.F.);
#1301=ORIENTED_EDGE('',*,*,#904,.F.);
#1302=ORIENTED_EDGE('',*,*,#979,.F.);
#1303=ORIENTED_EDGE('',*,*,#980,.F.);
#1304=ORIENTED_EDGE('',*,*,#981,.T.);
#1305=ORIENTED_EDGE('',*,*,#979,.T.);
#1306=ORIENTED_EDGE('',*,*,#903,.T.);
#1307=ORIENTED_EDGE('',*,*,#982,.T.);
#1308=ORIENTED_EDGE('',*,*,#975,.F.);
#1309=ORIENTED_EDGE('',*,*,#983,.F.);
#1310=ORIENTED_EDGE('',*,*,#982,.F.);
#1311=ORIENTED_EDGE('',*,*,#902,.F.);
#1312=ORIENTED_EDGE('',*,*,#984,.T.);
#1313=ORIENTED_EDGE('',*,*,#985,.T.);
#1314=ORIENTED_EDGE('',*,*,#986,.T.);
#1315=ORIENTED_EDGE('',*,*,#924,.T.);
#1316=ORIENTED_EDGE('',*,*,#956,.F.);
#1317=ORIENTED_EDGE('',*,*,#987,.F.);
#1318=ORIENTED_EDGE('',*,*,#985,.F.);
#1319=ORIENTED_EDGE('',*,*,#988,.T.);
#1320=ORIENTED_EDGE('',*,*,#967,.F.);
#1321=ORIENTED_EDGE('',*,*,#965,.F.);
#1322=ORIENTED_EDGE('',*,*,#936,.F.);
#1323=ORIENTED_EDGE('',*,*,#949,.T.);
#1324=ORIENTED_EDGE('',*,*,#989,.T.);
#1325=ORIENTED_EDGE('',*,*,#913,.T.);
#1326=ORIENTED_EDGE('',*,*,#990,.T.);
#1327=ORIENTED_EDGE('',*,*,#848,.T.);
#1328=ORIENTED_EDGE('',*,*,#914,.T.);
#1329=ORIENTED_EDGE('',*,*,#989,.F.);
#1330=ORIENTED_EDGE('',*,*,#834,.T.);
#1331=ORIENTED_EDGE('',*,*,#850,.F.);
#1332=ORIENTED_EDGE('',*,*,#991,.T.);
#1333=ORIENTED_EDGE('',*,*,#992,.T.);
#1334=ORIENTED_EDGE('',*,*,#910,.T.);
#1335=ORIENTED_EDGE('',*,*,#942,.F.);
#1336=ORIENTED_EDGE('',*,*,#911,.T.);
#1337=ORIENTED_EDGE('',*,*,#992,.F.);
#1338=ORIENTED_EDGE('',*,*,#993,.T.);
#1339=ORIENTED_EDGE('',*,*,#994,.T.);
#1340=ORIENTED_EDGE('',*,*,#963,.T.);
#1341=ORIENTED_EDGE('',*,*,#995,.T.);
#1342=ORIENTED_EDGE('',*,*,#922,.T.);
#1343=ORIENTED_EDGE('',*,*,#882,.F.);
#1344=ORIENTED_EDGE('',*,*,#996,.T.);
#1345=ORIENTED_EDGE('',*,*,#871,.T.);
#1346=ORIENTED_EDGE('',*,*,#916,.T.);
#1347=ORIENTED_EDGE('',*,*,#915,.T.);
#1348=ORIENTED_EDGE('',*,*,#868,.F.);
#1349=ORIENTED_EDGE('',*,*,#997,.T.);
#1350=ORIENTED_EDGE('',*,*,#898,.T.);
#1351=ORIENTED_EDGE('',*,*,#888,.F.);
#1352=ORIENTED_EDGE('',*,*,#998,.F.);
#1353=ORIENTED_EDGE('',*,*,#999,.F.);
#1354=ORIENTED_EDGE('',*,*,#996,.F.);
#1355=ORIENTED_EDGE('',*,*,#884,.F.);
#1356=ORIENTED_EDGE('',*,*,#872,.F.);
#1357=ORIENTED_EDGE('',*,*,#999,.T.);
#1358=ORIENTED_EDGE('',*,*,#1000,.F.);
#1359=ORIENTED_EDGE('',*,*,#1001,.F.);
#1360=ORIENTED_EDGE('',*,*,#867,.F.);
#1361=ORIENTED_EDGE('',*,*,#1001,.T.);
#1362=ORIENTED_EDGE('',*,*,#1002,.F.);
#1363=ORIENTED_EDGE('',*,*,#1003,.F.);
#1364=ORIENTED_EDGE('',*,*,#997,.F.);
#1365=ORIENTED_EDGE('',*,*,#1003,.T.);
#1366=ORIENTED_EDGE('',*,*,#1004,.F.);
#1367=ORIENTED_EDGE('',*,*,#895,.F.);
#1368=ORIENTED_EDGE('',*,*,#887,.F.);
#1369=ORIENTED_EDGE('',*,*,#896,.T.);
#1370=ORIENTED_EDGE('',*,*,#1004,.T.);
#1371=ORIENTED_EDGE('',*,*,#1002,.T.);
#1372=ORIENTED_EDGE('',*,*,#1000,.T.);
#1373=ORIENTED_EDGE('',*,*,#998,.T.);
#1374=ORIENTED_EDGE('',*,*,#959,.F.);
#1375=ORIENTED_EDGE('',*,*,#964,.F.);
#1376=ORIENTED_EDGE('',*,*,#994,.F.);
#1377=ORIENTED_EDGE('',*,*,#921,.F.);
#1378=ORIENTED_EDGE('',*,*,#986,.F.);
#1379=ORIENTED_EDGE('',*,*,#987,.T.);
#1380=ORIENTED_EDGE('',*,*,#968,.F.);
#1381=ORIENTED_EDGE('',*,*,#988,.F.);
#1382=ORIENTED_EDGE('',*,*,#984,.F.);
#1383=ORIENTED_EDGE('',*,*,#923,.F.);
#1384=ORIENTED_EDGE('',*,*,#995,.F.);
#1385=ORIENTED_EDGE('',*,*,#962,.T.);
#1386=ORIENTED_EDGE('',*,*,#990,.F.);
#1387=ORIENTED_EDGE('',*,*,#948,.T.);
#1388=ORIENTED_EDGE('',*,*,#953,.F.);
#1389=ORIENTED_EDGE('',*,*,#1005,.F.);
#1390=ORIENTED_EDGE('',*,*,#849,.F.);
#1391=ORIENTED_EDGE('',*,*,#1005,.T.);
#1392=ORIENTED_EDGE('',*,*,#952,.F.);
#1393=ORIENTED_EDGE('',*,*,#1006,.F.);
#1394=ORIENTED_EDGE('',*,*,#991,.F.);
#1395=ORIENTED_EDGE('',*,*,#1006,.T.);
#1396=ORIENTED_EDGE('',*,*,#951,.F.);
#1397=ORIENTED_EDGE('',*,*,#1007,.F.);
#1398=ORIENTED_EDGE('',*,*,#946,.F.);
#1399=ORIENTED_EDGE('',*,*,#993,.F.);
#1400=ORIENTED_EDGE('',*,*,#1007,.T.);
#1401=ORIENTED_EDGE('',*,*,#950,.F.);
#1402=ORIENTED_EDGE('',*,*,#935,.F.);
#1403=ORIENTED_EDGE('',*,*,#1008,.F.);
#1404=ORIENTED_EDGE('',*,*,#918,.T.);
#1405=ORIENTED_EDGE('',*,*,#1009,.T.);
#1406=ORIENTED_EDGE('',*,*,#1010,.T.);
#1407=ORIENTED_EDGE('',*,*,#1011,.F.);
#1408=ORIENTED_EDGE('',*,*,#907,.T.);
#1409=ORIENTED_EDGE('',*,*,#835,.T.);
#1410=ORIENTED_EDGE('',*,*,#857,.T.);
#1411=ORIENTED_EDGE('',*,*,#1012,.T.);
#1412=ORIENTED_EDGE('',*,*,#853,.F.);
#1413=ORIENTED_EDGE('',*,*,#909,.T.);
#1414=ORIENTED_EDGE('',*,*,#1013,.T.);
#1415=ORIENTED_EDGE('',*,*,#1014,.F.);
#1416=ORIENTED_EDGE('',*,*,#844,.T.);
#1417=ORIENTED_EDGE('',*,*,#920,.T.);
#1418=ORIENTED_EDGE('',*,*,#1015,.T.);
#1419=ORIENTED_EDGE('',*,*,#1016,.F.);
#1420=ORIENTED_EDGE('',*,*,#1017,.F.);
#1421=ORIENTED_EDGE('',*,*,#971,.F.);
#1422=ORIENTED_EDGE('',*,*,#906,.F.);
#1423=ORIENTED_EDGE('',*,*,#977,.F.);
#1424=ORIENTED_EDGE('',*,*,#1018,.F.);
#1425=ORIENTED_EDGE('',*,*,#969,.F.);
#1426=ORIENTED_EDGE('',*,*,#1018,.T.);
#1427=ORIENTED_EDGE('',*,*,#976,.F.);
#1428=ORIENTED_EDGE('',*,*,#980,.T.);
#1429=ORIENTED_EDGE('',*,*,#981,.F.);
#1430=ORIENTED_EDGE('',*,*,#983,.T.);
#1431=ORIENTED_EDGE('',*,*,#974,.F.);
#1432=ORIENTED_EDGE('',*,*,#972,.T.);
#1433=ORIENTED_EDGE('',*,*,#926,.T.);
#1434=ORIENTED_EDGE('',*,*,#955,.T.);
#1435=ORIENTED_EDGE('',*,*,#838,.T.);
#1436=ORIENTED_EDGE('',*,*,#836,.T.);
#1437=ORIENTED_EDGE('',*,*,#830,.T.);
#1438=ORIENTED_EDGE('',*,*,#858,.T.);
#1439=ORIENTED_EDGE('',*,*,#823,.T.);
#1440=ORIENTED_EDGE('',*,*,#818,.T.);
#1441=ORIENTED_EDGE('',*,*,#1019,.T.);
#1442=ORIENTED_EDGE('',*,*,#864,.T.);
#1443=ORIENTED_EDGE('',*,*,#1020,.T.);
#1444=ORIENTED_EDGE('',*,*,#1021,.T.);
#1445=ORIENTED_EDGE('',*,*,#1020,.F.);
#1446=ORIENTED_EDGE('',*,*,#863,.T.);
#1447=ORIENTED_EDGE('',*,*,#1022,.T.);
#1448=ORIENTED_EDGE('',*,*,#1023,.T.);
#1449=ORIENTED_EDGE('',*,*,#1022,.F.);
#1450=ORIENTED_EDGE('',*,*,#862,.T.);
#1451=ORIENTED_EDGE('',*,*,#1024,.T.);
#1452=ORIENTED_EDGE('',*,*,#1025,.T.);
#1453=ORIENTED_EDGE('',*,*,#1024,.F.);
#1454=ORIENTED_EDGE('',*,*,#861,.T.);
#1455=ORIENTED_EDGE('',*,*,#1026,.T.);
#1456=ORIENTED_EDGE('',*,*,#1027,.T.);
#1457=ORIENTED_EDGE('',*,*,#1026,.F.);
#1458=ORIENTED_EDGE('',*,*,#860,.T.);
#1459=ORIENTED_EDGE('',*,*,#1028,.T.);
#1460=ORIENTED_EDGE('',*,*,#1029,.T.);
#1461=ORIENTED_EDGE('',*,*,#1028,.F.);
#1462=ORIENTED_EDGE('',*,*,#859,.T.);
#1463=ORIENTED_EDGE('',*,*,#1019,.F.);
#1464=ORIENTED_EDGE('',*,*,#1030,.T.);
#1465=ORIENTED_EDGE('',*,*,#1031,.T.);
#1466=ORIENTED_EDGE('',*,*,#855,.T.);
#1467=ORIENTED_EDGE('',*,*,#1032,.T.);
#1468=ORIENTED_EDGE('',*,*,#1033,.T.);
#1469=ORIENTED_EDGE('',*,*,#1032,.F.);
#1470=ORIENTED_EDGE('',*,*,#854,.T.);
#1471=ORIENTED_EDGE('',*,*,#1014,.T.);
#1472=ORIENTED_EDGE('',*,*,#1034,.T.);
#1473=ORIENTED_EDGE('',*,*,#1012,.F.);
#1474=ORIENTED_EDGE('',*,*,#856,.T.);
#1475=ORIENTED_EDGE('',*,*,#1031,.F.);
#1476=ORIENTED_EDGE('',*,*,#1035,.T.);
#1477=ORIENTED_EDGE('',*,*,#1035,.F.);
#1478=ORIENTED_EDGE('',*,*,#1033,.F.);
#1479=ORIENTED_EDGE('',*,*,#1034,.F.);
#1480=ORIENTED_EDGE('',*,*,#1013,.F.);
#1481=ORIENTED_EDGE('',*,*,#908,.F.);
#1482=ORIENTED_EDGE('',*,*,#1011,.T.);
#1483=ORIENTED_EDGE('',*,*,#1030,.F.);
#1484=ORIENTED_EDGE('',*,*,#1021,.F.);
#1485=ORIENTED_EDGE('',*,*,#1023,.F.);
#1486=ORIENTED_EDGE('',*,*,#1025,.F.);
#1487=ORIENTED_EDGE('',*,*,#1027,.F.);
#1488=ORIENTED_EDGE('',*,*,#1029,.F.);
#1489=ORIENTED_EDGE('',*,*,#845,.T.);
#1490=ORIENTED_EDGE('',*,*,#1017,.T.);
#1491=ORIENTED_EDGE('',*,*,#1036,.T.);
#1492=ORIENTED_EDGE('',*,*,#1037,.T.);
#1493=ORIENTED_EDGE('',*,*,#1038,.T.);
#1494=ORIENTED_EDGE('',*,*,#1009,.F.);
#1495=ORIENTED_EDGE('',*,*,#917,.F.);
#1496=ORIENTED_EDGE('',*,*,#1039,.T.);
#1497=ORIENTED_EDGE('',*,*,#1040,.T.);
#1498=ORIENTED_EDGE('',*,*,#1041,.T.);
#1499=ORIENTED_EDGE('',*,*,#1042,.T.);
#1500=ORIENTED_EDGE('',*,*,#1043,.T.);
#1501=ORIENTED_EDGE('',*,*,#1044,.T.);
#1502=ORIENTED_EDGE('',*,*,#1045,.F.);
#1503=ORIENTED_EDGE('',*,*,#1046,.F.);
#1504=ORIENTED_EDGE('',*,*,#1047,.F.);
#1505=ORIENTED_EDGE('',*,*,#1040,.F.);
#1506=ORIENTED_EDGE('',*,*,#1047,.T.);
#1507=ORIENTED_EDGE('',*,*,#1048,.F.);
#1508=ORIENTED_EDGE('',*,*,#1049,.F.);
#1509=ORIENTED_EDGE('',*,*,#1041,.F.);
#1510=ORIENTED_EDGE('',*,*,#1049,.T.);
#1511=ORIENTED_EDGE('',*,*,#1050,.F.);
#1512=ORIENTED_EDGE('',*,*,#1051,.F.);
#1513=ORIENTED_EDGE('',*,*,#1042,.F.);
#1514=ORIENTED_EDGE('',*,*,#1051,.T.);
#1515=ORIENTED_EDGE('',*,*,#1052,.F.);
#1516=ORIENTED_EDGE('',*,*,#1053,.F.);
#1517=ORIENTED_EDGE('',*,*,#1043,.F.);
#1518=ORIENTED_EDGE('',*,*,#1053,.T.);
#1519=ORIENTED_EDGE('',*,*,#1054,.F.);
#1520=ORIENTED_EDGE('',*,*,#1055,.F.);
#1521=ORIENTED_EDGE('',*,*,#1044,.F.);
#1522=ORIENTED_EDGE('',*,*,#1055,.T.);
#1523=ORIENTED_EDGE('',*,*,#1056,.F.);
#1524=ORIENTED_EDGE('',*,*,#1045,.T.);
#1525=ORIENTED_EDGE('',*,*,#1039,.F.);
#1526=ORIENTED_EDGE('',*,*,#1057,.F.);
#1527=ORIENTED_EDGE('',*,*,#1058,.F.);
#1528=ORIENTED_EDGE('',*,*,#1059,.F.);
#1529=ORIENTED_EDGE('',*,*,#1037,.F.);
#1530=ORIENTED_EDGE('',*,*,#1059,.T.);
#1531=ORIENTED_EDGE('',*,*,#1060,.F.);
#1532=ORIENTED_EDGE('',*,*,#1010,.F.);
#1533=ORIENTED_EDGE('',*,*,#1038,.F.);
#1534=ORIENTED_EDGE('',*,*,#1016,.T.);
#1535=ORIENTED_EDGE('',*,*,#1061,.F.);
#1536=ORIENTED_EDGE('',*,*,#1057,.T.);
#1537=ORIENTED_EDGE('',*,*,#1036,.F.);
#1538=ORIENTED_EDGE('',*,*,#1061,.T.);
#1539=ORIENTED_EDGE('',*,*,#1015,.F.);
#1540=ORIENTED_EDGE('',*,*,#919,.F.);
#1541=ORIENTED_EDGE('',*,*,#1008,.T.);
#1542=ORIENTED_EDGE('',*,*,#1060,.T.);
#1543=ORIENTED_EDGE('',*,*,#1058,.T.);
#1544=ORIENTED_EDGE('',*,*,#1056,.T.);
#1545=ORIENTED_EDGE('',*,*,#1054,.T.);
#1546=ORIENTED_EDGE('',*,*,#1052,.T.);
#1547=ORIENTED_EDGE('',*,*,#1050,.T.);
#1548=ORIENTED_EDGE('',*,*,#1048,.T.);
#1549=ORIENTED_EDGE('',*,*,#1046,.T.);
#1550=CYLINDRICAL_SURFACE('',#1682,2.5);
#1551=CYLINDRICAL_SURFACE('',#1685,2.5);
#1552=CYLINDRICAL_SURFACE('',#1689,2.5);
#1553=CYLINDRICAL_SURFACE('',#1694,2.5);
#1554=CYLINDRICAL_SURFACE('',#1699,2.);
#1555=CYLINDRICAL_SURFACE('',#1705,2.);
#1556=CYLINDRICAL_SURFACE('',#1708,2.);
#1557=CYLINDRICAL_SURFACE('',#1710,0.5);
#1558=CYLINDRICAL_SURFACE('',#1718,0.5);
#1559=CYLINDRICAL_SURFACE('',#1726,2.);
#1560=CYLINDRICAL_SURFACE('',#1736,8.25);
#1561=CYLINDRICAL_SURFACE('',#1738,0.5);
#1562=CYLINDRICAL_SURFACE('',#1751,0.5);
#1563=CYLINDRICAL_SURFACE('',#1754,8.25);
#1564=CYLINDRICAL_SURFACE('',#1764,4.);
#1565=CYLINDRICAL_SURFACE('',#1767,4.);
#1566=CYLINDRICAL_SURFACE('',#1769,4.);
#1567=CYLINDRICAL_SURFACE('',#1772,4.);
#1568=CYLINDRICAL_SURFACE('',#1775,2.);
#1569=CYLINDRICAL_SURFACE('',#1777,2.);
#1570=CYLINDRICAL_SURFACE('',#1779,2.);
#1571=CYLINDRICAL_SURFACE('',#1780,2.);
#1572=CYLINDRICAL_SURFACE('',#1782,2.);
#1573=CYLINDRICAL_SURFACE('',#1783,2.);
#1574=CYLINDRICAL_SURFACE('',#1784,2.);
#1575=CYLINDRICAL_SURFACE('',#1785,2.);
#1576=CYLINDRICAL_SURFACE('',#1791,9.5);
#1577=CYLINDRICAL_SURFACE('',#1792,9.50000000000001);
#1578=CYLINDRICAL_SURFACE('',#1797,4.);
#1579=CYLINDRICAL_SURFACE('',#1800,4.);
#1580=CYLINDRICAL_SURFACE('',#1802,4.);
#1581=CYLINDRICAL_SURFACE('',#1804,4.);
#1582=ADVANCED_FACE('',(#90),#1550,.F.);
#1583=ADVANCED_FACE('',(#91),#1551,.F.);
#1584=ADVANCED_FACE('',(#92),#1552,.F.);
#1585=ADVANCED_FACE('',(#93),#46,.F.);
#1586=ADVANCED_FACE('',(#94),#1553,.F.);
#1587=ADVANCED_FACE('',(#95),#1554,.F.);
#1588=ADVANCED_FACE('',(#96,#25),#47,.F.);
#1589=ADVANCED_FACE('',(#97),#1555,.F.);
#1590=ADVANCED_FACE('',(#98),#1556,.F.);
#1591=ADVANCED_FACE('',(#99),#1557,.T.);
#1592=ADVANCED_FACE('',(#100),#19,.T.);
#1593=ADVANCED_FACE('',(#101),#15,.F.);
#1594=ADVANCED_FACE('',(#102),#1558,.T.);
#1595=ADVANCED_FACE('',(#103),#20,.T.);
#1596=ADVANCED_FACE('',(#104),#16,.F.);
#1597=ADVANCED_FACE('',(#105),#48,.T.);
#1598=ADVANCED_FACE('',(#106),#1559,.F.);
#1599=ADVANCED_FACE('',(#107,#26,#27,#28),#49,.F.);
#1600=ADVANCED_FACE('',(#108),#1560,.F.);
#1601=ADVANCED_FACE('',(#109),#1561,.T.);
#1602=ADVANCED_FACE('',(#110),#21,.T.);
#1603=ADVANCED_FACE('',(#111),#17,.F.);
#1604=ADVANCED_FACE('',(#112),#22,.T.);
#1605=ADVANCED_FACE('',(#113),#18,.F.);
#1606=ADVANCED_FACE('',(#114),#1562,.T.);
#1607=ADVANCED_FACE('',(#115),#50,.T.);
#1608=ADVANCED_FACE('',(#116),#51,.T.);
#1609=ADVANCED_FACE('',(#117),#1563,.F.);
#1610=ADVANCED_FACE('',(#118),#23,.T.);
#1611=ADVANCED_FACE('',(#119),#52,.T.);
#1612=ADVANCED_FACE('',(#120),#53,.T.);
#1613=ADVANCED_FACE('',(#121),#24,.T.);
#1614=ADVANCED_FACE('',(#122),#1564,.T.);
#1615=ADVANCED_FACE('',(#123),#54,.T.);
#1616=ADVANCED_FACE('',(#124),#1565,.T.);
#1617=ADVANCED_FACE('',(#125),#1566,.T.);
#1618=ADVANCED_FACE('',(#126),#55,.T.);
#1619=ADVANCED_FACE('',(#127),#1567,.T.);
#1620=ADVANCED_FACE('',(#128),#56,.T.);
#1621=ADVANCED_FACE('',(#129),#1568,.F.);
#1622=ADVANCED_FACE('',(#130),#57,.T.);
#1623=ADVANCED_FACE('',(#131),#1569,.F.);
#1624=ADVANCED_FACE('',(#132),#1570,.F.);
#1625=ADVANCED_FACE('',(#133),#1571,.F.);
#1626=ADVANCED_FACE('',(#134),#1572,.F.);
#1627=ADVANCED_FACE('',(#135),#1573,.F.);
#1628=ADVANCED_FACE('',(#136),#1574,.F.);
#1629=ADVANCED_FACE('',(#137),#1575,.F.);
#1630=ADVANCED_FACE('',(#138),#58,.T.);
#1631=ADVANCED_FACE('',(#139),#59,.T.);
#1632=ADVANCED_FACE('',(#140),#60,.T.);
#1633=ADVANCED_FACE('',(#141),#61,.T.);
#1634=ADVANCED_FACE('',(#142),#62,.T.);
#1635=ADVANCED_FACE('',(#143),#1576,.F.);
#1636=ADVANCED_FACE('',(#144),#1577,.F.);
#1637=ADVANCED_FACE('',(#145),#63,.T.);
#1638=ADVANCED_FACE('',(#146),#64,.T.);
#1639=ADVANCED_FACE('',(#147),#65,.T.);
#1640=ADVANCED_FACE('',(#148),#66,.T.);
#1641=ADVANCED_FACE('',(#149),#1578,.F.);
#1642=ADVANCED_FACE('',(#150),#1579,.F.);
#1643=ADVANCED_FACE('',(#151),#1580,.F.);
#1644=ADVANCED_FACE('',(#152),#1581,.F.);
#1645=ADVANCED_FACE('',(#153),#67,.T.);
#1646=ADVANCED_FACE('',(#154,#29,#30,#31,#32,#33,#34),#68,.T.);
#1647=ADVANCED_FACE('',(#155),#69,.F.);
#1648=ADVANCED_FACE('',(#156),#70,.F.);
#1649=ADVANCED_FACE('',(#157),#71,.F.);
#1650=ADVANCED_FACE('',(#158),#72,.F.);
#1651=ADVANCED_FACE('',(#159),#73,.F.);
#1652=ADVANCED_FACE('',(#160),#74,.F.);
#1653=ADVANCED_FACE('',(#161),#75,.F.);
#1654=ADVANCED_FACE('',(#162),#76,.F.);
#1655=ADVANCED_FACE('',(#163),#77,.F.);
#1656=ADVANCED_FACE('',(#164,#35),#78,.F.);
#1657=ADVANCED_FACE('',(#165,#36),#79,.T.);
#1658=ADVANCED_FACE('',(#166),#80,.T.);
#1659=ADVANCED_FACE('',(#167),#81,.T.);
#1660=ADVANCED_FACE('',(#168),#82,.T.);
#1661=ADVANCED_FACE('',(#169),#83,.T.);
#1662=ADVANCED_FACE('',(#170),#84,.T.);
#1663=ADVANCED_FACE('',(#171),#85,.T.);
#1664=ADVANCED_FACE('',(#172),#86,.T.);
#1665=ADVANCED_FACE('',(#173),#87,.T.);
#1666=ADVANCED_FACE('',(#174),#88,.T.);
#1667=ADVANCED_FACE('',(#175,#37),#89,.T.);
#1668=CLOSED_SHELL('',(#1582,#1583,#1584,#1585,#1586,#1587,#1588,#1589,
#1590,#1591,#1592,#1593,#1594,#1595,#1596,#1597,#1598,#1599,#1600,#1601,
#1602,#1603,#1604,#1605,#1606,#1607,#1608,#1609,#1610,#1611,#1612,#1613,
#1614,#1615,#1616,#1617,#1618,#1619,#1620,#1621,#1622,#1623,#1624,#1625,
#1626,#1627,#1628,#1629,#1630,#1631,#1632,#1633,#1634,#1635,#1636,#1637,
#1638,#1639,#1640,#1641,#1642,#1643,#1644,#1645,#1646,#1647,#1648,#1649,
#1650,#1651,#1652,#1653,#1654,#1655,#1656,#1657,#1658,#1659,#1660,#1661,
#1662,#1663,#1664,#1665,#1666,#1667));
#1669=DERIVED_UNIT_ELEMENT(#1671,1.);
#1670=DERIVED_UNIT_ELEMENT(#3085,-3.);
#1671=(
MASS_UNIT()
NAMED_UNIT(*)
SI_UNIT(.KILO.,.GRAM.)
);
#1672=DERIVED_UNIT((#1669,#1670));
#1673=MEASURE_REPRESENTATION_ITEM('density measure',
POSITIVE_RATIO_MEASURE(7850.),#1672);
#1674=PROPERTY_DEFINITION_REPRESENTATION(#1679,#1676);
#1675=PROPERTY_DEFINITION_REPRESENTATION(#1680,#1677);
#1676=REPRESENTATION('material name',(#1678),#3082);
#1677=REPRESENTATION('density',(#1673),#3082);
#1678=DESCRIPTIVE_REPRESENTATION_ITEM('Acier','Acier');
#1679=PROPERTY_DEFINITION('material property','material name',#3092);
#1680=PROPERTY_DEFINITION('material property','density of part',#3092);
#1681=AXIS2_PLACEMENT_3D('',#2278,#1830,#1831);
#1682=AXIS2_PLACEMENT_3D('',#2279,#1832,#1833);
#1683=AXIS2_PLACEMENT_3D('',#2281,#1834,#1835);
#1684=AXIS2_PLACEMENT_3D('',#2292,#1837,#1838);
#1685=AXIS2_PLACEMENT_3D('',#2299,#1839,#1840);
#1686=AXIS2_PLACEMENT_3D('',#2301,#1841,#1842);
#1687=AXIS2_PLACEMENT_3D('',#2305,#1844,#1845);
#1688=AXIS2_PLACEMENT_3D('',#2317,#1846,#1847);
#1689=AXIS2_PLACEMENT_3D('',#2318,#1848,#1849);
#1690=AXIS2_PLACEMENT_3D('',#2321,#1850,#1851);
#1691=AXIS2_PLACEMENT_3D('',#2325,#1853,#1854);
#1692=AXIS2_PLACEMENT_3D('',#2329,#1856,#1857);
#1693=AXIS2_PLACEMENT_3D('',#2339,#1858,#1859);
#1694=AXIS2_PLACEMENT_3D('',#2345,#1863,#1864);
#1695=AXIS2_PLACEMENT_3D('',#2347,#1865,#1866);
#1696=AXIS2_PLACEMENT_3D('',#2351,#1868,#1869);
#1697=AXIS2_PLACEMENT_3D('',#2363,#1870,#1871);
#1698=AXIS2_PLACEMENT_3D('',#2371,#1873,#1874);
#1699=AXIS2_PLACEMENT_3D('',#2372,#1875,#1876);
#1700=AXIS2_PLACEMENT_3D('',#2376,#1878,#1879);
#1701=AXIS2_PLACEMENT_3D('',#2379,#1881,#1882);
#1702=AXIS2_PLACEMENT_3D('',#2381,#1884,#1885);
#1703=AXIS2_PLACEMENT_3D('',#2385,#1887,#1888);
#1704=AXIS2_PLACEMENT_3D('',#2392,#1892,#1893);
#1705=AXIS2_PLACEMENT_3D('',#2406,#1901,#1902);
#1706=AXIS2_PLACEMENT_3D('',#2409,#1904,#1905);
#1707=AXIS2_PLACEMENT_3D('',#2413,#1907,#1908);
#1708=AXIS2_PLACEMENT_3D('',#2415,#1910,#1911);
#1709=AXIS2_PLACEMENT_3D('',#2419,#1913,#1914);
#1710=AXIS2_PLACEMENT_3D('',#2421,#1916,#1917);
#1711=AXIS2_PLACEMENT_3D('',#2426,#1919,#1920);
#1712=AXIS2_PLACEMENT_3D('',#2443,#1922,#1923);
#1713=AXIS2_PLACEMENT_3D('',#2446,#1924,#1925);
#1714=AXIS2_PLACEMENT_3D('',#2448,#1926,#1927);
#1715=AXIS2_PLACEMENT_3D('',#2450,#1928,#1929);
#1716=AXIS2_PLACEMENT_3D('',#2451,#1930,#1931);
#1717=AXIS2_PLACEMENT_3D('',#2484,#1932,#1933);
#1718=AXIS2_PLACEMENT_3D('',#2497,#1934,#1935);
#1719=AXIS2_PLACEMENT_3D('',#2516,#1938,#1939);
#1720=AXIS2_PLACEMENT_3D('',#2519,#1940,#1941);
#1721=AXIS2_PLACEMENT_3D('',#2520,#1942,#1943);
#1722=AXIS2_PLACEMENT_3D('',#2522,#1944,#1945);
#1723=AXIS2_PLACEMENT_3D('',#2523,#1946,#1947);
#1724=AXIS2_PLACEMENT_3D('',#2524,#1948,#1949);
#1725=AXIS2_PLACEMENT_3D('',#2567,#1950,#1951);
#1726=AXIS2_PLACEMENT_3D('',#2573,#1955,#1956);
#1727=AXIS2_PLACEMENT_3D('',#2576,#1958,#1959);
#1728=AXIS2_PLACEMENT_3D('',#2577,#1960,#1961);
#1729=AXIS2_PLACEMENT_3D('',#2580,#1962,#1963);
#1730=AXIS2_PLACEMENT_3D('',#2584,#1965,#1966);
#1731=AXIS2_PLACEMENT_3D('',#2588,#1968,#1969);
#1732=AXIS2_PLACEMENT_3D('',#2592,#1971,#1972);
#1733=AXIS2_PLACEMENT_3D('',#2604,#1979,#1980);
#1734=AXIS2_PLACEMENT_3D('',#2619,#1989,#1990);
#1735=AXIS2_PLACEMENT_3D('',#2623,#1992,#1993);
#1736=AXIS2_PLACEMENT_3D('',#2625,#1995,#1996);
#1737=AXIS2_PLACEMENT_3D('',#2628,#1998,#1999);
#1738=AXIS2_PLACEMENT_3D('',#2629,#2000,#2001);
#1739=AXIS2_PLACEMENT_3D('',#2634,#2003,#2004);
#1740=AXIS2_PLACEMENT_3D('',#2651,#2006,#2007);
#1741=AXIS2_PLACEMENT_3D('',#2654,#2008,#2009);
#1742=AXIS2_PLACEMENT_3D('',#2655,#2010,#2011);
#1743=AXIS2_PLACEMENT_3D('',#2657,#2012,#2013);
#1744=AXIS2_PLACEMENT_3D('',#2673,#2014,#2015);
#1745=AXIS2_PLACEMENT_3D('',#2711,#2016,#2017);
#1746=AXIS2_PLACEMENT_3D('',#2718,#2018,#2019);
#1747=AXIS2_PLACEMENT_3D('',#2720,#2020,#2021);
#1748=AXIS2_PLACEMENT_3D('',#2722,#2022,#2023);
#1749=AXIS2_PLACEMENT_3D('',#2723,#2024,#2025);
#1750=AXIS2_PLACEMENT_3D('',#2762,#2026,#2027);
#1751=AXIS2_PLACEMENT_3D('',#2769,#2028,#2029);
#1752=AXIS2_PLACEMENT_3D('',#2772,#2032,#2033);
#1753=AXIS2_PLACEMENT_3D('',#2778,#2037,#2038);
#1754=AXIS2_PLACEMENT_3D('',#2786,#2043,#2044);
#1755=AXIS2_PLACEMENT_3D('',#2789,#2046,#2047);
#1756=AXIS2_PLACEMENT_3D('',#2790,#2048,#2049);
#1757=AXIS2_PLACEMENT_3D('',#2804,#2050,#2051);
#1758=AXIS2_PLACEMENT_3D('',#2816,#2052,#2053);
#1759=AXIS2_PLACEMENT_3D('',#2817,#2054,#2055);
#1760=AXIS2_PLACEMENT_3D('',#2836,#2060,#2061);
#1761=AXIS2_PLACEMENT_3D('',#2839,#2063,#2064);
#1762=AXIS2_PLACEMENT_3D('',#2840,#2065,#2066);
#1763=AXIS2_PLACEMENT_3D('',#2852,#2067,#2068);
#1764=AXIS2_PLACEMENT_3D('',#2853,#2069,#2070);
#1765=AXIS2_PLACEMENT_3D('',#2856,#2071,#2072);
#1766=AXIS2_PLACEMENT_3D('',#2859,#2075,#2076);
#1767=AXIS2_PLACEMENT_3D('',#2863,#2079,#2080);
#1768=AXIS2_PLACEMENT_3D('',#2865,#2081,#2082);
#1769=AXIS2_PLACEMENT_3D('',#2867,#2084,#2085);
#1770=AXIS2_PLACEMENT_3D('',#2870,#2086,#2087);
#1771=AXIS2_PLACEMENT_3D('',#2873,#2090,#2091);
#1772=AXIS2_PLACEMENT_3D('',#2877,#2094,#2095);
#1773=AXIS2_PLACEMENT_3D('',#2879,#2096,#2097);
#1774=AXIS2_PLACEMENT_3D('',#2881,#2099,#2100);
#1775=AXIS2_PLACEMENT_3D('',#2883,#2102,#2103);
#1776=AXIS2_PLACEMENT_3D('',#2907,#2105,#2106);
#1777=AXIS2_PLACEMENT_3D('',#2910,#2109,#2110);
#1778=AXIS2_PLACEMENT_3D('',#2911,#2111,#2112);
#1779=AXIS2_PLACEMENT_3D('',#2912,#2113,#2114);
#1780=AXIS2_PLACEMENT_3D('',#2914,#2116,#2117);
#1781=AXIS2_PLACEMENT_3D('',#2917,#2119,#2120);
#1782=AXIS2_PLACEMENT_3D('',#2918,#2121,#2122);
#1783=AXIS2_PLACEMENT_3D('',#2920,#2124,#2125);
#1784=AXIS2_PLACEMENT_3D('',#2941,#2126,#2127);
#1785=AXIS2_PLACEMENT_3D('',#2943,#2129,#2130);
#1786=AXIS2_PLACEMENT_3D('',#2945,#2132,#2133);
#1787=AXIS2_PLACEMENT_3D('',#2949,#2136,#2137);
#1788=AXIS2_PLACEMENT_3D('',#2953,#2140,#2141);
#1789=AXIS2_PLACEMENT_3D('',#2957,#2144,#2145);
#1790=AXIS2_PLACEMENT_3D('',#2959,#2147,#2148);
#1791=AXIS2_PLACEMENT_3D('',#2960,#2149,#2150);
#1792=AXIS2_PLACEMENT_3D('',#2961,#2151,#2152);
#1793=AXIS2_PLACEMENT_3D('',#2962,#2153,#2154);
#1794=AXIS2_PLACEMENT_3D('',#2964,#2156,#2157);
#1795=AXIS2_PLACEMENT_3D('',#2966,#2159,#2160);
#1796=AXIS2_PLACEMENT_3D('',#2968,#2162,#2163);
#1797=AXIS2_PLACEMENT_3D('',#2969,#2164,#2165);
#1798=AXIS2_PLACEMENT_3D('',#2971,#2166,#2167);
#1799=AXIS2_PLACEMENT_3D('',#2973,#2168,#2169);
#1800=AXIS2_PLACEMENT_3D('',#2975,#2171,#2172);
#1801=AXIS2_PLACEMENT_3D('',#2977,#2173,#2174);
#1802=AXIS2_PLACEMENT_3D('',#2979,#2176,#2177);
#1803=AXIS2_PLACEMENT_3D('',#2981,#2178,#2179);
#1804=AXIS2_PLACEMENT_3D('',#2983,#2181,#2182);
#1805=AXIS2_PLACEMENT_3D('',#2985,#2183,#2184);
#1806=AXIS2_PLACEMENT_3D('',#2988,#2186,#2187);
#1807=AXIS2_PLACEMENT_3D('',#2989,#2188,#2189);
#1808=AXIS2_PLACEMENT_3D('',#2991,#2191,#2192);
#1809=AXIS2_PLACEMENT_3D('',#2992,#2193,#2194);
#1810=AXIS2_PLACEMENT_3D('',#2998,#2198,#2199);
#1811=AXIS2_PLACEMENT_3D('',#3002,#2202,#2203);
#1812=AXIS2_PLACEMENT_3D('',#3006,#2206,#2207);
#1813=AXIS2_PLACEMENT_3D('',#3010,#2210,#2211);
#1814=AXIS2_PLACEMENT_3D('',#3014,#2214,#2215);
#1815=AXIS2_PLACEMENT_3D('',#3016,#2217,#2218);
#1816=AXIS2_PLACEMENT_3D('',#3022,#2222,#2223);
#1817=AXIS2_PLACEMENT_3D('',#3024,#2225,#2226);
#1818=AXIS2_PLACEMENT_3D('',#3026,#2228,#2229);
#1819=AXIS2_PLACEMENT_3D('',#3027,#2230,#2231);
#1820=AXIS2_PLACEMENT_3D('',#3045,#2241,#2242);
#1821=AXIS2_PLACEMENT_3D('',#3051,#2246,#2247);
#1822=AXIS2_PLACEMENT_3D('',#3055,#2250,#2251);
#1823=AXIS2_PLACEMENT_3D('',#3059,#2254,#2255);
#1824=AXIS2_PLACEMENT_3D('',#3063,#2258,#2259);
#1825=AXIS2_PLACEMENT_3D('',#3067,#2262,#2263);
#1826=AXIS2_PLACEMENT_3D('',#3069,#2265,#2266);
#1827=AXIS2_PLACEMENT_3D('',#3075,#2270,#2271);
#1828=AXIS2_PLACEMENT_3D('',#3077,#2273,#2274);
#1829=AXIS2_PLACEMENT_3D('',#3079,#2276,#2277);
#1830=DIRECTION('axis',(0.,0.,1.));
#1831=DIRECTION('refdir',(1.,0.,0.));
#1832=DIRECTION('center_axis',(0.,0.,-1.));
#1833=DIRECTION('ref_axis',(-1.,0.,0.));
#1834=DIRECTION('center_axis',(0.,0.,-1.));
#1835=DIRECTION('ref_axis',(-1.,0.,0.));
#1836=DIRECTION('',(0.,0.,-1.));
#1837=DIRECTION('center_axis',(0.,0.,1.));
#1838=DIRECTION('ref_axis',(-1.,0.,0.));
#1839=DIRECTION('center_axis',(0.,0.,-1.));
#1840=DIRECTION('ref_axis',(-1.,0.,0.));
#1841=DIRECTION('center_axis',(0.,0.,-1.));
#1842=DIRECTION('ref_axis',(-1.,0.,0.));
#1843=DIRECTION('',(0.,0.,-1.));
#1844=DIRECTION('center_axis',(0.,0.,1.));
#1845=DIRECTION('ref_axis',(-1.,0.,0.));
#1846=DIRECTION('center_axis',(0.,0.,1.));
#1847=DIRECTION('ref_axis',(-1.,0.,0.));
#1848=DIRECTION('center_axis',(0.,0.,-1.));
#1849=DIRECTION('ref_axis',(0.19129035290351,-0.981533494530905,0.));
#1850=DIRECTION('center_axis',(0.,0.,1.));
#1851=DIRECTION('ref_axis',(-1.,0.,0.));
#1852=DIRECTION('',(0.,0.,-1.));
#1853=DIRECTION('center_axis',(0.,0.,-1.));
#1854=DIRECTION('ref_axis',(-1.,0.,0.));
#1855=DIRECTION('',(0.,0.,1.));
#1856=DIRECTION('center_axis',(0.,0.,1.));
#1857=DIRECTION('ref_axis',(-1.,0.,0.));
#1858=DIRECTION('center_axis',(-1.,0.,0.));
#1859=DIRECTION('ref_axis',(0.,1.,0.));
#1860=DIRECTION('',(-8.3266726846887E-17,-1.,0.));
#1861=DIRECTION('',(0.,1.,0.));
#1862=DIRECTION('',(0.,0.,-1.));
#1863=DIRECTION('center_axis',(0.,0.,-1.));
#1864=DIRECTION('ref_axis',(-1.,0.,0.));
#1865=DIRECTION('center_axis',(0.,0.,-1.));
#1866=DIRECTION('ref_axis',(-1.,0.,0.));
#1867=DIRECTION('',(0.,0.,-1.));
#1868=DIRECTION('center_axis',(0.,0.,1.));
#1869=DIRECTION('ref_axis',(-1.,0.,0.));
#1870=DIRECTION('center_axis',(0.,0.,1.));
#1871=DIRECTION('ref_axis',(-1.,0.,0.));
#1872=DIRECTION('',(0.,0.,-1.));
#1873=DIRECTION('center_axis',(0.,0.,1.));
#1874=DIRECTION('ref_axis',(-1.,0.,0.));
#1875=DIRECTION('center_axis',(8.88178419700125E-16,-1.,0.));
#1876=DIRECTION('ref_axis',(0.707106781186546,5.88784672006416E-16,0.707106781186549));
#1877=DIRECTION('',(-8.88178419700125E-16,1.,0.));
#1878=DIRECTION('center_axis',(-0.707106781186546,-0.707106781186549,0.));
#1879=DIRECTION('ref_axis',(0.707106781186549,-0.707106781186545,0.));
#1880=DIRECTION('',(8.88178419700125E-16,-1.,0.));
#1881=DIRECTION('center_axis',(0.707106781186549,-0.707106781186546,0.));
#1882=DIRECTION('ref_axis',(0.707106781186546,0.707106781186549,0.));
#1883=DIRECTION('',(-8.88178419700125E-16,1.,0.));
#1884=DIRECTION('center_axis',(8.3266726846887E-17,1.,-1.84889274661175E-32));
#1885=DIRECTION('ref_axis',(-4.44089209850063E-16,1.84889274661175E-32,
-1.));
#1886=DIRECTION('',(1.,-8.3266726846887E-17,0.));
#1887=DIRECTION('center_axis',(-8.3266726846887E-17,-1.,1.84889274661175E-32));
#1888=DIRECTION('ref_axis',(0.943092059183951,-1.38777878078144E-16,-0.332531754730544));
#1889=DIRECTION('',(-0.5,4.16333634234435E-17,0.866025403784438));
#1890=DIRECTION('',(-1.,8.3266726846887E-17,-3.94430452610506E-31));
#1891=DIRECTION('',(-0.5,4.16333634234435E-17,-0.866025403784439));
#1892=DIRECTION('center_axis',(-8.3266726846887E-17,-1.,1.84889274661175E-32));
#1893=DIRECTION('ref_axis',(-0.943092059183951,1.38777878078144E-16,-0.332531754730544));
#1894=DIRECTION('',(1.,-1.26559099511567E-16,0.));
#1895=DIRECTION('',(-0.499999999999998,4.16333634234434E-17,0.86602540378444));
#1896=DIRECTION('',(0.500000000000001,-4.16333634234436E-17,0.866025403784438));
#1897=DIRECTION('',(1.,-8.3266726846887E-17,-4.44089209850063E-16));
#1898=DIRECTION('',(0.499999999999999,-4.16333634234434E-17,-0.866025403784439));
#1899=DIRECTION('',(-0.500000000000003,4.16333634234437E-17,-0.866025403784437));
#1900=DIRECTION('',(-1.,8.3266726846887E-17,4.44089209850063E-16));
#1901=DIRECTION('center_axis',(0.,1.,0.));
#1902=DIRECTION('ref_axis',(-0.707106781186548,0.,0.707106781186548));
#1903=DIRECTION('',(0.,-1.,0.));
#1904=DIRECTION('center_axis',(0.707106781186546,0.707106781186549,-3.92523114670944E-16));
#1905=DIRECTION('ref_axis',(-0.707106781186549,0.707106781186546,-3.92523114670942E-16));
#1906=DIRECTION('',(0.,1.,0.));
#1907=DIRECTION('center_axis',(-0.707106781186547,0.707106781186548,0.));
#1908=DIRECTION('ref_axis',(-0.707106781186548,-0.707106781186547,0.));
#1909=DIRECTION('',(0.,-1.,0.));
#1910=DIRECTION('center_axis',(1.,-9.34924652315921E-16,0.));
#1911=DIRECTION('ref_axis',(0.,0.707106781186547,0.707106781186548));
#1912=DIRECTION('',(-1.,9.34924652315921E-16,0.));
#1913=DIRECTION('center_axis',(0.707106781186547,-0.707106781186548,0.));
#1914=DIRECTION('ref_axis',(0.707106781186548,0.707106781186547,0.));
#1915=DIRECTION('',(1.,-9.34924652315921E-16,0.));
#1916=DIRECTION('center_axis',(0.,0.,-1.));
#1917=DIRECTION('ref_axis',(-0.727029179999967,-0.686606562325598,0.));
#1918=DIRECTION('',(0.,0.,1.));
#1919=DIRECTION('center_axis',(0.,0.,-1.));
#1920=DIRECTION('ref_axis',(-0.0571428571428534,-0.998366011980352,0.));
#1921=DIRECTION('',(0.,0.,-1.));
#1922=DIRECTION('center_axis',(0.,0.,1.));
#1923=DIRECTION('ref_axis',(-1.,1.05621217477853E-15,0.));
#1924=DIRECTION('center_axis',(-0.973527144994332,-0.228571428571431,0.));
#1925=DIRECTION('ref_axis',(0.,0.,-1.));
#1926=DIRECTION('center_axis',(0.,0.,1.));
#1927=DIRECTION('ref_axis',(-1.,5.38289951333409E-16,0.));
#1928=DIRECTION('center_axis',(-0.973527144994332,0.228571428571431,0.));
#1929=DIRECTION('ref_axis',(0.228571428571431,0.973527144994332,0.));
#1930=DIRECTION('center_axis',(0.,0.,-1.));
#1931=DIRECTION('ref_axis',(-1.,5.38289951333409E-16,0.));
#1932=DIRECTION('center_axis',(0.,0.,1.));
#1933=DIRECTION('ref_axis',(-0.0571428571428534,0.998366011980352,0.));
#1934=DIRECTION('center_axis',(0.,0.,-1.));
#1935=DIRECTION('ref_axis',(-0.727029179999967,0.686606562325598,0.));
#1936=DIRECTION('',(0.,0.,1.));
#1937=DIRECTION('',(0.,0.,-1.));
#1938=DIRECTION('center_axis',(0.,0.,1.));
#1939=DIRECTION('ref_axis',(1.,0.,0.));
#1940=DIRECTION('center_axis',(0.,0.,-1.));
#1941=DIRECTION('ref_axis',(1.,-3.36431219583381E-16,0.));
#1942=DIRECTION('center_axis',(1.,0.,0.));
#1943=DIRECTION('ref_axis',(0.,-1.,0.));
#1944=DIRECTION('center_axis',(0.,0.,1.));
#1945=DIRECTION('ref_axis',(1.,-3.36431219583381E-16,0.));
#1946=DIRECTION('center_axis',(0.,0.,1.));
#1947=DIRECTION('ref_axis',(1.,-3.36431219583381E-16,0.));
#1948=DIRECTION('center_axis',(1.,0.,0.));
#1949=DIRECTION('ref_axis',(0.,1.,0.));
#1950=DIRECTION('center_axis',(-1.,0.,0.));
#1951=DIRECTION('ref_axis',(0.,1.,0.));
#1952=DIRECTION('',(0.,-1.,0.));
#1953=DIRECTION('',(0.,0.,-1.));
#1954=DIRECTION('',(0.,1.,0.));
#1955=DIRECTION('center_axis',(0.,-1.,0.));
#1956=DIRECTION('ref_axis',(0.707106781186548,0.,0.707106781186548));
#1957=DIRECTION('',(0.,1.,0.));
#1958=DIRECTION('center_axis',(-0.707106781186547,-0.707106781186548,0.));
#1959=DIRECTION('ref_axis',(0.707106781186548,-0.707106781186547,0.));
#1960=DIRECTION('center_axis',(0.,0.,1.));
#1961=DIRECTION('ref_axis',(1.,0.,0.));
#1962=DIRECTION('center_axis',(0.,0.,1.));
#1963=DIRECTION('ref_axis',(0.707106781186547,-0.707106781186548,0.));
#1964=DIRECTION('',(-1.,2.46716227694479E-17,0.));
#1965=DIRECTION('center_axis',(0.,0.,1.));
#1966=DIRECTION('ref_axis',(-0.70710678118655,-0.707106781186545,0.));
#1967=DIRECTION('',(4.66235390918701E-16,1.,0.));
#1968=DIRECTION('center_axis',(0.,0.,1.));
#1969=DIRECTION('ref_axis',(-0.707106781186546,0.707106781186549,0.));
#1970=DIRECTION('',(1.,-4.93432455388959E-17,0.));
#1971=DIRECTION('center_axis',(0.,0.,1.));
#1972=DIRECTION('ref_axis',(0.707106781186548,0.707106781186547,0.));
#1973=DIRECTION('',(1.45698559662094E-16,-1.,0.));
#1974=DIRECTION('',(-8.3266726846887E-17,-1.,0.));
#1975=DIRECTION('',(-1.,8.3266726846887E-17,0.));
#1976=DIRECTION('',(8.3266726846887E-17,1.,0.));
#1977=DIRECTION('',(-1.,-8.18059070776431E-16,0.));
#1978=DIRECTION('',(5.0753052554293E-15,-1.,0.));
#1979=DIRECTION('center_axis',(0.,0.,-1.));
#1980=DIRECTION('ref_axis',(1.,5.38289951333409E-16,0.));
#1981=DIRECTION('',(0.,-1.,0.));
#1982=DIRECTION('',(1.,0.,0.));
#1983=DIRECTION('',(1.,0.,0.));
#1984=DIRECTION('',(0.,1.,0.));
#1985=DIRECTION('',(1.,0.,0.));
#1986=DIRECTION('',(0.,-1.,0.));
#1987=DIRECTION('',(-1.,0.,0.));
#1988=DIRECTION('',(0.,1.,0.));
#1989=DIRECTION('center_axis',(0.,0.,-1.));
#1990=DIRECTION('ref_axis',(0.880694764772711,0.473684210526316,0.));
#1991=DIRECTION('',(-1.,-3.08395284618099E-16,0.));
#1992=DIRECTION('center_axis',(0.,0.,-1.));
#1993=DIRECTION('ref_axis',(-0.880694764772711,-0.473684210526316,0.));
#1994=DIRECTION('',(1.,3.70074341541719E-16,0.));
#1995=DIRECTION('center_axis',(0.,0.,-1.));
#1996=DIRECTION('ref_axis',(-1.,0.,0.));
#1997=DIRECTION('',(0.,0.,1.));
#1998=DIRECTION('center_axis',(0.,0.,-1.));
#1999=DIRECTION('ref_axis',(-1.,0.,0.));
#2000=DIRECTION('center_axis',(0.,0.,-1.));
#2001=DIRECTION('ref_axis',(0.727029179999967,-0.686606562325598,0.));
#2002=DIRECTION('',(0.,0.,1.));
#2003=DIRECTION('center_axis',(0.,0.,-1.));
#2004=DIRECTION('ref_axis',(1.,0.,0.));
#2005=DIRECTION('',(0.,0.,-1.));
#2006=DIRECTION('center_axis',(0.,0.,1.));
#2007=DIRECTION('ref_axis',(-1.,-2.78455936987066E-15,0.));
#2008=DIRECTION('center_axis',(0.,0.,-1.));
#2009=DIRECTION('ref_axis',(-1.,0.,0.));
#2010=DIRECTION('center_axis',(-1.,0.,0.));
#2011=DIRECTION('ref_axis',(0.,1.,0.));
#2012=DIRECTION('center_axis',(0.,0.,1.));
#2013=DIRECTION('ref_axis',(-1.,0.,0.));
#2014=DIRECTION('center_axis',(-1.,-5.0753052554293E-15,0.));
#2015=DIRECTION('ref_axis',(5.0753052554293E-15,-1.,0.));
#2016=DIRECTION('center_axis',(-0.973527144994332,0.228571428571432,1.72933160235247E-14));
#2017=DIRECTION('ref_axis',(-1.77635683940024E-14,0.,-1.));
#2018=DIRECTION('center_axis',(0.,0.,1.));
#2019=DIRECTION('ref_axis',(1.,0.,0.));
#2020=DIRECTION('center_axis',(0.973527144994332,0.228571428571431,-1.01506105108587E-15));
#2021=DIRECTION('ref_axis',(0.,-4.44089209850064E-15,-1.));
#2022=DIRECTION('center_axis',(0.,0.,1.));
#2023=DIRECTION('ref_axis',(1.,5.38289951333409E-16,0.));
#2024=DIRECTION('center_axis',(0.,0.,1.));
#2025=DIRECTION('ref_axis',(1.,5.38289951333409E-16,0.));
#2026=DIRECTION('center_axis',(0.,0.,1.));
#2027=DIRECTION('ref_axis',(1.,4.44089209850064E-15,0.));
#2028=DIRECTION('center_axis',(0.,0.,-1.));
#2029=DIRECTION('ref_axis',(0.727029179999966,0.686606562325599,0.));
#2030=DIRECTION('',(0.,0.,1.));
#2031=DIRECTION('',(0.,0.,-1.));
#2032=DIRECTION('center_axis',(1.,0.,0.));
#2033=DIRECTION('ref_axis',(0.,-1.,0.));
#2034=DIRECTION('',(0.,-1.,0.));
#2035=DIRECTION('',(0.,0.,-1.));
#2036=DIRECTION('',(0.,1.,0.));
#2037=DIRECTION('center_axis',(0.,0.,-1.));
#2038=DIRECTION('ref_axis',(-1.,0.,0.));
#2039=DIRECTION('',(5.0753052554293E-15,-1.,0.));
#2040=DIRECTION('',(-1.,-8.18059070776431E-16,0.));
#2041=DIRECTION('',(-8.88178419700125E-16,1.,0.));
#2042=DIRECTION('',(1.,0.,0.));
#2043=DIRECTION('center_axis',(0.,0.,-1.));
#2044=DIRECTION('ref_axis',(-1.,0.,0.));
#2045=DIRECTION('',(0.,0.,1.));
#2046=DIRECTION('center_axis',(0.,0.,-1.));
#2047=DIRECTION('ref_axis',(-1.,0.,0.));
#2048=DIRECTION('center_axis',(0.,0.,1.));
#2049=DIRECTION('ref_axis',(1.,0.,0.));
#2050=DIRECTION('center_axis',(0.,0.,-1.));
#2051=DIRECTION('ref_axis',(1.,5.84327907697451E-17,0.));
#2052=DIRECTION('center_axis',(0.,0.,1.));
#2053=DIRECTION('ref_axis',(1.,5.84327907697451E-17,0.));
#2054=DIRECTION('center_axis',(3.08395284618099E-16,-1.,0.));
#2055=DIRECTION('ref_axis',(-1.,-3.08395284618099E-16,0.));
#2056=DIRECTION('',(-1.,-3.08395284618099E-16,0.));
#2057=DIRECTION('',(0.,0.,-1.));
#2058=DIRECTION('',(1.,3.08395284618099E-16,0.));
#2059=DIRECTION('',(0.,0.,-1.));
#2060=DIRECTION('center_axis',(0.,0.,-1.));
#2061=DIRECTION('ref_axis',(-1.,0.,0.));
#2062=DIRECTION('',(1.,3.70074341541719E-16,0.));
#2063=DIRECTION('center_axis',(0.,0.,-1.));
#2064=DIRECTION('ref_axis',(-1.,-5.8432790769745E-17,0.));
#2065=DIRECTION('center_axis',(0.,0.,1.));
#2066=DIRECTION('ref_axis',(-1.,-8.45884209238214E-17,0.));
#2067=DIRECTION('center_axis',(0.,0.,1.));
#2068=DIRECTION('ref_axis',(-1.,-5.8432790769745E-17,0.));
#2069=DIRECTION('center_axis',(0.,0.,1.));
#2070=DIRECTION('ref_axis',(0.707106781186547,-0.707106781186548,0.));
#2071=DIRECTION('center_axis',(0.,0.,-1.));
#2072=DIRECTION('ref_axis',(0.707106781186547,-0.707106781186548,0.));
#2073=DIRECTION('',(0.,0.,-1.));
#2074=DIRECTION('',(0.,0.,1.));
#2075=DIRECTION('center_axis',(-2.46716227694479E-17,-1.,0.));
#2076=DIRECTION('ref_axis',(1.,-2.46716227694479E-17,0.));
#2077=DIRECTION('',(1.,-2.46716227694479E-17,0.));
#2078=DIRECTION('',(0.,0.,1.));
#2079=DIRECTION('center_axis',(0.,0.,1.));
#2080=DIRECTION('ref_axis',(-0.70710678118655,-0.707106781186545,0.));
#2081=DIRECTION('center_axis',(0.,0.,-1.));
#2082=DIRECTION('ref_axis',(-0.70710678118655,-0.707106781186545,0.));
#2083=DIRECTION('',(0.,0.,-1.));
#2084=DIRECTION('center_axis',(0.,0.,1.));
#2085=DIRECTION('ref_axis',(0.707106781186548,0.707106781186547,0.));
#2086=DIRECTION('center_axis',(0.,0.,-1.));
#2087=DIRECTION('ref_axis',(0.707106781186548,0.707106781186547,0.));
#2088=DIRECTION('',(0.,0.,-1.));
#2089=DIRECTION('',(0.,0.,1.));
#2090=DIRECTION('center_axis',(4.93432455388959E-17,1.,0.));
#2091=DIRECTION('ref_axis',(-1.,4.93432455388959E-17,0.));
#2092=DIRECTION('',(0.,0.,-1.));
#2093=DIRECTION('',(-1.,4.93432455388959E-17,0.));
#2094=DIRECTION('center_axis',(0.,0.,1.));
#2095=DIRECTION('ref_axis',(-0.707106781186546,0.707106781186549,0.));
#2096=DIRECTION('center_axis',(0.,0.,-1.));
#2097=DIRECTION('ref_axis',(-0.707106781186546,0.707106781186549,0.));
#2098=DIRECTION('',(0.,0.,1.));
#2099=DIRECTION('center_axis',(-1.,4.66235390918701E-16,0.));
#2100=DIRECTION('ref_axis',(-4.66235390918701E-16,-1.,0.));
#2101=DIRECTION('',(-4.66235390918701E-16,-1.,0.));
#2102=DIRECTION('center_axis',(-1.,-3.70074341541719E-16,0.));
#2103=DIRECTION('ref_axis',(0.,-0.707106781186547,0.707106781186548));
#2104=DIRECTION('',(-1.,-3.70074341541719E-16,0.));
#2105=DIRECTION('center_axis',(-3.70074341541719E-16,1.,0.));
#2106=DIRECTION('ref_axis',(1.,3.70074341541719E-16,0.));
#2107=DIRECTION('',(0.,0.,-1.));
#2108=DIRECTION('',(0.,0.,-1.));
#2109=DIRECTION('center_axis',(0.,1.,0.));
#2110=DIRECTION('ref_axis',(-0.707106781186546,0.,0.707106781186549));
#2111=DIRECTION('center_axis',(-0.707106781186547,0.707106781186548,0.));
#2112=DIRECTION('ref_axis',(-0.707106781186548,-0.707106781186547,0.));
#2113=DIRECTION('center_axis',(-1.,0.,0.));
#2114=DIRECTION('ref_axis',(0.,-0.707106781186548,0.707106781186548));
#2115=DIRECTION('',(-1.,0.,0.));
#2116=DIRECTION('center_axis',(1.,8.18059070776431E-16,0.));
#2117=DIRECTION('ref_axis',(0.,0.707106781186547,0.707106781186548));
#2118=DIRECTION('',(1.,8.18059070776431E-16,0.));
#2119=DIRECTION('center_axis',(0.707106781186545,0.70710678118655,0.));
#2120=DIRECTION('ref_axis',(-0.70710678118655,0.707106781186545,0.));
#2121=DIRECTION('center_axis',(-5.0753052554293E-15,1.,0.));
#2122=DIRECTION('ref_axis',(-0.707106781186546,-3.63083881070623E-15,0.707106781186549));
#2123=DIRECTION('',(-5.0753052554293E-15,1.,0.));
#2124=DIRECTION('center_axis',(1.,3.08395284618099E-16,0.));
#2125=DIRECTION('ref_axis',(0.,0.707106781186547,0.707106781186548));
#2126=DIRECTION('center_axis',(0.,-1.,0.));
#2127=DIRECTION('ref_axis',(0.707106781186548,0.,0.707106781186548));
#2128=DIRECTION('',(0.,-1.,0.));
#2129=DIRECTION('center_axis',(-1.,0.,0.));
#2130=DIRECTION('ref_axis',(0.,-0.707106781186548,0.707106781186548));
#2131=DIRECTION('',(-1.,0.,0.));
#2132=DIRECTION('center_axis',(-1.,0.,0.));
#2133=DIRECTION('ref_axis',(0.,1.,0.));
#2134=DIRECTION('',(0.,1.,0.));
#2135=DIRECTION('',(0.,0.,-1.));
#2136=DIRECTION('center_axis',(-9.34924652315921E-16,-1.,0.));
#2137=DIRECTION('ref_axis',(-1.,9.34924652315921E-16,0.));
#2138=DIRECTION('',(-1.,9.34924652315921E-16,0.));
#2139=DIRECTION('',(0.,0.,-1.));
#2140=DIRECTION('center_axis',(1.,0.,0.));
#2141=DIRECTION('ref_axis',(0.,-1.,0.));
#2142=DIRECTION('',(0.,-1.,0.));
#2143=DIRECTION('',(0.,0.,-1.));
#2144=DIRECTION('center_axis',(0.,1.,0.));
#2145=DIRECTION('ref_axis',(1.,0.,0.));
#2146=DIRECTION('',(1.,0.,0.));
#2147=DIRECTION('center_axis',(0.,0.,-1.));
#2148=DIRECTION('ref_axis',(-1.,0.,0.));
#2149=DIRECTION('center_axis',(0.,0.,-1.));
#2150=DIRECTION('ref_axis',(0.880694764772711,0.473684210526316,0.));
#2151=DIRECTION('center_axis',(0.,0.,-1.));
#2152=DIRECTION('ref_axis',(-0.880694764772711,-0.473684210526316,0.));
#2153=DIRECTION('center_axis',(0.,1.,0.));
#2154=DIRECTION('ref_axis',(1.,0.,0.));
#2155=DIRECTION('',(0.,0.,-1.));
#2156=DIRECTION('center_axis',(-1.,-8.88178419700125E-16,0.));
#2157=DIRECTION('ref_axis',(-8.88178419700125E-16,1.,0.));
#2158=DIRECTION('',(0.,0.,-1.));
#2159=DIRECTION('center_axis',(8.18059070776431E-16,-1.,0.));
#2160=DIRECTION('ref_axis',(-1.,-8.18059070776431E-16,0.));
#2161=DIRECTION('',(0.,0.,-1.));
#2162=DIRECTION('center_axis',(1.,5.0753052554293E-15,0.));
#2163=DIRECTION('ref_axis',(5.0753052554293E-15,-1.,0.));
#2164=DIRECTION('center_axis',(0.,1.,0.));
#2165=DIRECTION('ref_axis',(-0.94309205918395,0.,-0.332531754730548));
#2166=DIRECTION('center_axis',(0.,1.,0.));
#2167=DIRECTION('ref_axis',(-0.94309205918395,0.,-0.332531754730548));
#2168=DIRECTION('center_axis',(0.,-1.,0.));
#2169=DIRECTION('ref_axis',(-0.94309205918395,0.,-0.332531754730548));
#2170=DIRECTION('',(0.,1.,0.));
#2171=DIRECTION('center_axis',(8.3266726846887E-17,1.,0.));
#2172=DIRECTION('ref_axis',(-0.943092059183951,1.38777878078144E-16,-0.332531754730544));
#2173=DIRECTION('center_axis',(8.3266726846887E-17,1.,-1.84889274661175E-32));
#2174=DIRECTION('ref_axis',(-0.943092059183951,1.38777878078144E-16,-0.332531754730544));
#2175=DIRECTION('',(8.3266726846887E-17,1.,-1.84889274661175E-32));
#2176=DIRECTION('center_axis',(-8.3266726846887E-17,-1.,0.));
#2177=DIRECTION('ref_axis',(0.943092059183951,-1.38777878078144E-16,-0.332531754730544));
#2178=DIRECTION('center_axis',(8.3266726846887E-17,1.,-1.84889274661175E-32));
#2179=DIRECTION('ref_axis',(0.943092059183951,-1.38777878078144E-16,-0.332531754730544));
#2180=DIRECTION('',(8.3266726846887E-17,1.,-1.84889274661175E-32));
#2181=DIRECTION('center_axis',(0.,-1.,0.));
#2182=DIRECTION('ref_axis',(0.94309205918395,0.,-0.332531754730548));
#2183=DIRECTION('center_axis',(0.,1.,0.));
#2184=DIRECTION('ref_axis',(0.94309205918395,0.,-0.332531754730548));
#2185=DIRECTION('',(0.,1.,0.));
#2186=DIRECTION('center_axis',(0.,-1.,0.));
#2187=DIRECTION('ref_axis',(0.94309205918395,0.,-0.332531754730548));
#2188=DIRECTION('center_axis',(1.,1.45698559662094E-16,0.));
#2189=DIRECTION('ref_axis',(-1.45698559662094E-16,1.,0.));
#2190=DIRECTION('',(-1.45698559662094E-16,1.,0.));
#2191=DIRECTION('center_axis',(0.,0.,1.));
#2192=DIRECTION('ref_axis',(1.,0.,0.));
#2193=DIRECTION('center_axis',(4.44089209850063E-16,-1.84889274661175E-32,
1.));
#2194=DIRECTION('ref_axis',(1.,-8.3266726846887E-17,-4.44089209850063E-16));
#2195=DIRECTION('',(-8.3266726846887E-17,-1.,1.84889274661175E-32));
#2196=DIRECTION('',(8.3266726846887E-17,1.,-1.84889274661175E-32));
#2197=DIRECTION('',(1.,-8.3266726846887E-17,-4.44089209850063E-16));
#2198=DIRECTION('center_axis',(-0.866025403784437,7.21111007393837E-17,
0.500000000000003));
#2199=DIRECTION('ref_axis',(0.500000000000003,-4.16333634234437E-17,0.866025403784437));
#2200=DIRECTION('',(8.3266726846887E-17,1.,-1.84889274661175E-32));
#2201=DIRECTION('',(0.500000000000003,-4.16333634234437E-17,0.866025403784437));
#2202=DIRECTION('center_axis',(-0.866025403784439,7.21111007393839E-17,
-0.499999999999999));
#2203=DIRECTION('ref_axis',(-0.499999999999999,4.16333634234434E-17,0.866025403784439));
#2204=DIRECTION('',(8.3266726846887E-17,1.,-1.84889274661175E-32));
#2205=DIRECTION('',(-0.499999999999999,4.16333634234434E-17,0.866025403784439));
#2206=DIRECTION('center_axis',(-4.44089209850063E-16,1.84889274661175E-32,
-1.));
#2207=DIRECTION('ref_axis',(-1.,8.3266726846887E-17,4.44089209850063E-16));
#2208=DIRECTION('',(8.3266726846887E-17,1.,-1.84889274661175E-32));
#2209=DIRECTION('',(-1.,8.3266726846887E-17,4.44089209850063E-16));
#2210=DIRECTION('center_axis',(0.866025403784438,-7.21111007393838E-17,
-0.500000000000001));
#2211=DIRECTION('ref_axis',(-0.500000000000001,4.16333634234436E-17,-0.866025403784438));
#2212=DIRECTION('',(8.3266726846887E-17,1.,-1.84889274661175E-32));
#2213=DIRECTION('',(-0.500000000000001,4.16333634234436E-17,-0.866025403784438));
#2214=DIRECTION('center_axis',(0.86602540378444,-7.2111100739384E-17,0.499999999999998));
#2215=DIRECTION('ref_axis',(0.499999999999998,-4.16333634234434E-17,-0.86602540378444));
#2216=DIRECTION('',(0.499999999999998,-4.16333634234434E-17,-0.86602540378444));
#2217=DIRECTION('center_axis',(-3.94430452610506E-31,1.84889274661176E-32,
1.));
#2218=DIRECTION('ref_axis',(1.,-8.3266726846887E-17,3.94430452610506E-31));
#2219=DIRECTION('',(-8.3266726846887E-17,-1.,1.84889274661175E-32));
#2220=DIRECTION('',(8.3266726846887E-17,1.,-1.84889274661175E-32));
#2221=DIRECTION('',(1.,-8.3266726846887E-17,3.94430452610506E-31));
#2222=DIRECTION('center_axis',(0.866025403784439,-7.21111007393839E-17,
0.5));
#2223=DIRECTION('ref_axis',(0.5,-4.16333634234435E-17,-0.866025403784438));
#2224=DIRECTION('',(0.5,-4.16333634234435E-17,-0.866025403784438));
#2225=DIRECTION('center_axis',(-0.866025403784439,7.21111007393839E-17,
0.5));
#2226=DIRECTION('ref_axis',(0.5,-4.16333634234435E-17,0.866025403784439));
#2227=DIRECTION('',(0.5,-4.16333634234435E-17,0.866025403784439));
#2228=DIRECTION('center_axis',(-8.3266726846887E-17,-1.,1.84889274661175E-32));
#2229=DIRECTION('ref_axis',(4.44089209850063E-16,-1.84889274661175E-32,
1.));
#2230=DIRECTION('center_axis',(0.,-1.,0.));
#2231=DIRECTION('ref_axis',(0.,0.,-1.));
#2232=DIRECTION('',(0.5,0.,-0.866025403784439));
#2233=DIRECTION('',(1.,0.,-4.44089209850063E-16));
#2234=DIRECTION('',(0.500000000000001,0.,0.866025403784438));
#2235=DIRECTION('',(0.499999999999998,0.,0.86602540378444));
#2236=DIRECTION('',(1.,0.,0.));
#2237=DIRECTION('',(0.500000000000002,0.,-0.866025403784437));
#2238=DIRECTION('',(-0.5,0.,-0.866025403784439));
#2239=DIRECTION('',(-1.,0.,0.));
#2240=DIRECTION('',(-0.500000000000001,0.,0.866025403784438));
#2241=DIRECTION('center_axis',(0.,0.,-1.));
#2242=DIRECTION('ref_axis',(-1.,0.,0.));
#2243=DIRECTION('',(0.,-1.,0.));
#2244=DIRECTION('',(-1.,0.,0.));
#2245=DIRECTION('',(0.,1.,0.));
#2246=DIRECTION('center_axis',(-0.866025403784437,0.,-0.500000000000002));
#2247=DIRECTION('ref_axis',(-0.500000000000002,0.,0.866025403784437));
#2248=DIRECTION('',(-0.500000000000002,0.,0.866025403784437));
#2249=DIRECTION('',(0.,1.,0.));
#2250=DIRECTION('center_axis',(-0.866025403784439,0.,0.5));
#2251=DIRECTION('ref_axis',(0.5,0.,0.866025403784439));
#2252=DIRECTION('',(0.5,0.,0.866025403784439));
#2253=DIRECTION('',(0.,1.,0.));
#2254=DIRECTION('center_axis',(0.,0.,1.));
#2255=DIRECTION('ref_axis',(1.,0.,0.));
#2256=DIRECTION('',(1.,0.,0.));
#2257=DIRECTION('',(0.,1.,0.));
#2258=DIRECTION('center_axis',(0.866025403784438,0.,0.500000000000001));
#2259=DIRECTION('ref_axis',(0.500000000000001,0.,-0.866025403784438));
#2260=DIRECTION('',(0.500000000000001,0.,-0.866025403784438));
#2261=DIRECTION('',(0.,1.,0.));
#2262=DIRECTION('center_axis',(0.86602540378444,0.,-0.499999999999998));
#2263=DIRECTION('ref_axis',(-0.499999999999998,0.,-0.86602540378444));
#2264=DIRECTION('',(-0.499999999999998,0.,-0.86602540378444));
#2265=DIRECTION('center_axis',(-4.44089209850063E-16,0.,-1.));
#2266=DIRECTION('ref_axis',(-1.,0.,4.44089209850063E-16));
#2267=DIRECTION('',(0.,-1.,0.));
#2268=DIRECTION('',(-1.,0.,4.44089209850063E-16));
#2269=DIRECTION('',(0.,1.,0.));
#2270=DIRECTION('center_axis',(0.866025403784438,0.,-0.500000000000001));
#2271=DIRECTION('ref_axis',(-0.500000000000001,0.,-0.866025403784438));
#2272=DIRECTION('',(-0.500000000000001,0.,-0.866025403784438));
#2273=DIRECTION('center_axis',(-0.866025403784439,0.,-0.5));
#2274=DIRECTION('ref_axis',(-0.5,0.,0.866025403784439));
#2275=DIRECTION('',(-0.5,0.,0.866025403784439));
#2276=DIRECTION('center_axis',(0.,1.,0.));
#2277=DIRECTION('ref_axis',(0.,0.,1.));
#2278=CARTESIAN_POINT('',(0.,0.,0.));
#2279=CARTESIAN_POINT('Origin',(-76.5598664406864,14.5218205958771,24.3262406046397));
#2280=CARTESIAN_POINT('',(-74.0598664406864,14.5218205958771,26.3262406046397));
#2281=CARTESIAN_POINT('Origin',(-76.5598664406864,14.5218205958771,26.3262406046397));
#2282=CARTESIAN_POINT('',(-74.0598664406864,14.5218205958771,24.277210222539));
#2283=CARTESIAN_POINT('',(-74.0598664406864,14.5218205958771,24.3262406046397));
#2284=CARTESIAN_POINT('',(-74.5,13.1051518814156,24.3262406046397));
#2285=CARTESIAN_POINT('Ctrl Pts',(-74.5,13.1051518814156,24.3262406046397));
#2286=CARTESIAN_POINT('Ctrl Pts',(-74.4078921566707,13.2390786445758,24.3262406046397));
#2287=CARTESIAN_POINT('Ctrl Pts',(-74.3278252212367,13.3838020358849,24.3198897407479));
#2288=CARTESIAN_POINT('Ctrl Pts',(-74.1273913950649,13.8503688667087,24.2959551750642));
#2289=CARTESIAN_POINT('Ctrl Pts',(-74.0598664406864,14.1958089398981,24.277210222539));
#2290=CARTESIAN_POINT('Ctrl Pts',(-74.0598664406864,14.5218205958771,24.277210222539));
#2291=CARTESIAN_POINT('',(-74.5,15.9384893103386,24.3262406046397));
#2292=CARTESIAN_POINT('Origin',(-76.5598664406864,14.5218205958771,24.3262406046397));
#2293=CARTESIAN_POINT('Ctrl Pts',(-74.0598664406864,14.5218205958771,24.277210222539));
#2294=CARTESIAN_POINT('Ctrl Pts',(-74.0598664406864,14.8478322518561,24.277210222539));
#2295=CARTESIAN_POINT('Ctrl Pts',(-74.1273913950649,15.1932723250455,24.2959551750642));
#2296=CARTESIAN_POINT('Ctrl Pts',(-74.3278252212367,15.6598391558693,24.3198897407479));
#2297=CARTESIAN_POINT('Ctrl Pts',(-74.4078921566707,15.8045625471784,24.3262406046397));
#2298=CARTESIAN_POINT('Ctrl Pts',(-74.5,15.9384893103386,24.3262406046397));
#2299=CARTESIAN_POINT('Origin',(-23.4401335594124,14.5218205958771,24.3262406046397));
#2300=CARTESIAN_POINT('',(-20.9401335594124,14.5218205958771,26.3262406046397));
#2301=CARTESIAN_POINT('Origin',(-23.4401335594124,14.5218205958771,26.3262406046397));
#2302=CARTESIAN_POINT('',(-20.9401335594124,14.5218205958771,24.3262406046397));
#2303=CARTESIAN_POINT('',(-20.9401335594124,14.5218205958771,24.3262406046397));
#2304=CARTESIAN_POINT('',(-25.5,13.105151881272,24.3262406046397));
#2305=CARTESIAN_POINT('Origin',(-23.4401335594124,14.5218205958771,24.3262406046397));
#2306=CARTESIAN_POINT('',(-25.5,15.9384893104823,24.3262406046397));
#2307=CARTESIAN_POINT('Ctrl Pts',(-25.5,15.9384893104823,24.3262406046397));
#2308=CARTESIAN_POINT('Ctrl Pts',(-25.592107843366,15.8045625472889,24.3262406046397));
#2309=CARTESIAN_POINT('Ctrl Pts',(-25.6721747788303,15.6598391559389,24.3198897407428));
#2310=CARTESIAN_POINT('Ctrl Pts',(-25.8726086050301,15.1932723250636,24.2959551750468));
#2311=CARTESIAN_POINT('Ctrl Pts',(-25.9401335594124,14.8478322518655,24.2772102225167));
#2312=CARTESIAN_POINT('Ctrl Pts',(-25.9401335594124,14.1958089398888,24.2772102225167));
#2313=CARTESIAN_POINT('Ctrl Pts',(-25.8726086050302,13.8503688666906,24.2959551750468));
#2314=CARTESIAN_POINT('Ctrl Pts',(-25.6721747788303,13.3838020358153,24.3198897407428));
#2315=CARTESIAN_POINT('Ctrl Pts',(-25.592107843366,13.2390786444654,24.3262406046397));
#2316=CARTESIAN_POINT('Ctrl Pts',(-25.5,13.105151881272,24.3262406046397));
#2317=CARTESIAN_POINT('Origin',(-23.4401335594124,14.5218205958771,24.3262406046397));
#2318=CARTESIAN_POINT('Origin',(-76.5598664406864,-8.82481555824228,24.3262406046397));
#2319=CARTESIAN_POINT('',(-77.3410521193065,-6.45000000003174,24.3262406046397));
#2320=CARTESIAN_POINT('',(-74.1998496409831,-8.,24.3262406046397));
#2321=CARTESIAN_POINT('Origin',(-76.5598664406864,-8.82481555824228,24.3262406046397));
#2322=CARTESIAN_POINT('',(-77.3410521193065,-6.45000000003174,26.3262406046397));
#2323=CARTESIAN_POINT('',(-77.3410521193065,-6.45000000003174,24.3262406046397));
#2324=CARTESIAN_POINT('',(-76.7276317632224,-6.33045095046049,26.3262406046397));
#2325=CARTESIAN_POINT('Origin',(-76.5598664406864,-8.82481555824228,26.3262406046397));
#2326=CARTESIAN_POINT('',(-76.7276317632224,-6.33045095046049,24.3262406046397));
#2327=CARTESIAN_POINT('',(-76.7276317632224,-6.33045095046049,24.3262406046397));
#2328=CARTESIAN_POINT('',(-74.5,-7.40814684378077,24.3262406046397));
#2329=CARTESIAN_POINT('Origin',(-76.5598664406864,-8.82481555824228,24.3262406046397));
#2330=CARTESIAN_POINT('',(-74.2859405860849,-7.78594058608492,24.3147522509004));
#2331=CARTESIAN_POINT('Ctrl Pts',(-74.2859405860849,-7.78594058608492,24.3147522509004));
#2332=CARTESIAN_POINT('Ctrl Pts',(-74.3464268950957,-7.65354603852599,24.3212634845062));
#2333=CARTESIAN_POINT('Ctrl Pts',(-74.4185187572765,-7.52662230365239,24.3262406046397));
#2334=CARTESIAN_POINT('Ctrl Pts',(-74.5,-7.40814684378076,24.3262406046397));
#2335=CARTESIAN_POINT('Ctrl Pts',(-74.1998496409831,-8.,24.3262406046397));
#2336=CARTESIAN_POINT('Ctrl Pts',(-74.2253939441438,-7.92691095118974,24.3262406046397));
#2337=CARTESIAN_POINT('Ctrl Pts',(-74.2543285570252,-7.85513410034005,24.3222007982277));
#2338=CARTESIAN_POINT('Ctrl Pts',(-74.2859405860849,-7.78594058608492,24.3147522509004));
#2339=CARTESIAN_POINT('Origin',(-76.7276317632224,-6.45000000003174,24.3262406046397));
#2340=CARTESIAN_POINT('',(-76.7276317632224,-6.45000000003174,24.3262406046397));
#2341=CARTESIAN_POINT('',(-76.7276317632224,2.54999999996826,24.3262406046397));
#2342=CARTESIAN_POINT('',(-76.7276317632224,-6.45000000003174,26.3262406046397));
#2343=CARTESIAN_POINT('',(-76.7276317632224,-1.95000000003175,26.3262406046397));
#2344=CARTESIAN_POINT('',(-76.7276317632224,-6.45000000003174,24.3262406046397));
#2345=CARTESIAN_POINT('Origin',(-23.4401335594124,-8.82481555824224,24.3262406046397));
#2346=CARTESIAN_POINT('',(-20.9401335594124,-8.82481555824224,26.3262406046397));
#2347=CARTESIAN_POINT('Origin',(-23.4401335594124,-8.82481555824224,26.3262406046397));
#2348=CARTESIAN_POINT('',(-20.9401335594124,-8.82481555824224,24.3262406046397));
#2349=CARTESIAN_POINT('',(-20.9401335594124,-8.82481555824224,24.3262406046397));
#2350=CARTESIAN_POINT('',(-25.8001503591157,-8.00000000000001,24.3262406046397));
#2351=CARTESIAN_POINT('Origin',(-23.4401335594124,-8.82481555824224,24.3262406046397));
#2352=CARTESIAN_POINT('',(-25.7140594139829,-7.78594058601709,24.3147522508931));
#2353=CARTESIAN_POINT('Ctrl Pts',(-25.7140594139829,-7.78594058601709,24.3147522508931));
#2354=CARTESIAN_POINT('Ctrl Pts',(-25.7456672578913,-7.85512493966121,24.3221998121009));
#2355=CARTESIAN_POINT('Ctrl Pts',(-25.7745990831635,-7.92689100017769,24.3262406046397));
#2356=CARTESIAN_POINT('Ctrl Pts',(-25.8001503591157,-8.00000000000001,24.3262406046397));
#2357=CARTESIAN_POINT('',(-25.5,-7.40814684363709,24.3262406046397));
#2358=CARTESIAN_POINT('Ctrl Pts',(-25.5,-7.40814684363709,24.3262406046397));
#2359=CARTESIAN_POINT('Ctrl Pts',(-25.5814778570786,-7.52661738069136,24.3262406046397));
#2360=CARTESIAN_POINT('Ctrl Pts',(-25.6535642889583,-7.65352674166935,24.3212644335278));
#2361=CARTESIAN_POINT('Ctrl Pts',(-25.7140594139829,-7.78594058601709,24.3147522508931));
#2362=CARTESIAN_POINT('',(-23.2723682367776,-6.3304509504671,24.3262406046397));
#2363=CARTESIAN_POINT('Origin',(-23.4401335594124,-8.82481555824224,24.3262406046397));
#2364=CARTESIAN_POINT('',(-22.6589478807922,-6.45000000003174,24.2789251944929));
#2365=CARTESIAN_POINT('Ctrl Pts',(-22.6589478807922,-6.45000000003174,24.2789251944929));
#2366=CARTESIAN_POINT('Ctrl Pts',(-22.8586819844365,-6.38429829921562,24.3099220934801));
#2367=CARTESIAN_POINT('Ctrl Pts',(-23.0673811563615,-6.34423791792758,24.3262406046397));
#2368=CARTESIAN_POINT('Ctrl Pts',(-23.2723682367776,-6.3304509504671,24.3262406046397));
#2369=CARTESIAN_POINT('',(-22.6589478807922,-6.45000000003174,24.3262406046397));
#2370=CARTESIAN_POINT('',(-22.6589478807922,-6.45000000003174,24.3262406046397));
#2371=CARTESIAN_POINT('Origin',(-23.4401335594124,-8.82481555824224,24.3262406046397));
#2372=CARTESIAN_POINT('Origin',(-74.5,-1.72500000001589,22.3262406046397));
#2373=CARTESIAN_POINT('',(-74.5,16.,24.3262406046397));
#2374=CARTESIAN_POINT('',(-74.5,-1.72500000001589,24.3262406046397));
#2375=CARTESIAN_POINT('',(-72.5,14.,22.3262406046397));
#2376=CARTESIAN_POINT('Origin',(-74.5,16.,22.3262406046397));
#2377=CARTESIAN_POINT('',(-72.5,-6.,22.3262406046397));
#2378=CARTESIAN_POINT('',(-72.5,-1.72500000001589,22.3262406046397));
#2379=CARTESIAN_POINT('Origin',(-74.5,-8.,22.3262406046397));
#2380=CARTESIAN_POINT('',(-74.5,-1.72500000001589,24.3262406046397));
#2381=CARTESIAN_POINT('Origin',(-85.4999999999582,-6.45000000003174,18.9961135857171));
#2382=CARTESIAN_POINT('',(-94.272368236694,-6.45000000003174,24.3262406046397));
#2383=CARTESIAN_POINT('',(-67.7500000000038,-6.45000000003174,24.3262406046397));
#2384=CARTESIAN_POINT('',(-90.4999999999582,-6.45000000003174,18.9961135857175));
#2385=CARTESIAN_POINT('Origin',(-94.272368236694,-6.45000000003174,20.3262406046397));
#2386=CARTESIAN_POINT('',(-87.9999999999582,-6.45000000003174,14.6659865667953));
#2387=CARTESIAN_POINT('',(-90.4999999999582,-6.45000000003174,18.9961135857175));
#2388=CARTESIAN_POINT('',(-82.9999999999582,-6.45000000003174,14.6659865667953));
#2389=CARTESIAN_POINT('',(-87.9999999999582,-6.45000000003174,14.6659865667953));
#2390=CARTESIAN_POINT('',(-80.4999999999582,-6.45000000003174,18.9961135857175));
#2391=CARTESIAN_POINT('',(-82.9999999999582,-6.45000000003174,14.6659865667953));
#2392=CARTESIAN_POINT('Origin',(-76.7276317632224,-6.45000000003174,20.3262406046397));
#2393=CARTESIAN_POINT('',(-63.6705260596779,-6.45000000003174,26.3262406046397));
#2394=CARTESIAN_POINT('',(-82.4977786001722,-6.45000000003174,18.9961135857175));
#2395=CARTESIAN_POINT('',(-83.9988893000652,-6.45000000003174,21.5961135857175));
#2396=CARTESIAN_POINT('',(-83.9988893000652,-6.45000000003174,21.5961135857175));
#2397=CARTESIAN_POINT('',(-83.9988893000652,-6.45000000003174,16.3961135857175));
#2398=CARTESIAN_POINT('',(-82.4977786001722,-6.45000000003174,18.9961135857175));
#2399=CARTESIAN_POINT('',(-87.0011106998513,-6.45000000003174,16.3961135857175));
#2400=CARTESIAN_POINT('',(-83.9988893000652,-6.45000000003174,16.3961135857175));
#2401=CARTESIAN_POINT('',(-88.5022213997443,-6.45000000003174,18.9961135857175));
#2402=CARTESIAN_POINT('',(-87.0011106998513,-6.45000000003174,16.3961135857175));
#2403=CARTESIAN_POINT('',(-87.0011106998513,-6.45000000003174,21.5961135857175));
#2404=CARTESIAN_POINT('',(-88.5022213997443,-6.45000000003174,18.9961135857175));
#2405=CARTESIAN_POINT('',(-87.0011106998513,-6.45000000003174,21.5961135857175));
#2406=CARTESIAN_POINT('Origin',(-25.5,8.27499999998412,22.3262406046397));
#2407=CARTESIAN_POINT('',(-25.5,8.27499999998412,24.3262406046397));
#2408=CARTESIAN_POINT('',(-27.5,-6.00000000000001,22.3262406046397));
#2409=CARTESIAN_POINT('Origin',(-25.5,-8.00000000000001,22.3262406046397));
#2410=CARTESIAN_POINT('',(-27.5,14.,22.3262406046397));
#2411=CARTESIAN_POINT('',(-27.5,8.27499999998412,22.3262406046397));
#2412=CARTESIAN_POINT('',(-25.5,16.,24.3262406046397));
#2413=CARTESIAN_POINT('Origin',(-25.5,16.,22.3262406046397));
#2414=CARTESIAN_POINT('',(-25.5,8.27499999998412,24.3262406046397));
#2415=CARTESIAN_POINT('Origin',(-38.7500000000247,-7.99999999999999,22.3262406046397));
#2416=CARTESIAN_POINT('',(-39.,-7.99999999999999,24.3262406046397));
#2417=CARTESIAN_POINT('',(-38.7500000000247,-7.99999999999999,24.3262406046397));
#2418=CARTESIAN_POINT('',(-37.,-6.,22.3262406046397));
#2419=CARTESIAN_POINT('Origin',(-39.,-7.99999999999999,22.3262406046397));
#2420=CARTESIAN_POINT('',(-38.7500000000247,-5.99999999999999,22.3262406046397));
#2421=CARTESIAN_POINT('Origin',(-36.5,12.7357026048281,24.3262406046397));
#2422=CARTESIAN_POINT('',(-36.5285714285714,12.2365195988379,20.8262406046397));
#2423=CARTESIAN_POINT('',(-36.5285714285714,12.2365195988379,22.3262406046397));
#2424=CARTESIAN_POINT('',(-36.5285714285714,12.2365195988379,24.3262406046397));
#2425=CARTESIAN_POINT('',(-37.,12.7357026048281,22.3262406046397));
#2426=CARTESIAN_POINT('Origin',(-36.5,12.7357026048281,22.3262406046397));
#2427=CARTESIAN_POINT('',(-37.,12.7357026048281,20.3264450619512));
#2428=CARTESIAN_POINT('',(-37.,12.7357026048281,24.3262406046397));
#2429=CARTESIAN_POINT('Ctrl Pts',(-37.,12.7357026048281,20.3264450619512));
#2430=CARTESIAN_POINT('Ctrl Pts',(-37.,12.6889450336547,20.3277826318478));
#2431=CARTESIAN_POINT('Ctrl Pts',(-36.9934509722095,12.6434255990909,20.3356461583111));
#2432=CARTESIAN_POINT('Ctrl Pts',(-36.967289846908,12.5504451667927,20.3648049252958));
#2433=CARTESIAN_POINT('Ctrl Pts',(-36.9463099095663,12.505460248426,20.3874458739088));
#2434=CARTESIAN_POINT('Ctrl Pts',(-36.8867276893102,12.4124815001955,20.4511273528145));
#2435=CARTESIAN_POINT('Ctrl Pts',(-36.844694746513,12.3691714393174,20.495658166863));
#2436=CARTESIAN_POINT('Ctrl Pts',(-36.7596303289157,12.3054721925013,20.5853762239079));
#2437=CARTESIAN_POINT('Ctrl Pts',(-36.71661396524,12.282633587266,20.6305776590396));
#2438=CARTESIAN_POINT('Ctrl Pts',(-36.6267957158624,12.2495836922349,20.724484863059));
#2439=CARTESIAN_POINT('Ctrl Pts',(-36.5792619569807,12.2397234206439,20.7739334412835));
#2440=CARTESIAN_POINT('Ctrl Pts',(-36.5306114345187,12.2366394985045,20.8241360665162));
#2441=CARTESIAN_POINT('Ctrl Pts',(-36.5295915195307,12.2365779851524,20.8251883371251));
#2442=CARTESIAN_POINT('Ctrl Pts',(-36.5285714285714,12.2365195988379,20.8262406046397));
#2443=CARTESIAN_POINT('Origin',(-37.,4.,24.8262406046397));
#2444=CARTESIAN_POINT('',(-39.,12.5183625187004,24.3262406046397));
#2445=CARTESIAN_POINT('',(-38.8857142857143,12.0315989462032,24.8262406046397));
#2446=CARTESIAN_POINT('Origin',(-39.,12.5183625187004,24.8262406046397));
#2447=CARTESIAN_POINT('',(-38.8857142857143,-4.03159894620324,24.8262406046397));
#2448=CARTESIAN_POINT('Origin',(-37.,4.,24.8262406046397));
#2449=CARTESIAN_POINT('',(-39.,-4.51836251870041,24.3262406046397));
#2450=CARTESIAN_POINT('Origin',(-39.,-4.51836251870041,24.8262406046397));
#2451=CARTESIAN_POINT('Origin',(-37.,4.,24.3262406046397));
#2452=CARTESIAN_POINT('Ctrl Pts',(-38.8857142857143,-4.03159894620324,24.8262406046397));
#2453=CARTESIAN_POINT('Ctrl Pts',(-38.3685250238761,-4.15302821402387,24.8262406046397));
#2454=CARTESIAN_POINT('Ctrl Pts',(-37.4868150431413,-4.25828707572584,24.5058615733697));
#2455=CARTESIAN_POINT('Ctrl Pts',(-36.6909491317611,-4.24711848836321,23.4510292863467));
#2456=CARTESIAN_POINT('Ctrl Pts',(-36.5285714285714,-4.2365195988379,22.7018740720141));
#2457=CARTESIAN_POINT('Ctrl Pts',(-36.5285714285714,-4.2365195988379,22.3262406046397));
#2458=CARTESIAN_POINT('Ctrl Pts',(-38.8857142857143,-4.03159894620324,24.6953409107401));
#2459=CARTESIAN_POINT('Ctrl Pts',(-38.395830645271,-4.14647724937359,24.6911205634759));
#2460=CARTESIAN_POINT('Ctrl Pts',(-37.5684739830504,-4.2507933710848,24.3884095334861));
#2461=CARTESIAN_POINT('Ctrl Pts',(-36.8108245393405,-4.25155024298845,23.3944295781014));
#2462=CARTESIAN_POINT('Ctrl Pts',(-36.6545005189854,-4.24372732419844,22.6828609881299));
#2463=CARTESIAN_POINT('Ctrl Pts',(-36.6545005189854,-4.24372732419844,22.3262406046397));
#2464=CARTESIAN_POINT('Ctrl Pts',(-38.9105016089786,-4.13717264892003,24.4346851439211));
#2465=CARTESIAN_POINT('Ctrl Pts',(-38.4694975283305,-4.24824818717168,24.4224037683458));
#2466=CARTESIAN_POINT('Ctrl Pts',(-37.7368891823053,-4.35329540290082,24.1552544824625));
#2467=CARTESIAN_POINT('Ctrl Pts',(-37.0448945745641,-4.36393166860472,23.2816357043288));
#2468=CARTESIAN_POINT('Ctrl Pts',(-36.8996877929106,-4.35823734065004,22.6451206115023));
#2469=CARTESIAN_POINT('Ctrl Pts',(-36.8996877929106,-4.35823734065004,22.3262406046397));
#2470=CARTESIAN_POINT('Ctrl Pts',(-38.9700800699658,-4.39092811341772,24.3262406046397));
#2471=CARTESIAN_POINT('Ctrl Pts',(-38.5387401098255,-4.51367788235624,24.3195274022924));
#2472=CARTESIAN_POINT('Ctrl Pts',(-37.8116153129226,-4.62306464348795,24.0643884647431));
#2473=CARTESIAN_POINT('Ctrl Pts',(-37.139597964234,-4.61893722250956,23.2296359531194));
#2474=CARTESIAN_POINT('Ctrl Pts',(-37.,-4.60956741101856,22.6276978880736));
#2475=CARTESIAN_POINT('Ctrl Pts',(-37.,-4.60956741101856,22.3262406046397));
#2476=CARTESIAN_POINT('Ctrl Pts',(-39.,-4.51836251870041,24.3262406046397));
#2477=CARTESIAN_POINT('Ctrl Pts',(-38.5611727475312,-4.64715113608593,24.3262406046397));
#2478=CARTESIAN_POINT('Ctrl Pts',(-37.8130551881199,-4.75878932273952,24.0699373796238));
#2479=CARTESIAN_POINT('Ctrl Pts',(-37.1377750208882,-4.74694385129432,23.2260715500054));
#2480=CARTESIAN_POINT('Ctrl Pts',(-37.,-4.73570260482808,22.6267473785395));
#2481=CARTESIAN_POINT('Ctrl Pts',(-37.,-4.73570260482808,22.3262406046397));
#2482=CARTESIAN_POINT('',(-36.5285714285714,-4.2365195988379,22.3262406046397));
#2483=CARTESIAN_POINT('',(-37.,-4.73570260482808,22.3262406046397));
#2484=CARTESIAN_POINT('Origin',(-36.5,-4.73570260482808,22.3262406046397));
#2485=CARTESIAN_POINT('Ctrl Pts',(-37.,-4.73570260482808,22.3262406046397));
#2486=CARTESIAN_POINT('Ctrl Pts',(-37.,-4.73570260482808,22.6267473785395));
#2487=CARTESIAN_POINT('Ctrl Pts',(-37.1377750208882,-4.74694385129432,23.2260715500054));
#2488=CARTESIAN_POINT('Ctrl Pts',(-37.8130551881199,-4.75878932273952,24.0699373796238));
#2489=CARTESIAN_POINT('Ctrl Pts',(-38.5611727475312,-4.64715113608593,24.3262406046397));
#2490=CARTESIAN_POINT('Ctrl Pts',(-39.,-4.51836251870041,24.3262406046397));
#2491=CARTESIAN_POINT('Ctrl Pts',(-38.8857142857143,-4.03159894620324,24.8262406046397));
#2492=CARTESIAN_POINT('Ctrl Pts',(-38.3685250238761,-4.15302821402387,24.8262406046397));
#2493=CARTESIAN_POINT('Ctrl Pts',(-37.4868150431413,-4.25828707572584,24.5058615733697));
#2494=CARTESIAN_POINT('Ctrl Pts',(-36.6909491317611,-4.24711848836321,23.4510292863467));
#2495=CARTESIAN_POINT('Ctrl Pts',(-36.5285714285714,-4.2365195988379,22.7018740720141));
#2496=CARTESIAN_POINT('Ctrl Pts',(-36.5285714285714,-4.2365195988379,22.3262406046397));
#2497=CARTESIAN_POINT('Origin',(-36.5,-4.73570260482808,24.3262406046397));
#2498=CARTESIAN_POINT('',(-37.,-4.73570260482808,20.3264450619512));
#2499=CARTESIAN_POINT('',(-37.,-4.73570260482808,24.3262406046397));
#2500=CARTESIAN_POINT('',(-36.5285714285714,-4.2365195988379,20.8262406046397));
#2501=CARTESIAN_POINT('',(-36.5285714285714,-4.2365195988379,24.3262406046397));
#2502=CARTESIAN_POINT('Ctrl Pts',(-36.5285714285714,-4.2365195988379,20.8262406046397));
#2503=CARTESIAN_POINT('Ctrl Pts',(-36.5295915195306,-4.23657798515239,20.8251883371251));
#2504=CARTESIAN_POINT('Ctrl Pts',(-36.5306114345189,-4.23663949850453,20.8241360665162));
#2505=CARTESIAN_POINT('Ctrl Pts',(-36.5792619569795,-4.23972342064381,20.7739334412823));
#2506=CARTESIAN_POINT('Ctrl Pts',(-36.6267957158625,-4.24958369223491,20.7244848630589));
#2507=CARTESIAN_POINT('Ctrl Pts',(-36.71661396524,-4.28263358726605,20.6305776590396));
#2508=CARTESIAN_POINT('Ctrl Pts',(-36.7596303289157,-4.30547219250131,20.5853762239079));
#2509=CARTESIAN_POINT('Ctrl Pts',(-36.844694746513,-4.36917143931743,20.495658166863));
#2510=CARTESIAN_POINT('Ctrl Pts',(-36.8867276893102,-4.41248150019547,20.4511273528145));
#2511=CARTESIAN_POINT('Ctrl Pts',(-36.9463099095663,-4.50546024842597,20.3874458739088));
#2512=CARTESIAN_POINT('Ctrl Pts',(-36.967289846908,-4.55044516679268,20.3648049252958));
#2513=CARTESIAN_POINT('Ctrl Pts',(-36.9934509722096,-4.64342559909097,20.3356461583111));
#2514=CARTESIAN_POINT('Ctrl Pts',(-37.,-4.68894503365467,20.3277826318478));
#2515=CARTESIAN_POINT('Ctrl Pts',(-37.,-4.73570260482808,20.3264450619512));
#2516=CARTESIAN_POINT('Origin',(-37.,4.,20.8262406046397));
#2517=CARTESIAN_POINT('',(-37.,12.75,20.3262406046397));
#2518=CARTESIAN_POINT('',(-37.,-4.75,20.3262406046397));
#2519=CARTESIAN_POINT('Origin',(-37.,4.,20.3262406046397));
#2520=CARTESIAN_POINT('Origin',(-37.,-4.75,20.8262406046397));
#2521=CARTESIAN_POINT('',(-28.75,4.,20.8262406046397));
#2522=CARTESIAN_POINT('Origin',(-37.,4.,20.8262406046397));
#2523=CARTESIAN_POINT('Origin',(-37.,4.,20.8262406046397));
#2524=CARTESIAN_POINT('Origin',(-37.,12.75,20.8262406046397));
#2525=CARTESIAN_POINT('Ctrl Pts',(-36.5285714285714,12.2365195988379,22.3262406046397));
#2526=CARTESIAN_POINT('Ctrl Pts',(-36.5285714285714,12.2365195988379,22.8896936606976));
#2527=CARTESIAN_POINT('Ctrl Pts',(-36.840278921191,12.2639296869783,23.8249811963724));
#2528=CARTESIAN_POINT('Ctrl Pts',(-37.8401735956,12.2278213797317,24.6613431816446));
#2529=CARTESIAN_POINT('Ctrl Pts',(-38.5409196974271,12.1125522016042,24.8262406046397));
#2530=CARTESIAN_POINT('Ctrl Pts',(-38.8857142857143,12.0315989462032,24.8262406046397));
#2531=CARTESIAN_POINT('Ctrl Pts',(-36.6545005189854,12.2437273241984,22.3262406046397));
#2532=CARTESIAN_POINT('Ctrl Pts',(-36.6545005189854,12.2437273241984,22.8611738903625));
#2533=CARTESIAN_POINT('Ctrl Pts',(-36.955318651729,12.2645919687295,23.7480650594438));
#2534=CARTESIAN_POINT('Ctrl Pts',(-37.9004338685168,12.2190589011426,24.5338926295659));
#2535=CARTESIAN_POINT('Ctrl Pts',(-38.559123537262,12.1081848697082,24.692527331641));
#2536=CARTESIAN_POINT('Ctrl Pts',(-38.8857142857143,12.0315989462032,24.6953409107401));
#2537=CARTESIAN_POINT('Ctrl Pts',(-36.8996792655359,12.3582453939051,22.3262406046397));
#2538=CARTESIAN_POINT('Ctrl Pts',(-36.8996792655359,12.3582453939051,22.8045630385758));
#2539=CARTESIAN_POINT('Ctrl Pts',(-37.1807007575229,12.3740533590634,23.5948190971094));
#2540=CARTESIAN_POINT('Ctrl Pts',(-38.0317850250426,12.3199741402407,24.2808495097598));
#2541=CARTESIAN_POINT('Ctrl Pts',(-38.616499580894,12.2112326767387,24.4265070652127));
#2542=CARTESIAN_POINT('Ctrl Pts',(-38.9105037910346,12.1371819426919,24.4346946904159));
#2543=CARTESIAN_POINT('Ctrl Pts',(-37.,12.6095674110186,22.3262406046397));
#2544=CARTESIAN_POINT('Ctrl Pts',(-37.,12.6095674110186,22.7784288210115));
#2545=CARTESIAN_POINT('Ctrl Pts',(-37.2690053685705,12.6341360878744,23.5276353433878));
#2546=CARTESIAN_POINT('Ctrl Pts',(-38.1037213145191,12.59039628232,24.1859522331351));
#2547=CARTESIAN_POINT('Ctrl Pts',(-38.6825186394757,12.4727617073579,24.321765113731));
#2548=CARTESIAN_POINT('Ctrl Pts',(-38.9700800699658,12.3909281134177,24.3262406046397));
#2549=CARTESIAN_POINT('Ctrl Pts',(-37.,12.7357026048281,22.3262406046397));
#2550=CARTESIAN_POINT('Ctrl Pts',(-37.,12.7357026048281,22.777003049486));
#2551=CARTESIAN_POINT('Ctrl Pts',(-37.264479084647,12.7647739104316,23.5252330780259));
#2552=CARTESIAN_POINT('Ctrl Pts',(-38.1128745659637,12.7264772209276,24.1943226662437));
#2553=CARTESIAN_POINT('Ctrl Pts',(-38.7074470159989,12.6042220320044,24.3262406046397));
#2554=CARTESIAN_POINT('Ctrl Pts',(-39.,12.5183625187004,24.3262406046397));
#2555=CARTESIAN_POINT('Ctrl Pts',(-39.,12.5183625187004,24.3262406046397));
#2556=CARTESIAN_POINT('Ctrl Pts',(-38.7074470159989,12.6042220320044,24.3262406046397));
#2557=CARTESIAN_POINT('Ctrl Pts',(-38.1128745659637,12.7264772209276,24.1943226662437));
#2558=CARTESIAN_POINT('Ctrl Pts',(-37.264479084647,12.7647739104316,23.5252330780259));
#2559=CARTESIAN_POINT('Ctrl Pts',(-37.,12.7357026048281,22.777003049486));
#2560=CARTESIAN_POINT('Ctrl Pts',(-37.,12.7357026048281,22.3262406046397));
#2561=CARTESIAN_POINT('Ctrl Pts',(-36.5285714285714,12.2365195988379,22.3262406046397));
#2562=CARTESIAN_POINT('Ctrl Pts',(-36.5285714285714,12.2365195988379,22.8896936606976));
#2563=CARTESIAN_POINT('Ctrl Pts',(-36.840278921191,12.2639296869783,23.8249811963724));
#2564=CARTESIAN_POINT('Ctrl Pts',(-37.8401735956,12.2278213797317,24.6613431816446));
#2565=CARTESIAN_POINT('Ctrl Pts',(-38.5409196974271,12.1125522016042,24.8262406046397));
#2566=CARTESIAN_POINT('Ctrl Pts',(-38.8857142857143,12.0315989462032,24.8262406046397));
#2567=CARTESIAN_POINT('Origin',(-37.,12.25,24.3262406046397));
#2568=CARTESIAN_POINT('',(-37.,14.,22.3262406046397));
#2569=CARTESIAN_POINT('',(-37.,7.39999999998413,22.3262406046397));
#2570=CARTESIAN_POINT('',(-37.,14.,20.3262406046397));
#2571=CARTESIAN_POINT('',(-37.,14.,24.3262406046397));
#2572=CARTESIAN_POINT('',(-37.,12.25,20.3262406046397));
#2573=CARTESIAN_POINT('Origin',(-39.,7.39999999998413,22.3262406046397));
#2574=CARTESIAN_POINT('',(-39.,16.,24.3262406046397));
#2575=CARTESIAN_POINT('',(-39.,7.39999999998413,24.3262406046397));
#2576=CARTESIAN_POINT('Origin',(-39.,16.,22.3262406046397));
#2577=CARTESIAN_POINT('Origin',(-50.0000000000494,2.54999999996825,24.3262406046397));
#2578=CARTESIAN_POINT('',(-9.0000000000494,-16.5000000000318,24.3262406046397));
#2579=CARTESIAN_POINT('',(-5.00000000004941,-12.5000000000318,24.3262406046397));
#2580=CARTESIAN_POINT('Origin',(-9.0000000000494,-12.5000000000318,24.3262406046397));
#2581=CARTESIAN_POINT('',(-91.0000000000494,-16.5000000000318,24.3262406046397));
#2582=CARTESIAN_POINT('',(-5.0000000000494,-16.5000000000318,24.3262406046397));
#2583=CARTESIAN_POINT('',(-95.0000000000494,-12.5000000000318,24.3262406046397));
#2584=CARTESIAN_POINT('Origin',(-91.0000000000494,-12.5000000000318,24.3262406046397));
#2585=CARTESIAN_POINT('',(-95.0000000000494,17.5999999999683,24.3262406046397));
#2586=CARTESIAN_POINT('',(-95.0000000000494,-16.5000000000318,24.3262406046397));
#2587=CARTESIAN_POINT('',(-91.0000000000494,21.5999999999683,24.3262406046397));
#2588=CARTESIAN_POINT('Origin',(-91.0000000000494,17.5999999999683,24.3262406046397));
#2589=CARTESIAN_POINT('',(-9.0000000000494,21.5999999999682,24.3262406046397));
#2590=CARTESIAN_POINT('',(-95.0000000000494,21.5999999999683,24.3262406046397));
#2591=CARTESIAN_POINT('',(-5.00000000004941,17.5999999999683,24.3262406046397));
#2592=CARTESIAN_POINT('Origin',(-9.00000000004941,17.5999999999683,24.3262406046397));
#2593=CARTESIAN_POINT('',(-5.00000000004941,21.5999999999682,24.3262406046397));
#2594=CARTESIAN_POINT('',(-76.7276317632224,11.5499999999683,24.3262406046397));
#2595=CARTESIAN_POINT('',(-76.7276317632224,2.54999999996826,24.3262406046397));
#2596=CARTESIAN_POINT('',(-94.272368236694,11.5499999999683,24.3262406046397));
#2597=CARTESIAN_POINT('',(-67.7500000000038,11.5499999999683,24.3262406046397));
#2598=CARTESIAN_POINT('',(-94.272368236694,2.54999999996826,24.3262406046397));
#2599=CARTESIAN_POINT('',(-61.,-7.99999999999999,24.3262406046397));
#2600=CARTESIAN_POINT('',(-56.5000000000247,-7.99999999999999,24.3262406046397));
#2601=CARTESIAN_POINT('',(-61.,-4.51836251870041,24.3262406046397));
#2602=CARTESIAN_POINT('',(-61.,-0.850000000015898,24.3262406046397));
#2603=CARTESIAN_POINT('',(-61.,12.5183625187004,24.3262406046397));
#2604=CARTESIAN_POINT('Origin',(-63.,4.,24.3262406046397));
#2605=CARTESIAN_POINT('',(-61.,16.,24.3262406046397));
#2606=CARTESIAN_POINT('',(-61.,8.27499999998412,24.3262406046397));
#2607=CARTESIAN_POINT('',(-61.2500000000247,16.,24.3262406046397));
#2608=CARTESIAN_POINT('',(-43.5000000000247,16.,24.3262406046397));
#2609=CARTESIAN_POINT('',(-39.,-1.72500000001587,24.3262406046397));
#2610=CARTESIAN_POINT('',(-5.72763176330598,-6.45000000003174,24.3262406046397));
#2611=CARTESIAN_POINT('',(-32.2500000000456,-6.45000000003174,24.3262406046397));
#2612=CARTESIAN_POINT('',(-5.72763176330598,11.5499999999683,24.3262406046397));
#2613=CARTESIAN_POINT('',(-5.72763176330598,2.54999999996826,24.3262406046397));
#2614=CARTESIAN_POINT('',(-23.2723682367776,11.5499999999683,24.3262406046397));
#2615=CARTESIAN_POINT('',(-32.2500000000456,11.5499999999683,24.3262406046397));
#2616=CARTESIAN_POINT('',(-23.2723682367776,2.54999999996826,24.3262406046397));
#2617=CARTESIAN_POINT('',(-55.804997300406,10.5,24.3262406046397));
#2618=CARTESIAN_POINT('',(-55.804997300406,-2.5,24.3262406046397));
#2619=CARTESIAN_POINT('Origin',(-62.7332005306815,4.,24.3262406046397));
#2620=CARTESIAN_POINT('',(-43.9282032302755,-2.5,24.3262406046397));
#2621=CARTESIAN_POINT('',(-47.6833001326951,-2.5,24.3262406046397));
#2622=CARTESIAN_POINT('',(-43.9282032302755,10.5,24.3262406046397));
#2623=CARTESIAN_POINT('Origin',(-37.,4.00000000000001,24.3262406046397));
#2624=CARTESIAN_POINT('',(-52.1833001326951,10.5,24.3262406046397));
#2625=CARTESIAN_POINT('Origin',(-37.,4.,24.3262406046397));
#2626=CARTESIAN_POINT('',(-28.75,4.,26.3262406046397));
#2627=CARTESIAN_POINT('',(-28.75,4.,24.3262406046397));
#2628=CARTESIAN_POINT('Origin',(-37.,4.,26.3262406046397));
#2629=CARTESIAN_POINT('Origin',(-63.5,12.7357026048281,24.3262406046397));
#2630=CARTESIAN_POINT('',(-63.,12.7357026048281,20.3264450619512));
#2631=CARTESIAN_POINT('',(-63.,12.7357026048281,22.3262406046397));
#2632=CARTESIAN_POINT('',(-63.,12.7357026048281,24.3262406046397));
#2633=CARTESIAN_POINT('',(-63.4714285714286,12.2365195988379,22.3262406046397));
#2634=CARTESIAN_POINT('Origin',(-63.5,12.7357026048281,22.3262406046397));
#2635=CARTESIAN_POINT('',(-63.4714285714286,12.2365195988379,20.8262406046397));
#2636=CARTESIAN_POINT('',(-63.4714285714286,12.2365195988379,24.3262406046397));
#2637=CARTESIAN_POINT('Ctrl Pts',(-63.4714285714286,12.2365195988379,20.8262406046397));
#2638=CARTESIAN_POINT('Ctrl Pts',(-63.4704084804694,12.2365779851524,20.8251883371252));
#2639=CARTESIAN_POINT('Ctrl Pts',(-63.4693885654813,12.2366394985045,20.8241360665162));
#2640=CARTESIAN_POINT('Ctrl Pts',(-63.4207380430192,12.2397234206439,20.7739334412837));
#2641=CARTESIAN_POINT('Ctrl Pts',(-63.3732042841376,12.2495836922349,20.724484863059));
#2642=CARTESIAN_POINT('Ctrl Pts',(-63.28338603476,12.282633587266,20.6305776590396));
#2643=CARTESIAN_POINT('Ctrl Pts',(-63.2403696710843,12.3054721925013,20.5853762239079));
#2644=CARTESIAN_POINT('Ctrl Pts',(-63.155305253487,12.3691714393174,20.495658166863));
#2645=CARTESIAN_POINT('Ctrl Pts',(-63.1132723106898,12.4124815001955,20.4511273528145));
#2646=CARTESIAN_POINT('Ctrl Pts',(-63.0536900904338,12.505460248426,20.3874458739089));
#2647=CARTESIAN_POINT('Ctrl Pts',(-63.032710153092,12.5504451667927,20.3648049252958));
#2648=CARTESIAN_POINT('Ctrl Pts',(-63.0065490277904,12.643425599091,20.3356461583111));
#2649=CARTESIAN_POINT('Ctrl Pts',(-63.,12.6889450336547,20.3277826318478));
#2650=CARTESIAN_POINT('Ctrl Pts',(-63.,12.7357026048281,20.3264450619512));
#2651=CARTESIAN_POINT('Origin',(-63.,4.,20.8262406046397));
#2652=CARTESIAN_POINT('',(-63.,-4.75,20.3262406046397));
#2653=CARTESIAN_POINT('',(-63.,12.75,20.3262406046397));
#2654=CARTESIAN_POINT('Origin',(-63.,4.,20.3262406046397));
#2655=CARTESIAN_POINT('Origin',(-63.,12.75,20.8262406046397));
#2656=CARTESIAN_POINT('',(-63.4714285714286,-4.2365195988379,20.8262406046397));
#2657=CARTESIAN_POINT('Origin',(-63.,4.,20.8262406046397));
#2658=CARTESIAN_POINT('',(-63.,-4.73570260482807,20.3264450619512));
#2659=CARTESIAN_POINT('Ctrl Pts',(-63.,-4.73570260482807,20.3264450619512));
#2660=CARTESIAN_POINT('Ctrl Pts',(-63.,-4.68894503365466,20.3277826318478));
#2661=CARTESIAN_POINT('Ctrl Pts',(-63.0065490277904,-4.64342559909097,20.3356461583111));
#2662=CARTESIAN_POINT('Ctrl Pts',(-63.032710153092,-4.55044516679267,20.3648049252958));
#2663=CARTESIAN_POINT('Ctrl Pts',(-63.0536900904338,-4.50546024842595,20.3874458739089));
#2664=CARTESIAN_POINT('Ctrl Pts',(-63.1132723106898,-4.41248150019548,20.4511273528145));
#2665=CARTESIAN_POINT('Ctrl Pts',(-63.155305253487,-4.36917143931743,20.495658166863));
#2666=CARTESIAN_POINT('Ctrl Pts',(-63.2403696710843,-4.30547219250129,20.585376223908));
#2667=CARTESIAN_POINT('Ctrl Pts',(-63.28338603476,-4.28263358726602,20.6305776590397));
#2668=CARTESIAN_POINT('Ctrl Pts',(-63.3732042841376,-4.24958369223489,20.724484863059));
#2669=CARTESIAN_POINT('Ctrl Pts',(-63.4207380430213,-4.23972342064375,20.7739334412818));
#2670=CARTESIAN_POINT('Ctrl Pts',(-63.4693885654812,-4.23663949850452,20.8241360665164));
#2671=CARTESIAN_POINT('Ctrl Pts',(-63.4704084804694,-4.23657798515239,20.8251883371251));
#2672=CARTESIAN_POINT('Ctrl Pts',(-63.4714285714286,-4.2365195988379,20.8262406046397));
#2673=CARTESIAN_POINT('Origin',(-63.,-4.75,20.8262406046397));
#2674=CARTESIAN_POINT('Ctrl Pts',(-61.1142857142857,12.0315989462032,24.8262406046397));
#2675=CARTESIAN_POINT('Ctrl Pts',(-61.6314775967165,12.1530288293047,24.8262406046397));
#2676=CARTESIAN_POINT('Ctrl Pts',(-62.5131203686596,12.2582624516261,24.5058509807566));
#2677=CARTESIAN_POINT('Ctrl Pts',(-63.3090398071958,12.2471136528452,23.4510656372112));
#2678=CARTESIAN_POINT('Ctrl Pts',(-63.4714285714286,12.2365195988379,22.701875975345));
#2679=CARTESIAN_POINT('Ctrl Pts',(-63.4714285714286,12.2365195988379,22.3262406046397));
#2680=CARTESIAN_POINT('Ctrl Pts',(-61.1142857142857,12.0315989462032,24.6953409107401));
#2681=CARTESIAN_POINT('Ctrl Pts',(-61.6041718369642,12.1464778314607,24.6911205420915));
#2682=CARTESIAN_POINT('Ctrl Pts',(-62.431464350123,12.2507697309107,24.3884031296431));
#2683=CARTESIAN_POINT('Ctrl Pts',(-63.1891627771857,12.2515457268201,23.3944660744649));
#2684=CARTESIAN_POINT('Ctrl Pts',(-63.3454994810146,12.2437273241984,22.6828627951215));
#2685=CARTESIAN_POINT('Ctrl Pts',(-63.3454994810146,12.2437273241984,22.3262406046397));
#2686=CARTESIAN_POINT('Ctrl Pts',(-61.0894915744818,12.1372016817978,24.4347149662819));
#2687=CARTESIAN_POINT('Ctrl Pts',(-61.5304978896928,12.248277782868,24.422433528477));
#2688=CARTESIAN_POINT('Ctrl Pts',(-62.263075512277,12.3533079735169,24.1552771651217));
#2689=CARTESIAN_POINT('Ctrl Pts',(-62.9551135166673,12.3639578928377,23.2816868007914));
#2690=CARTESIAN_POINT('Ctrl Pts',(-63.1003388458136,12.3582624982687,22.6451222272638));
#2691=CARTESIAN_POINT('Ctrl Pts',(-63.1003388458136,12.3582624982687,22.3262406046397));
#2692=CARTESIAN_POINT('Ctrl Pts',(-61.0299199300342,12.3909281134177,24.3262406046397));
#2693=CARTESIAN_POINT('Ctrl Pts',(-61.4612620757695,12.513678504328,24.3195273682766));
#2694=CARTESIAN_POINT('Ctrl Pts',(-62.1883276118087,12.6230410525865,24.0643813459882));
#2695=CARTESIAN_POINT('Ctrl Pts',(-62.860388024511,12.6189331012924,23.2296656652148));
#2696=CARTESIAN_POINT('Ctrl Pts',(-63.,12.6095674110186,22.6276994155543));
#2697=CARTESIAN_POINT('Ctrl Pts',(-63.,12.6095674110186,22.3262406046397));
#2698=CARTESIAN_POINT('Ctrl Pts',(-61.,12.5183625187004,24.3262406046397));
#2699=CARTESIAN_POINT('Ctrl Pts',(-61.4388294760018,12.6471517886565,24.3262406046397));
#2700=CARTESIAN_POINT('Ctrl Pts',(-62.1868900097717,12.7587632062701,24.0699289055333));
#2701=CARTESIAN_POINT('Ctrl Pts',(-62.8622155939843,12.7469387227146,23.226100630697));
#2702=CARTESIAN_POINT('Ctrl Pts',(-63.,12.7357026048281,22.6267489012039));
#2703=CARTESIAN_POINT('Ctrl Pts',(-63.,12.7357026048281,22.3262406046397));
#2704=CARTESIAN_POINT('Ctrl Pts',(-63.,12.7357026048281,22.3262406046397));
#2705=CARTESIAN_POINT('Ctrl Pts',(-63.,12.7357026048281,22.6267489012039));
#2706=CARTESIAN_POINT('Ctrl Pts',(-62.8622155939843,12.7469387227146,23.226100630697));
#2707=CARTESIAN_POINT('Ctrl Pts',(-62.1868900097717,12.7587632062701,24.0699289055333));
#2708=CARTESIAN_POINT('Ctrl Pts',(-61.4388294760018,12.6471517886565,24.3262406046397));
#2709=CARTESIAN_POINT('Ctrl Pts',(-61.,12.5183625187004,24.3262406046397));
#2710=CARTESIAN_POINT('',(-61.1142857142857,12.0315989462032,24.8262406046397));
#2711=CARTESIAN_POINT('Origin',(-61.,12.5183625187004,24.8262406046397));
#2712=CARTESIAN_POINT('Ctrl Pts',(-61.1142857142857,12.0315989462032,24.8262406046397));
#2713=CARTESIAN_POINT('Ctrl Pts',(-61.6314775967165,12.1530288293047,24.8262406046397));
#2714=CARTESIAN_POINT('Ctrl Pts',(-62.5131203686596,12.2582624516261,24.5058509807566));
#2715=CARTESIAN_POINT('Ctrl Pts',(-63.3090398071958,12.2471136528452,23.4510656372112));
#2716=CARTESIAN_POINT('Ctrl Pts',(-63.4714285714286,12.2365195988379,22.701875975345));
#2717=CARTESIAN_POINT('Ctrl Pts',(-63.4714285714286,12.2365195988379,22.3262406046397));
#2718=CARTESIAN_POINT('Origin',(-63.,4.,24.8262406046397));
#2719=CARTESIAN_POINT('',(-61.1142857142857,-4.03159894620324,24.8262406046397));
#2720=CARTESIAN_POINT('Origin',(-61.,-4.51836251870041,24.8262406046397));
#2721=CARTESIAN_POINT('',(-54.75,4.,24.8262406046397));
#2722=CARTESIAN_POINT('Origin',(-63.,4.,24.8262406046397));
#2723=CARTESIAN_POINT('Origin',(-63.,4.,24.8262406046397));
#2724=CARTESIAN_POINT('Ctrl Pts',(-63.4714285714286,-4.2365195988379,22.3262406046397));
#2725=CARTESIAN_POINT('Ctrl Pts',(-63.4714285714286,-4.2365195988379,22.8896908057013));
#2726=CARTESIAN_POINT('Ctrl Pts',(-63.1597252899169,-4.26393029780738,23.8249262940787));
#2727=CARTESIAN_POINT('Ctrl Pts',(-62.1598840331782,-4.22783107677154,24.6613250902828));
#2728=CARTESIAN_POINT('Ctrl Pts',(-61.4590785555112,-4.11255179141699,24.8262406046397));
#2729=CARTESIAN_POINT('Ctrl Pts',(-61.1142857142857,-4.03159894620324,24.8262406046397));
#2730=CARTESIAN_POINT('Ctrl Pts',(-63.3454994810146,-4.24372732419845,22.3262406046397));
#2731=CARTESIAN_POINT('Ctrl Pts',(-63.3454994810146,-4.24372732419845,22.8611711798748));
#2732=CARTESIAN_POINT('Ctrl Pts',(-63.0446826105846,-4.26459162253268,23.7480123377371));
#2733=CARTESIAN_POINT('Ctrl Pts',(-62.0996180385628,-4.2190668872052,24.533875062801));
#2734=CARTESIAN_POINT('Ctrl Pts',(-61.4408748079146,-4.10818448165015,24.6925273458973));
#2735=CARTESIAN_POINT('Ctrl Pts',(-61.1142857142857,-4.03159894620324,24.6953409107401));
#2736=CARTESIAN_POINT('Ctrl Pts',(-63.1003335033809,-4.35825745287371,22.3262406046397));
#2737=CARTESIAN_POINT('Ctrl Pts',(-63.1003335033809,-4.35825745287371,22.8045606149334));
#2738=CARTESIAN_POINT('Ctrl Pts',(-62.8193053860739,-4.37406795603606,23.5947806808282));
#2739=CARTESIAN_POINT('Ctrl Pts',(-61.9682638757937,-4.31999785138398,24.2808452286327));
#2740=CARTESIAN_POINT('Ctrl Pts',(-61.3834956619803,-4.21124621804875,24.4265214016496));
#2741=CARTESIAN_POINT('Ctrl Pts',(-61.0894929415482,-4.13719585921431,24.4347089853664));
#2742=CARTESIAN_POINT('Ctrl Pts',(-63.,-4.60956741101856,22.3262406046397));
#2743=CARTESIAN_POINT('Ctrl Pts',(-63.,-4.60956741101856,22.7784265297902));
#2744=CARTESIAN_POINT('Ctrl Pts',(-62.730993222142,-4.63413655409105,23.5275890468782));
#2745=CARTESIAN_POINT('Ctrl Pts',(-61.8963220362291,-4.59040592964675,24.1859355349559));
#2746=CARTESIAN_POINT('Ctrl Pts',(-61.3174799034611,-4.47276129271008,24.3217651364081));
#2747=CARTESIAN_POINT('Ctrl Pts',(-61.0299199300342,-4.39092811341773,24.3262406046397));
#2748=CARTESIAN_POINT('Ctrl Pts',(-63.,-4.73570260482807,22.3262406046397));
#2749=CARTESIAN_POINT('Ctrl Pts',(-63.,-4.73570260482807,22.777000765489));
#2750=CARTESIAN_POINT('Ctrl Pts',(-62.7355244884144,-4.76477455828056,23.5251891561909));
#2751=CARTESIAN_POINT('Ctrl Pts',(-61.8871743311814,-4.72648750566678,24.1943081931542));
#2752=CARTESIAN_POINT('Ctrl Pts',(-61.2925515016459,-4.60422159695743,24.3262406046397));
#2753=CARTESIAN_POINT('Ctrl Pts',(-61.,-4.51836251870041,24.3262406046397));
#2754=CARTESIAN_POINT('',(-63.,-4.73570260482807,22.3262406046397));
#2755=CARTESIAN_POINT('Ctrl Pts',(-61.,-4.51836251870041,24.3262406046397));
#2756=CARTESIAN_POINT('Ctrl Pts',(-61.2925515016459,-4.60422159695743,24.3262406046397));
#2757=CARTESIAN_POINT('Ctrl Pts',(-61.8871743311814,-4.72648750566678,24.1943081931542));
#2758=CARTESIAN_POINT('Ctrl Pts',(-62.7355244884144,-4.76477455828056,23.5251891561909));
#2759=CARTESIAN_POINT('Ctrl Pts',(-63.,-4.73570260482807,22.777000765489));
#2760=CARTESIAN_POINT('Ctrl Pts',(-63.,-4.73570260482807,22.3262406046397));
#2761=CARTESIAN_POINT('',(-63.4714285714286,-4.2365195988379,22.3262406046397));
#2762=CARTESIAN_POINT('Origin',(-63.5,-4.73570260482808,22.3262406046397));
#2763=CARTESIAN_POINT('Ctrl Pts',(-63.4714285714286,-4.2365195988379,22.3262406046397));
#2764=CARTESIAN_POINT('Ctrl Pts',(-63.4714285714286,-4.2365195988379,22.8896908057013));
#2765=CARTESIAN_POINT('Ctrl Pts',(-63.1597252899169,-4.26393029780738,23.8249262940787));
#2766=CARTESIAN_POINT('Ctrl Pts',(-62.1598840331782,-4.22783107677154,24.6613250902828));
#2767=CARTESIAN_POINT('Ctrl Pts',(-61.4590785555112,-4.11255179141699,24.8262406046397));
#2768=CARTESIAN_POINT('Ctrl Pts',(-61.1142857142857,-4.03159894620324,24.8262406046397));
#2769=CARTESIAN_POINT('Origin',(-63.5,-4.73570260482807,24.3262406046397));
#2770=CARTESIAN_POINT('',(-63.4714285714286,-4.2365195988379,24.3262406046397));
#2771=CARTESIAN_POINT('',(-63.,-4.73570260482807,24.3262406046397));
#2772=CARTESIAN_POINT('Origin',(-63.,14.,24.3262406046397));
#2773=CARTESIAN_POINT('',(-63.,14.,20.3262406046397));
#2774=CARTESIAN_POINT('',(-63.,12.25,20.3262406046397));
#2775=CARTESIAN_POINT('',(-63.,14.,22.3262406046397));
#2776=CARTESIAN_POINT('',(-63.,14.,24.3262406046397));
#2777=CARTESIAN_POINT('',(-63.,8.27499999998412,22.3262406046397));
#2778=CARTESIAN_POINT('Origin',(-67.75,4.,20.3262406046397));
#2779=CARTESIAN_POINT('',(-63.,-6.,20.3262406046397));
#2780=CARTESIAN_POINT('',(-63.,-4.25,20.3262406046397));
#2781=CARTESIAN_POINT('',(-72.5,-6.,20.3262406046397));
#2782=CARTESIAN_POINT('',(-63.,-6.,20.3262406046397));
#2783=CARTESIAN_POINT('',(-72.5,14.,20.3262406046397));
#2784=CARTESIAN_POINT('',(-72.5,4.,20.3262406046397));
#2785=CARTESIAN_POINT('',(-63.,14.,20.3262406046397));
#2786=CARTESIAN_POINT('Origin',(-63.,4.,24.3262406046397));
#2787=CARTESIAN_POINT('',(-54.75,4.,26.3262406046397));
#2788=CARTESIAN_POINT('',(-54.75,4.,24.3262406046397));
#2789=CARTESIAN_POINT('Origin',(-63.,4.,26.3262406046397));
#2790=CARTESIAN_POINT('Origin',(-62.7332005306815,4.,20.8262406046397));
#2791=CARTESIAN_POINT('',(-54.3666002653408,8.5,20.8262406046397));
#2792=CARTESIAN_POINT('',(-53.8029149809356,8.5,20.3262406046397));
#2793=CARTESIAN_POINT('Ctrl Pts',(-54.3666002653408,8.5,20.8262406046397));
#2794=CARTESIAN_POINT('Ctrl Pts',(-54.3666002653408,8.5,20.7669370928151));
#2795=CARTESIAN_POINT('Ctrl Pts',(-54.351393987794,8.5,20.6974164879244));
#2796=CARTESIAN_POINT('Ctrl Pts',(-54.3014323459686,8.5,20.5854080720041));
#2797=CARTESIAN_POINT('Ctrl Pts',(-54.2564216633501,8.5,20.5241568227512));
#2798=CARTESIAN_POINT('Ctrl Pts',(-54.1599704228871,8.5,20.4347553915043));
#2799=CARTESIAN_POINT('Ctrl Pts',(-54.0901297502989,8.5,20.3921630231554));
#2800=CARTESIAN_POINT('Ctrl Pts',(-53.9595190545264,8.5,20.3417712103925));
#2801=CARTESIAN_POINT('Ctrl Pts',(-53.874739914344,8.5,20.3262406046397));
#2802=CARTESIAN_POINT('Ctrl Pts',(-53.8029149809356,8.5,20.3262406046397));
#2803=CARTESIAN_POINT('',(-53.8029149809356,-0.5,20.3262406046397));
#2804=CARTESIAN_POINT('Origin',(-62.7332005306815,4.,20.3262406046397));
#2805=CARTESIAN_POINT('',(-54.3666002653408,-0.5,20.8262406046397));
#2806=CARTESIAN_POINT('Ctrl Pts',(-53.8029149809356,-0.5,20.3262406046397));
#2807=CARTESIAN_POINT('Ctrl Pts',(-53.874739914344,-0.5,20.3262406046397));
#2808=CARTESIAN_POINT('Ctrl Pts',(-53.9595190545264,-0.5,20.3417712103925));
#2809=CARTESIAN_POINT('Ctrl Pts',(-54.0901297502989,-0.5,20.3921630231554));
#2810=CARTESIAN_POINT('Ctrl Pts',(-54.1599704228871,-0.5,20.4347553915043));
#2811=CARTESIAN_POINT('Ctrl Pts',(-54.2564216633501,-0.5,20.5241568227512));
#2812=CARTESIAN_POINT('Ctrl Pts',(-54.3014323459686,-0.5,20.5854080720041));
#2813=CARTESIAN_POINT('Ctrl Pts',(-54.351393987794,-0.5,20.6974164879244));
#2814=CARTESIAN_POINT('Ctrl Pts',(-54.3666002653408,-0.5,20.7669370928151));
#2815=CARTESIAN_POINT('Ctrl Pts',(-54.3666002653408,-0.5,20.8262406046397));
#2816=CARTESIAN_POINT('Origin',(-62.7332005306815,4.,20.8262406046397));
#2817=CARTESIAN_POINT('Origin',(-45.3666002653408,-0.499999999999997,24.3262406046397));
#2818=CARTESIAN_POINT('',(-45.9302855497459,-0.499999999999997,20.3262406046397));
#2819=CARTESIAN_POINT('',(-54.3666002653408,-0.5,20.3262406046397));
#2820=CARTESIAN_POINT('',(-45.3666002653408,-0.499999999999997,20.8262406046397));
#2821=CARTESIAN_POINT('Ctrl Pts',(-45.3666002653408,-0.499999999999997,
20.8262406046397));
#2822=CARTESIAN_POINT('Ctrl Pts',(-45.3666002653408,-0.499999999999997,
20.7669370928151));
#2823=CARTESIAN_POINT('Ctrl Pts',(-45.3818065428875,-0.499999999999997,
20.6974164879244));
#2824=CARTESIAN_POINT('Ctrl Pts',(-45.4317681847129,-0.499999999999997,
20.5854080720041));
#2825=CARTESIAN_POINT('Ctrl Pts',(-45.4767788673315,-0.499999999999997,
20.5241568227512));
#2826=CARTESIAN_POINT('Ctrl Pts',(-45.5732301077944,-0.499999999999997,
20.4347553915043));
#2827=CARTESIAN_POINT('Ctrl Pts',(-45.6430707803826,-0.499999999999997,
20.3921630231554));
#2828=CARTESIAN_POINT('Ctrl Pts',(-45.7736814761551,-0.499999999999997,
20.3417712103925));
#2829=CARTESIAN_POINT('Ctrl Pts',(-45.8584606163375,-0.499999999999997,
20.3262406046397));
#2830=CARTESIAN_POINT('Ctrl Pts',(-45.9302855497459,-0.499999999999997,
20.3262406046397));
#2831=CARTESIAN_POINT('',(-45.3666002653408,-0.499999999999997,22.3262406046397));
#2832=CARTESIAN_POINT('',(-45.3666002653408,-0.499999999999997,24.3262406046397));
#2833=CARTESIAN_POINT('',(-54.3666002653408,-0.5,22.3262406046397));
#2834=CARTESIAN_POINT('',(-47.6833001326951,-0.499999999999998,22.3262406046397));
#2835=CARTESIAN_POINT('',(-54.3666002653408,-0.5,24.3262406046397));
#2836=CARTESIAN_POINT('Origin',(-49.8666002653408,4.,20.3262406046397));
#2837=CARTESIAN_POINT('',(-45.9302855497459,8.5,20.3262406046397));
#2838=CARTESIAN_POINT('',(-54.3666002653408,8.5,20.3262406046397));
#2839=CARTESIAN_POINT('Origin',(-37.,4.00000000000001,20.3262406046397));
#2840=CARTESIAN_POINT('Origin',(-37.,4.00000000000001,20.8262406046397));
#2841=CARTESIAN_POINT('',(-45.3666002653408,8.5,20.8262406046397));
#2842=CARTESIAN_POINT('Ctrl Pts',(-45.9302855497459,8.5,20.3262406046397));
#2843=CARTESIAN_POINT('Ctrl Pts',(-45.8584606163375,8.5,20.3262406046397));
#2844=CARTESIAN_POINT('Ctrl Pts',(-45.7736814761551,8.5,20.3417712103925));
#2845=CARTESIAN_POINT('Ctrl Pts',(-45.6430707803826,8.5,20.3921630231554));
#2846=CARTESIAN_POINT('Ctrl Pts',(-45.5732301077944,8.5,20.4347553915043));
#2847=CARTESIAN_POINT('Ctrl Pts',(-45.4767788673315,8.5,20.5241568227512));
#2848=CARTESIAN_POINT('Ctrl Pts',(-45.4317681847129,8.5,20.5854080720041));
#2849=CARTESIAN_POINT('Ctrl Pts',(-45.3818065428875,8.5,20.6974164879244));
#2850=CARTESIAN_POINT('Ctrl Pts',(-45.3666002653408,8.5,20.7669370928151));
#2851=CARTESIAN_POINT('Ctrl Pts',(-45.3666002653408,8.5,20.8262406046397));
#2852=CARTESIAN_POINT('Origin',(-37.,4.00000000000001,20.8262406046397));
#2853=CARTESIAN_POINT('Origin',(-9.0000000000494,-12.5000000000318,24.3262406046397));
#2854=CARTESIAN_POINT('',(-5.00000000004941,-12.5000000000318,26.3262406046397));
#2855=CARTESIAN_POINT('',(-9.0000000000494,-16.5000000000318,26.3262406046397));
#2856=CARTESIAN_POINT('Origin',(-9.0000000000494,-12.5000000000318,26.3262406046397));
#2857=CARTESIAN_POINT('',(-9.0000000000494,-16.5000000000318,24.3262406046397));
#2858=CARTESIAN_POINT('',(-5.0000000000494,-12.5000000000318,24.3262406046397));
#2859=CARTESIAN_POINT('Origin',(-95.0000000000494,-16.5000000000318,24.3262406046397));
#2860=CARTESIAN_POINT('',(-91.0000000000494,-16.5000000000318,26.3262406046397));
#2861=CARTESIAN_POINT('',(-5.0000000000494,-16.5000000000318,26.3262406046397));
#2862=CARTESIAN_POINT('',(-91.0000000000494,-16.5000000000318,24.3262406046397));
#2863=CARTESIAN_POINT('Origin',(-91.0000000000494,-12.5000000000318,24.3262406046397));
#2864=CARTESIAN_POINT('',(-95.0000000000494,-12.5000000000318,26.3262406046397));
#2865=CARTESIAN_POINT('Origin',(-91.0000000000494,-12.5000000000318,26.3262406046397));
#2866=CARTESIAN_POINT('',(-95.0000000000494,-12.5000000000318,24.3262406046397));
#2867=CARTESIAN_POINT('Origin',(-9.00000000004941,17.5999999999683,24.3262406046397));
#2868=CARTESIAN_POINT('',(-9.0000000000494,21.5999999999682,26.3262406046397));
#2869=CARTESIAN_POINT('',(-5.00000000004941,17.5999999999683,26.3262406046397));
#2870=CARTESIAN_POINT('Origin',(-9.00000000004941,17.5999999999683,26.3262406046397));
#2871=CARTESIAN_POINT('',(-5.00000000004941,17.5999999999683,24.3262406046397));
#2872=CARTESIAN_POINT('',(-9.00000000004941,21.5999999999682,24.3262406046397));
#2873=CARTESIAN_POINT('Origin',(-5.00000000004942,21.5999999999682,24.3262406046397));
#2874=CARTESIAN_POINT('',(-91.0000000000494,21.5999999999683,26.3262406046397));
#2875=CARTESIAN_POINT('',(-91.0000000000494,21.5999999999683,24.3262406046397));
#2876=CARTESIAN_POINT('',(-95.0000000000494,21.5999999999683,26.3262406046397));
#2877=CARTESIAN_POINT('Origin',(-91.0000000000494,17.5999999999683,24.3262406046397));
#2878=CARTESIAN_POINT('',(-95.0000000000494,17.5999999999683,26.3262406046397));
#2879=CARTESIAN_POINT('Origin',(-91.0000000000494,17.5999999999683,26.3262406046397));
#2880=CARTESIAN_POINT('',(-95.0000000000494,17.5999999999683,24.3262406046397));
#2881=CARTESIAN_POINT('Origin',(-95.0000000000494,21.5999999999683,24.3262406046397));
#2882=CARTESIAN_POINT('',(-95.0000000000494,-16.5000000000318,26.3262406046397));
#2883=CARTESIAN_POINT('Origin',(-52.1833001326951,10.5,22.3262406046397));
#2884=CARTESIAN_POINT('',(-45.3666002653408,8.5,22.3262406046397));
#2885=CARTESIAN_POINT('Ctrl Pts',(-43.9282032302755,10.5,24.3262406046397));
#2886=CARTESIAN_POINT('Ctrl Pts',(-44.1479508012331,10.2657760260071,24.3262406046397));
#2887=CARTESIAN_POINT('Ctrl Pts',(-44.3729104853467,9.99961929193165,24.2826807357002));
#2888=CARTESIAN_POINT('Ctrl Pts',(-44.7650096221178,9.48268774193684,24.0706933470027));
#2889=CARTESIAN_POINT('Ctrl Pts',(-44.9325864769499,9.23260036672266,23.9014002027608));
#2890=CARTESIAN_POINT('Ctrl Pts',(-45.1540027325569,8.87802360255981,23.518082148979));
#2891=CARTESIAN_POINT('Ctrl Pts',(-45.2351022138613,8.73759898538571,23.3054262978699));
#2892=CARTESIAN_POINT('Ctrl Pts',(-45.3410682386928,8.54844285858025,22.832489129149));
#2893=CARTESIAN_POINT('Ctrl Pts',(-45.3666002653408,8.5,22.5722417490704));
#2894=CARTESIAN_POINT('Ctrl Pts',(-45.3666002653408,8.5,22.3262406046397));
#2895=CARTESIAN_POINT('',(-54.3666002653408,8.5,22.3262406046397));
#2896=CARTESIAN_POINT('',(-52.1833001326951,8.5,22.3262406046397));
#2897=CARTESIAN_POINT('Ctrl Pts',(-54.3666002653408,8.5,22.3262406046397));
#2898=CARTESIAN_POINT('Ctrl Pts',(-54.3666002653408,8.5,22.5722417490704));
#2899=CARTESIAN_POINT('Ctrl Pts',(-54.3921322919887,8.54844285858024,22.832489129149));
#2900=CARTESIAN_POINT('Ctrl Pts',(-54.4980983168202,8.73759898538571,23.3054262978699));
#2901=CARTESIAN_POINT('Ctrl Pts',(-54.5791977981246,8.87802360255981,23.518082148979));
#2902=CARTESIAN_POINT('Ctrl Pts',(-54.8006140537317,9.23260036672266,23.9014002027608));
#2903=CARTESIAN_POINT('Ctrl Pts',(-54.9681909085637,9.48268774193683,24.0706933470027));
#2904=CARTESIAN_POINT('Ctrl Pts',(-55.3602900453348,9.99961929193165,24.2826807357002));
#2905=CARTESIAN_POINT('Ctrl Pts',(-55.5852497294484,10.2657760260071,24.3262406046397));
#2906=CARTESIAN_POINT('Ctrl Pts',(-55.804997300406,10.5,24.3262406046397));
#2907=CARTESIAN_POINT('Origin',(-54.3666002653408,8.5,24.3262406046397));
#2908=CARTESIAN_POINT('',(-54.3666002653408,8.5,24.3262406046397));
#2909=CARTESIAN_POINT('',(-45.3666002653408,8.5,24.3262406046397));
#2910=CARTESIAN_POINT('Origin',(-61.,8.27499999998412,22.3262406046397));
#2911=CARTESIAN_POINT('Origin',(-61.,16.,22.3262406046397));
#2912=CARTESIAN_POINT('Origin',(-61.2500000000247,16.,22.3262406046397));
#2913=CARTESIAN_POINT('',(-61.2500000000247,14.,22.3262406046397));
#2914=CARTESIAN_POINT('Origin',(-56.5000000000247,-7.99999999999999,22.3262406046397));
#2915=CARTESIAN_POINT('',(-63.,-6.,22.3262406046397));
#2916=CARTESIAN_POINT('',(-56.5000000000247,-5.99999999999999,22.3262406046397));
#2917=CARTESIAN_POINT('Origin',(-61.,-7.99999999999999,22.3262406046397));
#2918=CARTESIAN_POINT('Origin',(-61.,-0.850000000015898,22.3262406046397));
#2919=CARTESIAN_POINT('',(-63.,-0.850000000015908,22.3262406046397));
#2920=CARTESIAN_POINT('Origin',(-47.6833001326951,-2.5,22.3262406046397));
#2921=CARTESIAN_POINT('Ctrl Pts',(-55.804997300406,-2.5,24.3262406046397));
#2922=CARTESIAN_POINT('Ctrl Pts',(-55.5852497294484,-2.26577602600712,24.3262406046397));
#2923=CARTESIAN_POINT('Ctrl Pts',(-55.3602900453348,-1.99961929193166,24.2826807357002));
#2924=CARTESIAN_POINT('Ctrl Pts',(-54.9681909085637,-1.48268774193684,24.0706933470027));
#2925=CARTESIAN_POINT('Ctrl Pts',(-54.8006140537317,-1.23260036672266,23.9014002027608));
#2926=CARTESIAN_POINT('Ctrl Pts',(-54.5791977981246,-0.878023602559805,
23.518082148979));
#2927=CARTESIAN_POINT('Ctrl Pts',(-54.4980983168202,-0.73759898538571,23.3054262978699));
#2928=CARTESIAN_POINT('Ctrl Pts',(-54.3921322919887,-0.548442858580245,
22.832489129149));
#2929=CARTESIAN_POINT('Ctrl Pts',(-54.3666002653408,-0.499999999999999,
22.5722417490704));
#2930=CARTESIAN_POINT('Ctrl Pts',(-54.3666002653408,-0.499999999999999,
22.3262406046397));
#2931=CARTESIAN_POINT('Ctrl Pts',(-45.3666002653408,-0.499999999999996,
22.3262406046397));
#2932=CARTESIAN_POINT('Ctrl Pts',(-45.3666002653408,-0.499999999999996,
22.5722417490704));
#2933=CARTESIAN_POINT('Ctrl Pts',(-45.3410682386928,-0.548442858580241,
22.832489129149));
#2934=CARTESIAN_POINT('Ctrl Pts',(-45.2351022138613,-0.737598985385707,
23.3054262978699));
#2935=CARTESIAN_POINT('Ctrl Pts',(-45.1540027325569,-0.878023602559802,
23.518082148979));
#2936=CARTESIAN_POINT('Ctrl Pts',(-44.9325864769499,-1.23260036672266,23.9014002027608));
#2937=CARTESIAN_POINT('Ctrl Pts',(-44.7650096221178,-1.48268774193684,24.0706933470027));
#2938=CARTESIAN_POINT('Ctrl Pts',(-44.3729104853467,-1.99961929193165,24.2826807357002));
#2939=CARTESIAN_POINT('Ctrl Pts',(-44.1479508012331,-2.26577602600711,24.3262406046397));
#2940=CARTESIAN_POINT('Ctrl Pts',(-43.9282032302755,-2.5,24.3262406046397));
#2941=CARTESIAN_POINT('Origin',(-39.,-1.72500000001587,22.3262406046397));
#2942=CARTESIAN_POINT('',(-37.,-1.72500000001587,22.3262406046397));
#2943=CARTESIAN_POINT('Origin',(-43.5000000000247,16.,22.3262406046397));
#2944=CARTESIAN_POINT('',(-43.5000000000247,14.,22.3262406046397));
#2945=CARTESIAN_POINT('Origin',(-37.,-6.,24.3262406046397));
#2946=CARTESIAN_POINT('',(-37.,-6.,20.3262406046397));
#2947=CARTESIAN_POINT('',(-37.,-4.25,20.3262406046397));
#2948=CARTESIAN_POINT('',(-37.,-6.,24.3262406046397));
#2949=CARTESIAN_POINT('Origin',(-27.5,-6.00000000000001,24.3262406046397));
#2950=CARTESIAN_POINT('',(-27.5,-6.00000000000001,20.3262406046397));
#2951=CARTESIAN_POINT('',(-37.,-6.,20.3262406046397));
#2952=CARTESIAN_POINT('',(-27.5,-6.00000000000001,24.3262406046397));
#2953=CARTESIAN_POINT('Origin',(-27.5,14.,24.3262406046397));
#2954=CARTESIAN_POINT('',(-27.5,14.,20.3262406046397));
#2955=CARTESIAN_POINT('',(-27.5,4.,20.3262406046397));
#2956=CARTESIAN_POINT('',(-27.5,14.,24.3262406046397));
#2957=CARTESIAN_POINT('Origin',(-37.,14.,24.3262406046397));
#2958=CARTESIAN_POINT('',(-37.,14.,20.3262406046397));
#2959=CARTESIAN_POINT('Origin',(-32.25,3.99999999999999,20.3262406046397));
#2960=CARTESIAN_POINT('Origin',(-62.7332005306815,4.,24.3262406046397));
#2961=CARTESIAN_POINT('Origin',(-37.,4.00000000000001,24.3262406046397));
#2962=CARTESIAN_POINT('Origin',(-72.5,14.,24.3262406046397));
#2963=CARTESIAN_POINT('',(-72.5,14.,24.3262406046397));
#2964=CARTESIAN_POINT('Origin',(-72.5,-6.,24.3262406046397));
#2965=CARTESIAN_POINT('',(-72.5,-6.,24.3262406046397));
#2966=CARTESIAN_POINT('Origin',(-63.,-6.,24.3262406046397));
#2967=CARTESIAN_POINT('',(-63.,-6.,24.3262406046397));
#2968=CARTESIAN_POINT('Origin',(-63.,-4.25,24.3262406046397));
#2969=CARTESIAN_POINT('Origin',(-5.72763176330598,2.54999999996826,20.3262406046397));
#2970=CARTESIAN_POINT('',(-9.50000000004178,11.5499999999683,18.9961135857175));
#2971=CARTESIAN_POINT('Origin',(-5.72763176330598,11.5499999999683,20.3262406046397));
#2972=CARTESIAN_POINT('',(-9.50000000004178,-6.45000000003174,18.9961135857175));
#2973=CARTESIAN_POINT('Origin',(-5.72763176330598,-6.45000000003174,20.3262406046397));
#2974=CARTESIAN_POINT('',(-9.50000000004178,2.54999999996826,18.9961135857175));
#2975=CARTESIAN_POINT('Origin',(-76.7276317632224,2.54999999996826,20.3262406046397));
#2976=CARTESIAN_POINT('',(-80.4999999999582,11.5499999999683,18.9961135857175));
#2977=CARTESIAN_POINT('Origin',(-76.7276317632224,11.5499999999683,20.3262406046397));
#2978=CARTESIAN_POINT('',(-80.4999999999582,2.54999999996826,18.9961135857175));
#2979=CARTESIAN_POINT('Origin',(-94.272368236694,2.54999999996826,20.3262406046397));
#2980=CARTESIAN_POINT('',(-90.4999999999582,11.5499999999683,18.9961135857175));
#2981=CARTESIAN_POINT('Origin',(-94.272368236694,11.5499999999683,20.3262406046397));
#2982=CARTESIAN_POINT('',(-90.4999999999582,2.54999999996826,18.9961135857175));
#2983=CARTESIAN_POINT('Origin',(-23.2723682367776,2.54999999996826,20.3262406046397));
#2984=CARTESIAN_POINT('',(-19.5000000000418,11.5499999999683,18.9961135857175));
#2985=CARTESIAN_POINT('Origin',(-23.2723682367776,11.5499999999683,20.3262406046397));
#2986=CARTESIAN_POINT('',(-19.5000000000418,-6.45000000003174,18.9961135857175));
#2987=CARTESIAN_POINT('',(-19.5000000000418,2.54999999996826,18.9961135857175));
#2988=CARTESIAN_POINT('Origin',(-23.2723682367776,-6.45000000003174,20.3262406046397));
#2989=CARTESIAN_POINT('Origin',(-5.0000000000494,-16.5000000000318,24.3262406046397));
#2990=CARTESIAN_POINT('',(-5.00000000004941,21.5999999999682,26.3262406046397));
#2991=CARTESIAN_POINT('Origin',(-50.0000000000494,2.54999999996825,26.3262406046397));
#2992=CARTESIAN_POINT('Origin',(-87.0011106998513,2.54999999996826,21.5961135857175));
#2993=CARTESIAN_POINT('',(-83.9988893000652,11.5499999999683,21.5961135857175));
#2994=CARTESIAN_POINT('',(-83.9988893000652,2.54999999996826,21.5961135857175));
#2995=CARTESIAN_POINT('',(-87.0011106998513,11.5499999999683,21.5961135857175));
#2996=CARTESIAN_POINT('',(-87.0011106998513,2.54999999996826,21.5961135857175));
#2997=CARTESIAN_POINT('',(-87.0011106998513,11.5499999999683,21.5961135857175));
#2998=CARTESIAN_POINT('Origin',(-88.5022213997443,2.54999999996826,18.9961135857175));
#2999=CARTESIAN_POINT('',(-88.5022213997443,11.5499999999683,18.9961135857175));
#3000=CARTESIAN_POINT('',(-88.5022213997443,2.54999999996826,18.9961135857175));
#3001=CARTESIAN_POINT('',(-88.5022213997443,11.5499999999683,18.9961135857175));
#3002=CARTESIAN_POINT('Origin',(-87.0011106998513,2.54999999996826,16.3961135857175));
#3003=CARTESIAN_POINT('',(-87.0011106998513,11.5499999999683,16.3961135857175));
#3004=CARTESIAN_POINT('',(-87.0011106998513,2.54999999996826,16.3961135857175));
#3005=CARTESIAN_POINT('',(-87.0011106998513,11.5499999999683,16.3961135857175));
#3006=CARTESIAN_POINT('Origin',(-83.9988893000652,2.54999999996826,16.3961135857175));
#3007=CARTESIAN_POINT('',(-83.9988893000652,11.5499999999683,16.3961135857175));
#3008=CARTESIAN_POINT('',(-83.9988893000652,2.54999999996826,16.3961135857175));
#3009=CARTESIAN_POINT('',(-83.9988893000652,11.5499999999683,16.3961135857175));
#3010=CARTESIAN_POINT('Origin',(-82.4977786001722,2.54999999996826,18.9961135857175));
#3011=CARTESIAN_POINT('',(-82.4977786001722,11.5499999999683,18.9961135857175));
#3012=CARTESIAN_POINT('',(-82.4977786001722,2.54999999996826,18.9961135857175));
#3013=CARTESIAN_POINT('',(-82.4977786001722,11.5499999999683,18.9961135857175));
#3014=CARTESIAN_POINT('Origin',(-83.9988893000652,2.54999999996826,21.5961135857175));
#3015=CARTESIAN_POINT('',(-83.9988893000652,11.5499999999683,21.5961135857175));
#3016=CARTESIAN_POINT('Origin',(-87.9999999999582,2.54999999996826,14.6659865667953));
#3017=CARTESIAN_POINT('',(-82.9999999999582,11.5499999999683,14.6659865667953));
#3018=CARTESIAN_POINT('',(-82.9999999999582,2.54999999996826,14.6659865667953));
#3019=CARTESIAN_POINT('',(-87.9999999999582,11.5499999999683,14.6659865667953));
#3020=CARTESIAN_POINT('',(-87.9999999999582,2.54999999996826,14.6659865667953));
#3021=CARTESIAN_POINT('',(-87.9999999999582,11.5499999999683,14.6659865667953));
#3022=CARTESIAN_POINT('Origin',(-90.4999999999582,2.54999999996826,18.9961135857175));
#3023=CARTESIAN_POINT('',(-90.4999999999582,11.5499999999683,18.9961135857175));
#3024=CARTESIAN_POINT('Origin',(-82.9999999999582,2.54999999996826,14.6659865667953));
#3025=CARTESIAN_POINT('',(-82.9999999999582,11.5499999999683,14.6659865667953));
#3026=CARTESIAN_POINT('Origin',(-85.4999999999582,11.5499999999683,18.9961135857171));
#3027=CARTESIAN_POINT('Origin',(-14.5000000000418,-6.45000000003174,18.9961135857171));
#3028=CARTESIAN_POINT('',(-17.0000000000418,-6.45000000003174,14.6659865667953));
#3029=CARTESIAN_POINT('',(-17.0000000000418,-6.45000000003174,14.6659865667953));
#3030=CARTESIAN_POINT('',(-12.0000000000418,-6.45000000003174,14.6659865667953));
#3031=CARTESIAN_POINT('',(-12.0000000000418,-6.45000000003174,14.6659865667953));
#3032=CARTESIAN_POINT('',(-9.50000000004178,-6.45000000003174,18.9961135857175));
#3033=CARTESIAN_POINT('',(-17.5022213998278,-6.45000000003174,18.9961135857175));
#3034=CARTESIAN_POINT('',(-16.0011106999348,-6.45000000003174,21.5961135857175));
#3035=CARTESIAN_POINT('',(-16.0011106999348,-6.45000000003174,21.5961135857175));
#3036=CARTESIAN_POINT('',(-12.9988893001488,-6.45000000003174,21.5961135857175));
#3037=CARTESIAN_POINT('',(-12.9988893001488,-6.45000000003174,21.5961135857175));
#3038=CARTESIAN_POINT('',(-11.4977786002557,-6.45000000003174,18.9961135857175));
#3039=CARTESIAN_POINT('',(-11.4977786002557,-6.45000000003174,18.9961135857175));
#3040=CARTESIAN_POINT('',(-12.9988893001487,-6.45000000003174,16.3961135857175));
#3041=CARTESIAN_POINT('',(-12.9988893001487,-6.45000000003174,16.3961135857175));
#3042=CARTESIAN_POINT('',(-16.0011106999348,-6.45000000003174,16.3961135857175));
#3043=CARTESIAN_POINT('',(-16.0011106999348,-6.45000000003174,16.3961135857175));
#3044=CARTESIAN_POINT('',(-17.5022213998278,-6.45000000003174,18.9961135857175));
#3045=CARTESIAN_POINT('Origin',(-12.9988893001488,2.54999999996826,21.5961135857175));
#3046=CARTESIAN_POINT('',(-16.0011106999348,11.5499999999683,21.5961135857175));
#3047=CARTESIAN_POINT('',(-16.0011106999348,2.54999999996826,21.5961135857175));
#3048=CARTESIAN_POINT('',(-12.9988893001488,11.5499999999683,21.5961135857175));
#3049=CARTESIAN_POINT('',(-12.9988893001488,11.5499999999683,21.5961135857175));
#3050=CARTESIAN_POINT('',(-12.9988893001488,2.54999999996826,21.5961135857175));
#3051=CARTESIAN_POINT('Origin',(-11.4977786002557,2.54999999996826,18.9961135857175));
#3052=CARTESIAN_POINT('',(-11.4977786002557,11.5499999999683,18.9961135857175));
#3053=CARTESIAN_POINT('',(-11.4977786002557,11.5499999999683,18.9961135857175));
#3054=CARTESIAN_POINT('',(-11.4977786002557,2.54999999996826,18.9961135857175));
#3055=CARTESIAN_POINT('Origin',(-12.9988893001487,2.54999999996826,16.3961135857175));
#3056=CARTESIAN_POINT('',(-12.9988893001487,11.5499999999683,16.3961135857175));
#3057=CARTESIAN_POINT('',(-12.9988893001487,11.5499999999683,16.3961135857175));
#3058=CARTESIAN_POINT('',(-12.9988893001487,2.54999999996826,16.3961135857175));
#3059=CARTESIAN_POINT('Origin',(-16.0011106999348,2.54999999996826,16.3961135857175));
#3060=CARTESIAN_POINT('',(-16.0011106999348,11.5499999999683,16.3961135857175));
#3061=CARTESIAN_POINT('',(-16.0011106999348,11.5499999999683,16.3961135857175));
#3062=CARTESIAN_POINT('',(-16.0011106999348,2.54999999996826,16.3961135857175));
#3063=CARTESIAN_POINT('Origin',(-17.5022213998278,2.54999999996826,18.9961135857175));
#3064=CARTESIAN_POINT('',(-17.5022213998278,11.5499999999683,18.9961135857175));
#3065=CARTESIAN_POINT('',(-17.5022213998278,11.5499999999683,18.9961135857175));
#3066=CARTESIAN_POINT('',(-17.5022213998278,2.54999999996826,18.9961135857175));
#3067=CARTESIAN_POINT('Origin',(-16.0011106999348,2.54999999996826,21.5961135857175));
#3068=CARTESIAN_POINT('',(-16.0011106999348,11.5499999999683,21.5961135857175));
#3069=CARTESIAN_POINT('Origin',(-12.0000000000418,2.54999999996826,14.6659865667953));
#3070=CARTESIAN_POINT('',(-17.0000000000418,11.5499999999683,14.6659865667953));
#3071=CARTESIAN_POINT('',(-17.0000000000418,2.54999999996826,14.6659865667953));
#3072=CARTESIAN_POINT('',(-12.0000000000418,11.5499999999683,14.6659865667953));
#3073=CARTESIAN_POINT('',(-12.0000000000418,11.5499999999683,14.6659865667953));
#3074=CARTESIAN_POINT('',(-12.0000000000418,2.54999999996826,14.6659865667953));
#3075=CARTESIAN_POINT('Origin',(-9.50000000004178,2.54999999996826,18.9961135857175));
#3076=CARTESIAN_POINT('',(-9.50000000004178,11.5499999999683,18.9961135857175));
#3077=CARTESIAN_POINT('Origin',(-17.0000000000418,2.54999999996826,14.6659865667953));
#3078=CARTESIAN_POINT('',(-17.0000000000418,11.5499999999683,14.6659865667953));
#3079=CARTESIAN_POINT('Origin',(-14.5000000000418,11.5499999999683,18.9961135857171));
#3080=UNCERTAINTY_MEASURE_WITH_UNIT(LENGTH_MEASURE(0.01),#3084,
'DISTANCE_ACCURACY_VALUE',
'Maximum model space distance between geometric entities at asserted c
onnectivities');
#3081=UNCERTAINTY_MEASURE_WITH_UNIT(LENGTH_MEASURE(0.01),#3084,
'DISTANCE_ACCURACY_VALUE',
'Maximum model space distance between geometric entities at asserted c
onnectivities');
#3082=(
GEOMETRIC_REPRESENTATION_CONTEXT(3)
GLOBAL_UNCERTAINTY_ASSIGNED_CONTEXT((#3080))
GLOBAL_UNIT_ASSIGNED_CONTEXT((#3084,#3086,#3087))
REPRESENTATION_CONTEXT('','3D')
);
#3083=(
GEOMETRIC_REPRESENTATION_CONTEXT(3)
GLOBAL_UNCERTAINTY_ASSIGNED_CONTEXT((#3081))
GLOBAL_UNIT_ASSIGNED_CONTEXT((#3084,#3086,#3087))
REPRESENTATION_CONTEXT('','3D')
);
#3084=(
LENGTH_UNIT()
NAMED_UNIT(*)
SI_UNIT(.MILLI.,.METRE.)
);
#3085=(
LENGTH_UNIT()
NAMED_UNIT(*)
SI_UNIT($,.METRE.)
);
#3086=(
NAMED_UNIT(*)
PLANE_ANGLE_UNIT()
SI_UNIT($,.RADIAN.)
);
#3087=(
NAMED_UNIT(*)
SI_UNIT($,.STERADIAN.)
SOLID_ANGLE_UNIT()
);
#3088=SHAPE_DEFINITION_REPRESENTATION(#3089,#3090);
#3089=PRODUCT_DEFINITION_SHAPE('',$,#3092);
#3090=SHAPE_REPRESENTATION('',(#1681),#3082);
#3091=PRODUCT_DEFINITION_CONTEXT('part definition',#3096,'design');
#3092=PRODUCT_DEFINITION('CACHE AVANT','CACHE AVANT',#3093,#3091);
#3093=PRODUCT_DEFINITION_FORMATION('',$,#3098);
#3094=PRODUCT_RELATED_PRODUCT_CATEGORY('CACHE AVANT','CACHE AVANT',(#3098));
#3095=APPLICATION_PROTOCOL_DEFINITION('international standard',
'automotive_design',2009,#3096);
#3096=APPLICATION_CONTEXT(
'Core Data for Automotive Mechanical Design Process');
#3097=PRODUCT_CONTEXT('part definition',#3096,'mechanical');
#3098=PRODUCT('CACHE AVANT','CACHE AVANT',$,(#3097));
#3099=PRESENTATION_STYLE_ASSIGNMENT((#3101));
#3100=PRESENTATION_STYLE_ASSIGNMENT((#3102));
#3101=SURFACE_STYLE_USAGE(.BOTH.,#3103);
#3102=SURFACE_STYLE_USAGE(.BOTH.,#3104);
#3103=SURFACE_SIDE_STYLE('',(#3105));
#3104=SURFACE_SIDE_STYLE('',(#3106));
#3105=SURFACE_STYLE_FILL_AREA(#3107);
#3106=SURFACE_STYLE_FILL_AREA(#3108);
#3107=FILL_AREA_STYLE('Acier - Satin\X\E9',(#3109));
#3108=FILL_AREA_STYLE('Opaque(63,63,63)',(#3110));
#3109=FILL_AREA_STYLE_COLOUR('Acier - Satin\X\E9',#3111);
#3110=FILL_AREA_STYLE_COLOUR('Opaque(63,63,63)',#3112);
#3111=COLOUR_RGB('Acier - Satin\X\E9',0.627450980392157,0.627450980392157,
0.627450980392157);
#3112=COLOUR_RGB('Opaque(63,63,63)',0.247058823529412,0.247058823529412,
0.247058823529412);
ENDSEC;
END-ISO-10303-21;
