ISO-10303-21;
HEADER;
/* Generated by software containing ST-Developer
 * from STEP Tools, Inc. (www.steptools.com) 
 */

FILE_DESCRIPTION(
/* description */ (''),
/* implementation_level */ '2;1');

FILE_NAME(
/* name */ 'TOP FRAME.step',
/* time_stamp */ '2026-05-11T15:10:59Z',
/* author */ (''),
/* organization */ (''),
/* preprocessor_version */ 'ST-DEVELOPER v20.1',
/* originating_system */ 'Autodesk Translation Framework v15.8.0.0',
/* authorisation */ '');

FILE_SCHEMA (('AUTOMOTIVE_DESIGN { 1 0 10303 214 3 1 1 }'));
ENDSEC;

DATA;
#10=MECHANICAL_DESIGN_GEOMETRIC_PRESENTATION_REPRESENTATION('',(#13),#4177);
#11=SHAPE_REPRESENTATION_RELATIONSHIP('SRR','None',#4184,#12);
#12=ADVANCED_BREP_SHAPE_REPRESENTATION('',(#14),#4176);
#13=STYLED_ITEM('',(#4194),#14);
#14=MANIFOLD_SOLID_BREP('Corps1',#2523);
#15=CONICAL_SURFACE('',#2626,1.75,0.7853981633974);
#16=CONICAL_SURFACE('',#2630,1.75,0.785398163397393);
#17=CONICAL_SURFACE('',#2634,1.7486,0.785398163397406);
#18=CONICAL_SURFACE('',#2638,1.7486,0.785398163397459);
#19=CONICAL_SURFACE('',#2642,1.75,0.785398163397466);
#20=CONICAL_SURFACE('',#2646,1.75,0.785398163397446);
#21=CONICAL_SURFACE('',#2650,1.75,0.785398163397501);
#22=CONICAL_SURFACE('',#2654,1.75,0.785398163397501);
#23=CONICAL_SURFACE('',#2658,1.75,0.785398163397466);
#24=CONICAL_SURFACE('',#2662,1.75,0.785398163397453);
#25=CONICAL_SURFACE('',#2666,1.74860000000001,0.785398163397466);
#26=CONICAL_SURFACE('',#2670,1.74860000000001,0.785398163397413);
#27=FACE_BOUND('',#279,.T.);
#28=FACE_BOUND('',#284,.T.);
#29=FACE_BOUND('',#285,.T.);
#30=FACE_BOUND('',#286,.T.);
#31=FACE_BOUND('',#287,.T.);
#32=FACE_BOUND('',#288,.T.);
#33=FACE_BOUND('',#289,.T.);
#34=FACE_BOUND('',#290,.T.);
#35=FACE_BOUND('',#291,.T.);
#36=FACE_BOUND('',#292,.T.);
#37=FACE_BOUND('',#293,.T.);
#38=FACE_BOUND('',#294,.T.);
#39=FACE_BOUND('',#295,.T.);
#40=FACE_BOUND('',#296,.T.);
#41=FACE_BOUND('',#297,.T.);
#42=FACE_BOUND('',#298,.T.);
#43=FACE_BOUND('',#299,.T.);
#44=FACE_BOUND('',#300,.T.);
#45=FACE_BOUND('',#308,.T.);
#46=FACE_BOUND('',#356,.T.);
#47=FACE_BOUND('',#358,.T.);
#48=FACE_BOUND('',#391,.T.);
#49=FACE_BOUND('',#393,.T.);
#50=FACE_BOUND('',#395,.T.);
#51=FACE_BOUND('',#397,.T.);
#52=FACE_BOUND('',#398,.T.);
#53=FACE_BOUND('',#399,.T.);
#54=FACE_BOUND('',#400,.T.);
#55=FACE_BOUND('',#401,.T.);
#56=FACE_BOUND('',#402,.T.);
#57=FACE_BOUND('',#403,.T.);
#58=FACE_BOUND('',#404,.T.);
#59=FACE_BOUND('',#405,.T.);
#60=FACE_BOUND('',#406,.T.);
#61=FACE_BOUND('',#407,.T.);
#62=FACE_BOUND('',#408,.T.);
#63=FACE_BOUND('',#409,.T.);
#64=FACE_BOUND('',#433,.T.);
#65=PLANE('',#2541);
#66=PLANE('',#2542);
#67=PLANE('',#2543);
#68=PLANE('',#2548);
#69=PLANE('',#2583);
#70=PLANE('',#2584);
#71=PLANE('',#2588);
#72=PLANE('',#2589);
#73=PLANE('',#2593);
#74=PLANE('',#2594);
#75=PLANE('',#2595);
#76=PLANE('',#2596);
#77=PLANE('',#2599);
#78=PLANE('',#2602);
#79=PLANE('',#2605);
#80=PLANE('',#2608);
#81=PLANE('',#2611);
#82=PLANE('',#2614);
#83=PLANE('',#2617);
#84=PLANE('',#2620);
#85=PLANE('',#2623);
#86=PLANE('',#2674);
#87=PLANE('',#2675);
#88=PLANE('',#2678);
#89=PLANE('',#2681);
#90=PLANE('',#2684);
#91=PLANE('',#2687);
#92=PLANE('',#2690);
#93=PLANE('',#2691);
#94=PLANE('',#2692);
#95=PLANE('',#2693);
#96=PLANE('',#2694);
#97=PLANE('',#2695);
#98=PLANE('',#2696);
#99=PLANE('',#2697);
#100=PLANE('',#2698);
#101=PLANE('',#2699);
#102=PLANE('',#2700);
#103=PLANE('',#2701);
#104=PLANE('',#2702);
#105=PLANE('',#2703);
#106=PLANE('',#2704);
#107=PLANE('',#2705);
#108=PLANE('',#2706);
#109=PLANE('',#2707);
#110=PLANE('',#2708);
#111=PLANE('',#2709);
#112=PLANE('',#2710);
#113=PLANE('',#2711);
#114=PLANE('',#2712);
#115=PLANE('',#2713);
#116=PLANE('',#2714);
#117=PLANE('',#2715);
#118=PLANE('',#2721);
#119=PLANE('',#2723);
#120=PLANE('',#2725);
#121=PLANE('',#2727);
#122=PLANE('',#2729);
#123=PLANE('',#2731);
#124=PLANE('',#2732);
#125=PLANE('',#2733);
#126=PLANE('',#2734);
#127=PLANE('',#2735);
#128=PLANE('',#2736);
#129=PLANE('',#2737);
#130=PLANE('',#2738);
#131=PLANE('',#2739);
#132=PLANE('',#2740);
#133=PLANE('',#2741);
#134=PLANE('',#2742);
#135=PLANE('',#2743);
#136=PLANE('',#2744);
#137=PLANE('',#2745);
#138=PLANE('',#2746);
#139=PLANE('',#2747);
#140=PLANE('',#2748);
#141=PLANE('',#2749);
#142=PLANE('',#2750);
#143=PLANE('',#2751);
#144=PLANE('',#2752);
#145=PLANE('',#2753);
#146=PLANE('',#2754);
#147=FACE_OUTER_BOUND('',#277,.T.);
#148=FACE_OUTER_BOUND('',#278,.T.);
#149=FACE_OUTER_BOUND('',#280,.T.);
#150=FACE_OUTER_BOUND('',#281,.T.);
#151=FACE_OUTER_BOUND('',#282,.T.);
#152=FACE_OUTER_BOUND('',#283,.T.);
#153=FACE_OUTER_BOUND('',#301,.T.);
#154=FACE_OUTER_BOUND('',#302,.T.);
#155=FACE_OUTER_BOUND('',#303,.T.);
#156=FACE_OUTER_BOUND('',#304,.T.);
#157=FACE_OUTER_BOUND('',#305,.T.);
#158=FACE_OUTER_BOUND('',#306,.T.);
#159=FACE_OUTER_BOUND('',#307,.T.);
#160=FACE_OUTER_BOUND('',#309,.T.);
#161=FACE_OUTER_BOUND('',#310,.T.);
#162=FACE_OUTER_BOUND('',#311,.T.);
#163=FACE_OUTER_BOUND('',#312,.T.);
#164=FACE_OUTER_BOUND('',#313,.T.);
#165=FACE_OUTER_BOUND('',#314,.T.);
#166=FACE_OUTER_BOUND('',#315,.T.);
#167=FACE_OUTER_BOUND('',#316,.T.);
#168=FACE_OUTER_BOUND('',#317,.T.);
#169=FACE_OUTER_BOUND('',#318,.T.);
#170=FACE_OUTER_BOUND('',#319,.T.);
#171=FACE_OUTER_BOUND('',#320,.T.);
#172=FACE_OUTER_BOUND('',#321,.T.);
#173=FACE_OUTER_BOUND('',#322,.T.);
#174=FACE_OUTER_BOUND('',#323,.T.);
#175=FACE_OUTER_BOUND('',#324,.T.);
#176=FACE_OUTER_BOUND('',#325,.T.);
#177=FACE_OUTER_BOUND('',#326,.T.);
#178=FACE_OUTER_BOUND('',#327,.T.);
#179=FACE_OUTER_BOUND('',#328,.T.);
#180=FACE_OUTER_BOUND('',#329,.T.);
#181=FACE_OUTER_BOUND('',#330,.T.);
#182=FACE_OUTER_BOUND('',#331,.T.);
#183=FACE_OUTER_BOUND('',#332,.T.);
#184=FACE_OUTER_BOUND('',#333,.T.);
#185=FACE_OUTER_BOUND('',#334,.T.);
#186=FACE_OUTER_BOUND('',#335,.T.);
#187=FACE_OUTER_BOUND('',#336,.T.);
#188=FACE_OUTER_BOUND('',#337,.T.);
#189=FACE_OUTER_BOUND('',#338,.T.);
#190=FACE_OUTER_BOUND('',#339,.T.);
#191=FACE_OUTER_BOUND('',#340,.T.);
#192=FACE_OUTER_BOUND('',#341,.T.);
#193=FACE_OUTER_BOUND('',#342,.T.);
#194=FACE_OUTER_BOUND('',#343,.T.);
#195=FACE_OUTER_BOUND('',#344,.T.);
#196=FACE_OUTER_BOUND('',#345,.T.);
#197=FACE_OUTER_BOUND('',#346,.T.);
#198=FACE_OUTER_BOUND('',#347,.T.);
#199=FACE_OUTER_BOUND('',#348,.T.);
#200=FACE_OUTER_BOUND('',#349,.T.);
#201=FACE_OUTER_BOUND('',#350,.T.);
#202=FACE_OUTER_BOUND('',#351,.T.);
#203=FACE_OUTER_BOUND('',#352,.T.);
#204=FACE_OUTER_BOUND('',#353,.T.);
#205=FACE_OUTER_BOUND('',#354,.T.);
#206=FACE_OUTER_BOUND('',#355,.T.);
#207=FACE_OUTER_BOUND('',#357,.T.);
#208=FACE_OUTER_BOUND('',#359,.T.);
#209=FACE_OUTER_BOUND('',#360,.T.);
#210=FACE_OUTER_BOUND('',#361,.T.);
#211=FACE_OUTER_BOUND('',#362,.T.);
#212=FACE_OUTER_BOUND('',#363,.T.);
#213=FACE_OUTER_BOUND('',#364,.T.);
#214=FACE_OUTER_BOUND('',#365,.T.);
#215=FACE_OUTER_BOUND('',#366,.T.);
#216=FACE_OUTER_BOUND('',#367,.T.);
#217=FACE_OUTER_BOUND('',#368,.T.);
#218=FACE_OUTER_BOUND('',#369,.T.);
#219=FACE_OUTER_BOUND('',#370,.T.);
#220=FACE_OUTER_BOUND('',#371,.T.);
#221=FACE_OUTER_BOUND('',#372,.T.);
#222=FACE_OUTER_BOUND('',#373,.T.);
#223=FACE_OUTER_BOUND('',#374,.T.);
#224=FACE_OUTER_BOUND('',#375,.T.);
#225=FACE_OUTER_BOUND('',#376,.T.);
#226=FACE_OUTER_BOUND('',#377,.T.);
#227=FACE_OUTER_BOUND('',#378,.T.);
#228=FACE_OUTER_BOUND('',#379,.T.);
#229=FACE_OUTER_BOUND('',#380,.T.);
#230=FACE_OUTER_BOUND('',#381,.T.);
#231=FACE_OUTER_BOUND('',#382,.T.);
#232=FACE_OUTER_BOUND('',#383,.T.);
#233=FACE_OUTER_BOUND('',#384,.T.);
#234=FACE_OUTER_BOUND('',#385,.T.);
#235=FACE_OUTER_BOUND('',#386,.T.);
#236=FACE_OUTER_BOUND('',#387,.T.);
#237=FACE_OUTER_BOUND('',#388,.T.);
#238=FACE_OUTER_BOUND('',#389,.T.);
#239=FACE_OUTER_BOUND('',#390,.T.);
#240=FACE_OUTER_BOUND('',#392,.T.);
#241=FACE_OUTER_BOUND('',#394,.T.);
#242=FACE_OUTER_BOUND('',#396,.T.);
#243=FACE_OUTER_BOUND('',#410,.T.);
#244=FACE_OUTER_BOUND('',#411,.T.);
#245=FACE_OUTER_BOUND('',#412,.T.);
#246=FACE_OUTER_BOUND('',#413,.T.);
#247=FACE_OUTER_BOUND('',#414,.T.);
#248=FACE_OUTER_BOUND('',#415,.T.);
#249=FACE_OUTER_BOUND('',#416,.T.);
#250=FACE_OUTER_BOUND('',#417,.T.);
#251=FACE_OUTER_BOUND('',#418,.T.);
#252=FACE_OUTER_BOUND('',#419,.T.);
#253=FACE_OUTER_BOUND('',#420,.T.);
#254=FACE_OUTER_BOUND('',#421,.T.);
#255=FACE_OUTER_BOUND('',#422,.T.);
#256=FACE_OUTER_BOUND('',#423,.T.);
#257=FACE_OUTER_BOUND('',#424,.T.);
#258=FACE_OUTER_BOUND('',#425,.T.);
#259=FACE_OUTER_BOUND('',#426,.T.);
#260=FACE_OUTER_BOUND('',#427,.T.);
#261=FACE_OUTER_BOUND('',#428,.T.);
#262=FACE_OUTER_BOUND('',#429,.T.);
#263=FACE_OUTER_BOUND('',#430,.T.);
#264=FACE_OUTER_BOUND('',#431,.T.);
#265=FACE_OUTER_BOUND('',#432,.T.);
#266=FACE_OUTER_BOUND('',#434,.T.);
#267=FACE_OUTER_BOUND('',#435,.T.);
#268=FACE_OUTER_BOUND('',#436,.T.);
#269=FACE_OUTER_BOUND('',#437,.T.);
#270=FACE_OUTER_BOUND('',#438,.T.);
#271=FACE_OUTER_BOUND('',#439,.T.);
#272=FACE_OUTER_BOUND('',#440,.T.);
#273=FACE_OUTER_BOUND('',#441,.T.);
#274=FACE_OUTER_BOUND('',#442,.T.);
#275=FACE_OUTER_BOUND('',#443,.T.);
#276=FACE_OUTER_BOUND('',#444,.T.);
#277=EDGE_LOOP('',(#1649,#1650,#1651,#1652,#1653,#1654));
#278=EDGE_LOOP('',(#1655,#1656,#1657,#1658,#1659,#1660,#1661));
#279=EDGE_LOOP('',(#1662,#1663,#1664,#1665,#1666,#1667));
#280=EDGE_LOOP('',(#1668,#1669,#1670,#1671));
#281=EDGE_LOOP('',(#1672,#1673,#1674));
#282=EDGE_LOOP('',(#1675,#1676,#1677,#1678,#1679,#1680));
#283=EDGE_LOOP('',(#1681,#1682,#1683,#1684,#1685,#1686,#1687,#1688,#1689,
#1690,#1691,#1692,#1693,#1694,#1695,#1696,#1697,#1698,#1699,#1700,#1701,
#1702,#1703,#1704,#1705,#1706,#1707,#1708,#1709,#1710));
#284=EDGE_LOOP('',(#1711));
#285=EDGE_LOOP('',(#1712));
#286=EDGE_LOOP('',(#1713));
#287=EDGE_LOOP('',(#1714));
#288=EDGE_LOOP('',(#1715));
#289=EDGE_LOOP('',(#1716));
#290=EDGE_LOOP('',(#1717));
#291=EDGE_LOOP('',(#1718));
#292=EDGE_LOOP('',(#1719));
#293=EDGE_LOOP('',(#1720));
#294=EDGE_LOOP('',(#1721));
#295=EDGE_LOOP('',(#1722));
#296=EDGE_LOOP('',(#1723,#1724,#1725,#1726));
#297=EDGE_LOOP('',(#1727,#1728,#1729,#1730));
#298=EDGE_LOOP('',(#1731,#1732,#1733,#1734));
#299=EDGE_LOOP('',(#1735,#1736,#1737,#1738));
#300=EDGE_LOOP('',(#1739,#1740,#1741,#1742));
#301=EDGE_LOOP('',(#1743,#1744,#1745,#1746,#1747));
#302=EDGE_LOOP('',(#1748,#1749,#1750));
#303=EDGE_LOOP('',(#1751,#1752,#1753,#1754,#1755,#1756));
#304=EDGE_LOOP('',(#1757,#1758,#1759,#1760));
#305=EDGE_LOOP('',(#1761,#1762,#1763));
#306=EDGE_LOOP('',(#1764,#1765,#1766,#1767,#1768,#1769));
#307=EDGE_LOOP('',(#1770,#1771,#1772,#1773,#1774,#1775,#1776));
#308=EDGE_LOOP('',(#1777,#1778,#1779,#1780,#1781,#1782));
#309=EDGE_LOOP('',(#1783,#1784,#1785,#1786));
#310=EDGE_LOOP('',(#1787,#1788,#1789));
#311=EDGE_LOOP('',(#1790,#1791,#1792,#1793));
#312=EDGE_LOOP('',(#1794,#1795,#1796,#1797));
#313=EDGE_LOOP('',(#1798,#1799,#1800,#1801));
#314=EDGE_LOOP('',(#1802,#1803,#1804,#1805));
#315=EDGE_LOOP('',(#1806,#1807,#1808,#1809));
#316=EDGE_LOOP('',(#1810,#1811,#1812,#1813));
#317=EDGE_LOOP('',(#1814,#1815,#1816,#1817));
#318=EDGE_LOOP('',(#1818,#1819,#1820,#1821));
#319=EDGE_LOOP('',(#1822,#1823,#1824,#1825));
#320=EDGE_LOOP('',(#1826,#1827,#1828,#1829));
#321=EDGE_LOOP('',(#1830,#1831,#1832,#1833));
#322=EDGE_LOOP('',(#1834,#1835,#1836,#1837));
#323=EDGE_LOOP('',(#1838,#1839,#1840,#1841));
#324=EDGE_LOOP('',(#1842,#1843,#1844,#1845));
#325=EDGE_LOOP('',(#1846,#1847,#1848,#1849));
#326=EDGE_LOOP('',(#1850,#1851,#1852,#1853));
#327=EDGE_LOOP('',(#1854,#1855,#1856,#1857));
#328=EDGE_LOOP('',(#1858,#1859,#1860,#1861));
#329=EDGE_LOOP('',(#1862,#1863,#1864,#1865));
#330=EDGE_LOOP('',(#1866,#1867,#1868,#1869));
#331=EDGE_LOOP('',(#1870,#1871,#1872,#1873));
#332=EDGE_LOOP('',(#1874,#1875,#1876,#1877));
#333=EDGE_LOOP('',(#1878,#1879,#1880,#1881));
#334=EDGE_LOOP('',(#1882,#1883,#1884,#1885));
#335=EDGE_LOOP('',(#1886,#1887,#1888,#1889));
#336=EDGE_LOOP('',(#1890,#1891,#1892,#1893));
#337=EDGE_LOOP('',(#1894,#1895,#1896,#1897));
#338=EDGE_LOOP('',(#1898,#1899,#1900,#1901));
#339=EDGE_LOOP('',(#1902,#1903,#1904,#1905));
#340=EDGE_LOOP('',(#1906,#1907,#1908,#1909));
#341=EDGE_LOOP('',(#1910,#1911,#1912,#1913));
#342=EDGE_LOOP('',(#1914,#1915,#1916,#1917));
#343=EDGE_LOOP('',(#1918,#1919,#1920,#1921));
#344=EDGE_LOOP('',(#1922,#1923,#1924,#1925));
#345=EDGE_LOOP('',(#1926,#1927,#1928,#1929));
#346=EDGE_LOOP('',(#1930,#1931,#1932,#1933));
#347=EDGE_LOOP('',(#1934,#1935,#1936,#1937));
#348=EDGE_LOOP('',(#1938,#1939,#1940,#1941));
#349=EDGE_LOOP('',(#1942,#1943,#1944,#1945));
#350=EDGE_LOOP('',(#1946,#1947,#1948,#1949));
#351=EDGE_LOOP('',(#1950,#1951,#1952,#1953));
#352=EDGE_LOOP('',(#1954,#1955,#1956,#1957));
#353=EDGE_LOOP('',(#1958,#1959,#1960,#1961));
#354=EDGE_LOOP('',(#1962,#1963,#1964,#1965));
#355=EDGE_LOOP('',(#1966,#1967,#1968,#1969,#1970,#1971));
#356=EDGE_LOOP('',(#1972));
#357=EDGE_LOOP('',(#1973,#1974,#1975,#1976,#1977,#1978));
#358=EDGE_LOOP('',(#1979));
#359=EDGE_LOOP('',(#1980,#1981,#1982,#1983));
#360=EDGE_LOOP('',(#1984,#1985,#1986,#1987));
#361=EDGE_LOOP('',(#1988,#1989,#1990,#1991));
#362=EDGE_LOOP('',(#1992,#1993,#1994,#1995));
#363=EDGE_LOOP('',(#1996,#1997,#1998,#1999));
#364=EDGE_LOOP('',(#2000,#2001,#2002,#2003));
#365=EDGE_LOOP('',(#2004,#2005,#2006,#2007));
#366=EDGE_LOOP('',(#2008,#2009,#2010,#2011));
#367=EDGE_LOOP('',(#2012,#2013,#2014,#2015));
#368=EDGE_LOOP('',(#2016,#2017,#2018,#2019,#2020));
#369=EDGE_LOOP('',(#2021,#2022,#2023,#2024));
#370=EDGE_LOOP('',(#2025,#2026,#2027,#2028));
#371=EDGE_LOOP('',(#2029,#2030,#2031,#2032));
#372=EDGE_LOOP('',(#2033,#2034,#2035,#2036));
#373=EDGE_LOOP('',(#2037,#2038,#2039,#2040));
#374=EDGE_LOOP('',(#2041,#2042,#2043,#2044));
#375=EDGE_LOOP('',(#2045,#2046,#2047,#2048));
#376=EDGE_LOOP('',(#2049,#2050,#2051,#2052));
#377=EDGE_LOOP('',(#2053,#2054,#2055,#2056));
#378=EDGE_LOOP('',(#2057,#2058,#2059,#2060));
#379=EDGE_LOOP('',(#2061,#2062,#2063,#2064));
#380=EDGE_LOOP('',(#2065,#2066,#2067,#2068));
#381=EDGE_LOOP('',(#2069,#2070,#2071,#2072));
#382=EDGE_LOOP('',(#2073,#2074,#2075,#2076));
#383=EDGE_LOOP('',(#2077,#2078,#2079,#2080));
#384=EDGE_LOOP('',(#2081,#2082,#2083,#2084));
#385=EDGE_LOOP('',(#2085,#2086,#2087,#2088));
#386=EDGE_LOOP('',(#2089,#2090,#2091,#2092));
#387=EDGE_LOOP('',(#2093,#2094,#2095,#2096,#2097,#2098,#2099));
#388=EDGE_LOOP('',(#2100,#2101,#2102,#2103));
#389=EDGE_LOOP('',(#2104,#2105,#2106,#2107));
#390=EDGE_LOOP('',(#2108,#2109,#2110,#2111,#2112,#2113,#2114));
#391=EDGE_LOOP('',(#2115,#2116,#2117,#2118,#2119,#2120));
#392=EDGE_LOOP('',(#2121,#2122,#2123,#2124,#2125,#2126));
#393=EDGE_LOOP('',(#2127));
#394=EDGE_LOOP('',(#2128,#2129,#2130,#2131,#2132,#2133));
#395=EDGE_LOOP('',(#2134));
#396=EDGE_LOOP('',(#2135,#2136,#2137,#2138,#2139,#2140,#2141,#2142,#2143,
#2144,#2145,#2146,#2147,#2148,#2149,#2150,#2151,#2152,#2153,#2154,#2155,
#2156,#2157,#2158,#2159,#2160,#2161,#2162,#2163,#2164,#2165,#2166,#2167,
#2168,#2169,#2170,#2171,#2172));
#397=EDGE_LOOP('',(#2173));
#398=EDGE_LOOP('',(#2174));
#399=EDGE_LOOP('',(#2175));
#400=EDGE_LOOP('',(#2176));
#401=EDGE_LOOP('',(#2177));
#402=EDGE_LOOP('',(#2178));
#403=EDGE_LOOP('',(#2179));
#404=EDGE_LOOP('',(#2180));
#405=EDGE_LOOP('',(#2181,#2182,#2183,#2184));
#406=EDGE_LOOP('',(#2185,#2186,#2187,#2188));
#407=EDGE_LOOP('',(#2189,#2190,#2191,#2192));
#408=EDGE_LOOP('',(#2193,#2194,#2195,#2196));
#409=EDGE_LOOP('',(#2197,#2198,#2199,#2200));
#410=EDGE_LOOP('',(#2201,#2202,#2203,#2204));
#411=EDGE_LOOP('',(#2205,#2206,#2207,#2208));
#412=EDGE_LOOP('',(#2209,#2210,#2211,#2212));
#413=EDGE_LOOP('',(#2213,#2214,#2215,#2216));
#414=EDGE_LOOP('',(#2217,#2218,#2219,#2220));
#415=EDGE_LOOP('',(#2221,#2222,#2223,#2224));
#416=EDGE_LOOP('',(#2225,#2226,#2227,#2228));
#417=EDGE_LOOP('',(#2229,#2230,#2231,#2232));
#418=EDGE_LOOP('',(#2233,#2234,#2235,#2236));
#419=EDGE_LOOP('',(#2237,#2238,#2239,#2240));
#420=EDGE_LOOP('',(#2241,#2242,#2243,#2244));
#421=EDGE_LOOP('',(#2245,#2246,#2247,#2248));
#422=EDGE_LOOP('',(#2249,#2250,#2251,#2252));
#423=EDGE_LOOP('',(#2253,#2254,#2255,#2256));
#424=EDGE_LOOP('',(#2257,#2258,#2259,#2260));
#425=EDGE_LOOP('',(#2261,#2262,#2263,#2264));
#426=EDGE_LOOP('',(#2265,#2266,#2267,#2268));
#427=EDGE_LOOP('',(#2269,#2270,#2271,#2272));
#428=EDGE_LOOP('',(#2273,#2274,#2275,#2276));
#429=EDGE_LOOP('',(#2277,#2278,#2279,#2280));
#430=EDGE_LOOP('',(#2281,#2282,#2283,#2284,#2285,#2286,#2287,#2288));
#431=EDGE_LOOP('',(#2289,#2290,#2291,#2292));
#432=EDGE_LOOP('',(#2293,#2294,#2295,#2296,#2297,#2298,#2299));
#433=EDGE_LOOP('',(#2300,#2301,#2302,#2303,#2304,#2305));
#434=EDGE_LOOP('',(#2306,#2307,#2308,#2309));
#435=EDGE_LOOP('',(#2310,#2311,#2312,#2313));
#436=EDGE_LOOP('',(#2314,#2315,#2316,#2317));
#437=EDGE_LOOP('',(#2318,#2319,#2320,#2321));
#438=EDGE_LOOP('',(#2322,#2323,#2324,#2325));
#439=EDGE_LOOP('',(#2326,#2327,#2328,#2329));
#440=EDGE_LOOP('',(#2330,#2331,#2332,#2333));
#441=EDGE_LOOP('',(#2334,#2335,#2336,#2337));
#442=EDGE_LOOP('',(#2338,#2339,#2340,#2341,#2342,#2343,#2344));
#443=EDGE_LOOP('',(#2345,#2346,#2347,#2348,#2349,#2350,#2351,#2352));
#444=EDGE_LOOP('',(#2353,#2354,#2355,#2356));
#445=LINE('',#3465,#711);
#446=LINE('',#3469,#712);
#447=LINE('',#3472,#713);
#448=LINE('',#3475,#714);
#449=LINE('',#3477,#715);
#450=LINE('',#3479,#716);
#451=LINE('',#3481,#717);
#452=LINE('',#3483,#718);
#453=LINE('',#3484,#719);
#454=LINE('',#3487,#720);
#455=LINE('',#3489,#721);
#456=LINE('',#3491,#722);
#457=LINE('',#3493,#723);
#458=LINE('',#3495,#724);
#459=LINE('',#3496,#725);
#460=LINE('',#3499,#726);
#461=LINE('',#3500,#727);
#462=LINE('',#3502,#728);
#463=LINE('',#3508,#729);
#464=LINE('',#3512,#730);
#465=LINE('',#3515,#731);
#466=LINE('',#3517,#732);
#467=LINE('',#3519,#733);
#468=LINE('',#3523,#734);
#469=LINE('',#3527,#735);
#470=LINE('',#3531,#736);
#471=LINE('',#3535,#737);
#472=LINE('',#3539,#738);
#473=LINE('',#3541,#739);
#474=LINE('',#3545,#740);
#475=LINE('',#3549,#741);
#476=LINE('',#3551,#742);
#477=LINE('',#3555,#743);
#478=LINE('',#3559,#744);
#479=LINE('',#3563,#745);
#480=LINE('',#3567,#746);
#481=LINE('',#3570,#747);
#482=LINE('',#3597,#748);
#483=LINE('',#3601,#749);
#484=LINE('',#3605,#750);
#485=LINE('',#3609,#751);
#486=LINE('',#3613,#752);
#487=LINE('',#3617,#753);
#488=LINE('',#3621,#754);
#489=LINE('',#3625,#755);
#490=LINE('',#3629,#756);
#491=LINE('',#3633,#757);
#492=LINE('',#3637,#758);
#493=LINE('',#3639,#759);
#494=LINE('',#3640,#760);
#495=LINE('',#3642,#761);
#496=LINE('',#3645,#762);
#497=LINE('',#3649,#763);
#498=LINE('',#3652,#764);
#499=LINE('',#3655,#765);
#500=LINE('',#3656,#766);
#501=LINE('',#3658,#767);
#502=LINE('',#3661,#768);
#503=LINE('',#3665,#769);
#504=LINE('',#3668,#770);
#505=LINE('',#3671,#771);
#506=LINE('',#3673,#772);
#507=LINE('',#3675,#773);
#508=LINE('',#3677,#774);
#509=LINE('',#3679,#775);
#510=LINE('',#3680,#776);
#511=LINE('',#3683,#777);
#512=LINE('',#3685,#778);
#513=LINE('',#3687,#779);
#514=LINE('',#3689,#780);
#515=LINE('',#3691,#781);
#516=LINE('',#3692,#782);
#517=LINE('',#3695,#783);
#518=LINE('',#3696,#784);
#519=LINE('',#3698,#785);
#520=LINE('',#3702,#786);
#521=LINE('',#3703,#787);
#522=LINE('',#3704,#788);
#523=LINE('',#3708,#789);
#524=LINE('',#3711,#790);
#525=LINE('',#3712,#791);
#526=LINE('',#3718,#792);
#527=LINE('',#3719,#793);
#528=LINE('',#3720,#794);
#529=LINE('',#3724,#795);
#530=LINE('',#3727,#796);
#531=LINE('',#3728,#797);
#532=LINE('',#3734,#798);
#533=LINE('',#3735,#799);
#534=LINE('',#3736,#800);
#535=LINE('',#3740,#801);
#536=LINE('',#3743,#802);
#537=LINE('',#3744,#803);
#538=LINE('',#3750,#804);
#539=LINE('',#3751,#805);
#540=LINE('',#3752,#806);
#541=LINE('',#3756,#807);
#542=LINE('',#3759,#808);
#543=LINE('',#3760,#809);
#544=LINE('',#3766,#810);
#545=LINE('',#3767,#811);
#546=LINE('',#3768,#812);
#547=LINE('',#3772,#813);
#548=LINE('',#3775,#814);
#549=LINE('',#3776,#815);
#550=LINE('',#3782,#816);
#551=LINE('',#3785,#817);
#552=LINE('',#3789,#818);
#553=LINE('',#3793,#819);
#554=LINE('',#3797,#820);
#555=LINE('',#3801,#821);
#556=LINE('',#3805,#822);
#557=LINE('',#3809,#823);
#558=LINE('',#3813,#824);
#559=LINE('',#3817,#825);
#560=LINE('',#3821,#826);
#561=LINE('',#3825,#827);
#562=LINE('',#3829,#828);
#563=LINE('',#3833,#829);
#564=LINE('',#3837,#830);
#565=LINE('',#3841,#831);
#566=LINE('',#3845,#832);
#567=LINE('',#3849,#833);
#568=LINE('',#3854,#834);
#569=LINE('',#3857,#835);
#570=LINE('',#3861,#836);
#571=LINE('',#3865,#837);
#572=LINE('',#3869,#838);
#573=LINE('',#3873,#839);
#574=LINE('',#3878,#840);
#575=LINE('',#3880,#841);
#576=LINE('',#3882,#842);
#577=LINE('',#3884,#843);
#578=LINE('',#3886,#844);
#579=LINE('',#3887,#845);
#580=LINE('',#3891,#846);
#581=LINE('',#3893,#847);
#582=LINE('',#3895,#848);
#583=LINE('',#3897,#849);
#584=LINE('',#3899,#850);
#585=LINE('',#3900,#851);
#586=LINE('',#3905,#852);
#587=LINE('',#3906,#853);
#588=LINE('',#3909,#854);
#589=LINE('',#3910,#855);
#590=LINE('',#3914,#856);
#591=LINE('',#3917,#857);
#592=LINE('',#3918,#858);
#593=LINE('',#3922,#859);
#594=LINE('',#3925,#860);
#595=LINE('',#3926,#861);
#596=LINE('',#3930,#862);
#597=LINE('',#3933,#863);
#598=LINE('',#3934,#864);
#599=LINE('',#3938,#865);
#600=LINE('',#3940,#866);
#601=LINE('',#3942,#867);
#602=LINE('',#3943,#868);
#603=LINE('',#3945,#869);
#604=LINE('',#3947,#870);
#605=LINE('',#3949,#871);
#606=LINE('',#3951,#872);
#607=LINE('',#3955,#873);
#608=LINE('',#3956,#874);
#609=LINE('',#3959,#875);
#610=LINE('',#3960,#876);
#611=LINE('',#3963,#877);
#612=LINE('',#3964,#878);
#613=LINE('',#3967,#879);
#614=LINE('',#3968,#880);
#615=LINE('',#3971,#881);
#616=LINE('',#3973,#882);
#617=LINE('',#3974,#883);
#618=LINE('',#3977,#884);
#619=LINE('',#3978,#885);
#620=LINE('',#3981,#886);
#621=LINE('',#3982,#887);
#622=LINE('',#3985,#888);
#623=LINE('',#3986,#889);
#624=LINE('',#3989,#890);
#625=LINE('',#3990,#891);
#626=LINE('',#3992,#892);
#627=LINE('',#3996,#893);
#628=LINE('',#3998,#894);
#629=LINE('',#4000,#895);
#630=LINE('',#4001,#896);
#631=LINE('',#4004,#897);
#632=LINE('',#4006,#898);
#633=LINE('',#4007,#899);
#634=LINE('',#4009,#900);
#635=LINE('',#4011,#901);
#636=LINE('',#4012,#902);
#637=LINE('',#4014,#903);
#638=LINE('',#4017,#904);
#639=LINE('',#4019,#905);
#640=LINE('',#4020,#906);
#641=LINE('',#4022,#907);
#642=LINE('',#4026,#908);
#643=LINE('',#4028,#909);
#644=LINE('',#4030,#910);
#645=LINE('',#4032,#911);
#646=LINE('',#4034,#912);
#647=LINE('',#4035,#913);
#648=LINE('',#4039,#914);
#649=LINE('',#4041,#915);
#650=LINE('',#4043,#916);
#651=LINE('',#4045,#917);
#652=LINE('',#4047,#918);
#653=LINE('',#4048,#919);
#654=LINE('',#4052,#920);
#655=LINE('',#4054,#921);
#656=LINE('',#4058,#922);
#657=LINE('',#4062,#923);
#658=LINE('',#4066,#924);
#659=LINE('',#4070,#925);
#660=LINE('',#4073,#926);
#661=LINE('',#4075,#927);
#662=LINE('',#4077,#928);
#663=LINE('',#4079,#929);
#664=LINE('',#4080,#930);
#665=LINE('',#4082,#931);
#666=LINE('',#4084,#932);
#667=LINE('',#4085,#933);
#668=LINE('',#4087,#934);
#669=LINE('',#4089,#935);
#670=LINE('',#4090,#936);
#671=LINE('',#4092,#937);
#672=LINE('',#4094,#938);
#673=LINE('',#4096,#939);
#674=LINE('',#4098,#940);
#675=LINE('',#4100,#941);
#676=LINE('',#4102,#942);
#677=LINE('',#4104,#943);
#678=LINE('',#4108,#944);
#679=LINE('',#4110,#945);
#680=LINE('',#4111,#946);
#681=LINE('',#4114,#947);
#682=LINE('',#4115,#948);
#683=LINE('',#4118,#949);
#684=LINE('',#4119,#950);
#685=LINE('',#4122,#951);
#686=LINE('',#4123,#952);
#687=LINE('',#4126,#953);
#688=LINE('',#4127,#954);
#689=LINE('',#4129,#955);
#690=LINE('',#4132,#956);
#691=LINE('',#4134,#957);
#692=LINE('',#4135,#958);
#693=LINE('',#4138,#959);
#694=LINE('',#4139,#960);
#695=LINE('',#4142,#961);
#696=LINE('',#4143,#962);
#697=LINE('',#4146,#963);
#698=LINE('',#4147,#964);
#699=LINE('',#4149,#965);
#700=LINE('',#4151,#966);
#701=LINE('',#4154,#967);
#702=LINE('',#4155,#968);
#703=LINE('',#4157,#969);
#704=LINE('',#4159,#970);
#705=LINE('',#4161,#971);
#706=LINE('',#4163,#972);
#707=LINE('',#4166,#973);
#708=LINE('',#4167,#974);
#709=LINE('',#4169,#975);
#710=LINE('',#4172,#976);
#711=VECTOR('',#2761,10.);
#712=VECTOR('',#2764,10.);
#713=VECTOR('',#2767,10.);
#714=VECTOR('',#2770,10.);
#715=VECTOR('',#2771,10.);
#716=VECTOR('',#2772,10.);
#717=VECTOR('',#2773,10.);
#718=VECTOR('',#2774,10.);
#719=VECTOR('',#2775,10.);
#720=VECTOR('',#2776,10.);
#721=VECTOR('',#2777,10.);
#722=VECTOR('',#2778,10.);
#723=VECTOR('',#2779,10.);
#724=VECTOR('',#2780,10.);
#725=VECTOR('',#2781,10.);
#726=VECTOR('',#2784,10.);
#727=VECTOR('',#2785,10.);
#728=VECTOR('',#2788,10.);
#729=VECTOR('',#2793,10.);
#730=VECTOR('',#2796,10.);
#731=VECTOR('',#2799,10.);
#732=VECTOR('',#2802,10.);
#733=VECTOR('',#2803,10.);
#734=VECTOR('',#2806,10.);
#735=VECTOR('',#2809,10.);
#736=VECTOR('',#2812,10.);
#737=VECTOR('',#2815,10.);
#738=VECTOR('',#2818,10.);
#739=VECTOR('',#2819,10.);
#740=VECTOR('',#2822,10.);
#741=VECTOR('',#2825,10.);
#742=VECTOR('',#2826,10.);
#743=VECTOR('',#2829,10.);
#744=VECTOR('',#2832,10.);
#745=VECTOR('',#2835,10.);
#746=VECTOR('',#2838,10.);
#747=VECTOR('',#2841,10.);
#748=VECTOR('',#2866,10.);
#749=VECTOR('',#2869,10.);
#750=VECTOR('',#2872,10.);
#751=VECTOR('',#2875,10.);
#752=VECTOR('',#2878,10.);
#753=VECTOR('',#2881,10.);
#754=VECTOR('',#2884,10.);
#755=VECTOR('',#2887,10.);
#756=VECTOR('',#2890,10.);
#757=VECTOR('',#2893,10.);
#758=VECTOR('',#2898,10.);
#759=VECTOR('',#2899,10.);
#760=VECTOR('',#2900,10.);
#761=VECTOR('',#2903,10.);
#762=VECTOR('',#2906,10.);
#763=VECTOR('',#2909,10.);
#764=VECTOR('',#2912,10.);
#765=VECTOR('',#2915,10.);
#766=VECTOR('',#2916,10.);
#767=VECTOR('',#2919,10.);
#768=VECTOR('',#2922,10.);
#769=VECTOR('',#2925,10.);
#770=VECTOR('',#2928,10.);
#771=VECTOR('',#2931,10.);
#772=VECTOR('',#2932,10.);
#773=VECTOR('',#2933,10.);
#774=VECTOR('',#2934,10.);
#775=VECTOR('',#2935,10.);
#776=VECTOR('',#2936,10.);
#777=VECTOR('',#2937,10.);
#778=VECTOR('',#2938,10.);
#779=VECTOR('',#2939,10.);
#780=VECTOR('',#2940,10.);
#781=VECTOR('',#2941,10.);
#782=VECTOR('',#2942,10.);
#783=VECTOR('',#2945,10.);
#784=VECTOR('',#2946,10.);
#785=VECTOR('',#2949,10.);
#786=VECTOR('',#2952,10.);
#787=VECTOR('',#2953,10.);
#788=VECTOR('',#2954,10.);
#789=VECTOR('',#2959,10.);
#790=VECTOR('',#2962,10.);
#791=VECTOR('',#2963,10.);
#792=VECTOR('',#2970,10.);
#793=VECTOR('',#2971,10.);
#794=VECTOR('',#2972,10.);
#795=VECTOR('',#2977,10.);
#796=VECTOR('',#2980,10.);
#797=VECTOR('',#2981,10.);
#798=VECTOR('',#2988,10.);
#799=VECTOR('',#2989,10.);
#800=VECTOR('',#2990,10.);
#801=VECTOR('',#2995,10.);
#802=VECTOR('',#2998,10.);
#803=VECTOR('',#2999,10.);
#804=VECTOR('',#3006,10.);
#805=VECTOR('',#3007,10.);
#806=VECTOR('',#3008,10.);
#807=VECTOR('',#3013,10.);
#808=VECTOR('',#3016,10.);
#809=VECTOR('',#3017,10.);
#810=VECTOR('',#3024,10.);
#811=VECTOR('',#3025,10.);
#812=VECTOR('',#3026,10.);
#813=VECTOR('',#3031,10.);
#814=VECTOR('',#3034,10.);
#815=VECTOR('',#3035,10.);
#816=VECTOR('',#3044,1.75);
#817=VECTOR('',#3047,1.5);
#818=VECTOR('',#3052,1.75);
#819=VECTOR('',#3057,1.5);
#820=VECTOR('',#3062,1.7486);
#821=VECTOR('',#3067,1.4986);
#822=VECTOR('',#3072,1.7486);
#823=VECTOR('',#3077,1.4986);
#824=VECTOR('',#3082,1.75);
#825=VECTOR('',#3087,1.5);
#826=VECTOR('',#3092,1.75);
#827=VECTOR('',#3097,1.5);
#828=VECTOR('',#3102,1.75);
#829=VECTOR('',#3107,1.5);
#830=VECTOR('',#3112,1.75);
#831=VECTOR('',#3117,1.5);
#832=VECTOR('',#3122,1.75);
#833=VECTOR('',#3127,1.5);
#834=VECTOR('',#3134,1.75);
#835=VECTOR('',#3137,1.5);
#836=VECTOR('',#3142,1.74860000000001);
#837=VECTOR('',#3147,1.4986);
#838=VECTOR('',#3152,1.74860000000001);
#839=VECTOR('',#3157,1.4986);
#840=VECTOR('',#3162,10.);
#841=VECTOR('',#3163,10.);
#842=VECTOR('',#3164,10.);
#843=VECTOR('',#3165,10.);
#844=VECTOR('',#3166,10.);
#845=VECTOR('',#3167,10.);
#846=VECTOR('',#3170,10.);
#847=VECTOR('',#3171,10.);
#848=VECTOR('',#3172,10.);
#849=VECTOR('',#3173,10.);
#850=VECTOR('',#3174,10.);
#851=VECTOR('',#3175,10.);
#852=VECTOR('',#3180,10.);
#853=VECTOR('',#3181,10.);
#854=VECTOR('',#3184,10.);
#855=VECTOR('',#3185,10.);
#856=VECTOR('',#3190,10.);
#857=VECTOR('',#3193,10.);
#858=VECTOR('',#3194,10.);
#859=VECTOR('',#3199,10.);
#860=VECTOR('',#3202,10.);
#861=VECTOR('',#3203,10.);
#862=VECTOR('',#3208,10.);
#863=VECTOR('',#3211,10.);
#864=VECTOR('',#3212,10.);
#865=VECTOR('',#3217,10.);
#866=VECTOR('',#3220,10.);
#867=VECTOR('',#3223,10.);
#868=VECTOR('',#3224,10.);
#869=VECTOR('',#3227,10.);
#870=VECTOR('',#3230,10.);
#871=VECTOR('',#3233,10.);
#872=VECTOR('',#3236,10.);
#873=VECTOR('',#3241,10.);
#874=VECTOR('',#3242,10.);
#875=VECTOR('',#3245,10.);
#876=VECTOR('',#3246,10.);
#877=VECTOR('',#3249,10.);
#878=VECTOR('',#3250,10.);
#879=VECTOR('',#3253,10.);
#880=VECTOR('',#3254,10.);
#881=VECTOR('',#3257,10.);
#882=VECTOR('',#3258,10.);
#883=VECTOR('',#3259,10.);
#884=VECTOR('',#3262,10.);
#885=VECTOR('',#3263,10.);
#886=VECTOR('',#3266,10.);
#887=VECTOR('',#3267,10.);
#888=VECTOR('',#3270,10.);
#889=VECTOR('',#3271,10.);
#890=VECTOR('',#3274,10.);
#891=VECTOR('',#3275,10.);
#892=VECTOR('',#3278,10.);
#893=VECTOR('',#3281,10.);
#894=VECTOR('',#3282,10.);
#895=VECTOR('',#3283,10.);
#896=VECTOR('',#3284,10.);
#897=VECTOR('',#3287,10.);
#898=VECTOR('',#3288,10.);
#899=VECTOR('',#3289,10.);
#900=VECTOR('',#3292,10.);
#901=VECTOR('',#3293,10.);
#902=VECTOR('',#3294,10.);
#903=VECTOR('',#3297,10.);
#904=VECTOR('',#3300,10.);
#905=VECTOR('',#3301,10.);
#906=VECTOR('',#3302,10.);
#907=VECTOR('',#3305,10.);
#908=VECTOR('',#3308,10.);
#909=VECTOR('',#3309,10.);
#910=VECTOR('',#3310,10.);
#911=VECTOR('',#3311,10.);
#912=VECTOR('',#3312,10.);
#913=VECTOR('',#3313,10.);
#914=VECTOR('',#3316,10.);
#915=VECTOR('',#3317,10.);
#916=VECTOR('',#3318,10.);
#917=VECTOR('',#3319,10.);
#918=VECTOR('',#3320,10.);
#919=VECTOR('',#3321,10.);
#920=VECTOR('',#3324,10.);
#921=VECTOR('',#3325,10.);
#922=VECTOR('',#3328,10.);
#923=VECTOR('',#3331,10.);
#924=VECTOR('',#3334,10.);
#925=VECTOR('',#3337,10.);
#926=VECTOR('',#3340,10.);
#927=VECTOR('',#3341,10.);
#928=VECTOR('',#3342,10.);
#929=VECTOR('',#3343,10.);
#930=VECTOR('',#3344,10.);
#931=VECTOR('',#3345,10.);
#932=VECTOR('',#3346,10.);
#933=VECTOR('',#3347,10.);
#934=VECTOR('',#3350,10.);
#935=VECTOR('',#3353,10.);
#936=VECTOR('',#3354,10.);
#937=VECTOR('',#3357,10.);
#938=VECTOR('',#3360,10.);
#939=VECTOR('',#3363,10.);
#940=VECTOR('',#3366,10.);
#941=VECTOR('',#3369,10.);
#942=VECTOR('',#3372,10.);
#943=VECTOR('',#3375,10.);
#944=VECTOR('',#3380,10.);
#945=VECTOR('',#3381,10.);
#946=VECTOR('',#3382,10.);
#947=VECTOR('',#3385,10.);
#948=VECTOR('',#3386,10.);
#949=VECTOR('',#3389,10.);
#950=VECTOR('',#3390,10.);
#951=VECTOR('',#3393,10.);
#952=VECTOR('',#3394,10.);
#953=VECTOR('',#3397,10.);
#954=VECTOR('',#3398,10.);
#955=VECTOR('',#3401,10.);
#956=VECTOR('',#3404,10.);
#957=VECTOR('',#3405,10.);
#958=VECTOR('',#3406,10.);
#959=VECTOR('',#3409,10.);
#960=VECTOR('',#3410,10.);
#961=VECTOR('',#3413,10.);
#962=VECTOR('',#3414,10.);
#963=VECTOR('',#3417,10.);
#964=VECTOR('',#3418,10.);
#965=VECTOR('',#3421,10.);
#966=VECTOR('',#3424,10.);
#967=VECTOR('',#3429,10.);
#968=VECTOR('',#3430,10.);
#969=VECTOR('',#3433,10.);
#970=VECTOR('',#3436,10.);
#971=VECTOR('',#3439,10.);
#972=VECTOR('',#3442,10.);
#973=VECTOR('',#3447,10.);
#974=VECTOR('',#3448,10.);
#975=VECTOR('',#3451,10.);
#976=VECTOR('',#3456,10.);
#977=CIRCLE('',#2538,4.);
#978=CIRCLE('',#2539,4.);
#979=CIRCLE('',#2540,4.);
#980=CIRCLE('',#2545,4.);
#981=CIRCLE('',#2546,4.);
#982=CIRCLE('',#2547,4.);
#983=CIRCLE('',#2549,4.99999999999987);
#984=CIRCLE('',#2550,1.99999999999999);
#985=CIRCLE('',#2551,2.);
#986=CIRCLE('',#2552,1.99999999999999);
#987=CIRCLE('',#2553,2.00000000000001);
#988=CIRCLE('',#2554,4.);
#989=CIRCLE('',#2555,4.);
#990=CIRCLE('',#2556,2.00000000000001);
#991=CIRCLE('',#2557,1.99999999999999);
#992=CIRCLE('',#2558,2.);
#993=CIRCLE('',#2559,1.99999999999999);
#994=CIRCLE('',#2560,4.99999999999987);
#995=CIRCLE('',#2561,2.00000000000001);
#996=CIRCLE('',#2562,1.9986);
#997=CIRCLE('',#2563,2.);
#998=CIRCLE('',#2564,2.);
#999=CIRCLE('',#2565,2.);
#1000=CIRCLE('',#2566,1.99860000000001);
#1001=CIRCLE('',#2567,1.99860000000001);
#1002=CIRCLE('',#2568,2.00000000000001);
#1003=CIRCLE('',#2569,2.);
#1004=CIRCLE('',#2570,2.);
#1005=CIRCLE('',#2571,1.9986);
#1006=CIRCLE('',#2572,2.);
#1007=CIRCLE('',#2573,2.);
#1008=CIRCLE('',#2574,2.);
#1009=CIRCLE('',#2575,2.);
#1010=CIRCLE('',#2576,2.);
#1011=CIRCLE('',#2577,2.);
#1012=CIRCLE('',#2578,2.);
#1013=CIRCLE('',#2579,2.);
#1014=CIRCLE('',#2580,2.);
#1015=CIRCLE('',#2581,2.);
#1016=CIRCLE('',#2582,2.);
#1017=CIRCLE('',#2586,4.);
#1018=CIRCLE('',#2587,4.);
#1019=CIRCLE('',#2591,4.);
#1020=CIRCLE('',#2592,4.);
#1021=CIRCLE('',#2598,2.);
#1022=CIRCLE('',#2601,2.);
#1023=CIRCLE('',#2604,2.);
#1024=CIRCLE('',#2607,2.);
#1025=CIRCLE('',#2610,2.);
#1026=CIRCLE('',#2613,2.);
#1027=CIRCLE('',#2616,2.);
#1028=CIRCLE('',#2619,2.);
#1029=CIRCLE('',#2622,2.);
#1030=CIRCLE('',#2625,2.);
#1031=CIRCLE('',#2627,1.5);
#1032=CIRCLE('',#2629,1.5);
#1033=CIRCLE('',#2631,1.5);
#1034=CIRCLE('',#2633,1.5);
#1035=CIRCLE('',#2635,1.4986);
#1036=CIRCLE('',#2637,1.4986);
#1037=CIRCLE('',#2639,1.4986);
#1038=CIRCLE('',#2641,1.4986);
#1039=CIRCLE('',#2643,1.5);
#1040=CIRCLE('',#2645,1.5);
#1041=CIRCLE('',#2647,1.5);
#1042=CIRCLE('',#2649,1.5);
#1043=CIRCLE('',#2651,1.5);
#1044=CIRCLE('',#2653,1.5);
#1045=CIRCLE('',#2655,1.5);
#1046=CIRCLE('',#2657,1.5);
#1047=CIRCLE('',#2659,1.5);
#1048=CIRCLE('',#2661,1.5);
#1049=CIRCLE('',#2663,1.5);
#1050=CIRCLE('',#2665,1.5);
#1051=CIRCLE('',#2667,1.4986);
#1052=CIRCLE('',#2669,1.4986);
#1053=CIRCLE('',#2671,1.4986);
#1054=CIRCLE('',#2673,1.4986);
#1055=CIRCLE('',#2677,2.00000000000001);
#1056=CIRCLE('',#2680,1.99999999999999);
#1057=CIRCLE('',#2683,2.);
#1058=CIRCLE('',#2686,1.99999999999999);
#1059=CIRCLE('',#2689,4.99999999999987);
#1060=CIRCLE('',#2716,2.00000000000001);
#1061=CIRCLE('',#2717,1.99999999999999);
#1062=CIRCLE('',#2718,2.);
#1063=CIRCLE('',#2719,1.99999999999999);
#1064=CIRCLE('',#2720,4.99999999999987);
#1065=VERTEX_POINT('',#3461);
#1066=VERTEX_POINT('',#3462);
#1067=VERTEX_POINT('',#3464);
#1068=VERTEX_POINT('',#3466);
#1069=VERTEX_POINT('',#3468);
#1070=VERTEX_POINT('',#3470);
#1071=VERTEX_POINT('',#3474);
#1072=VERTEX_POINT('',#3476);
#1073=VERTEX_POINT('',#3478);
#1074=VERTEX_POINT('',#3480);
#1075=VERTEX_POINT('',#3482);
#1076=VERTEX_POINT('',#3485);
#1077=VERTEX_POINT('',#3486);
#1078=VERTEX_POINT('',#3488);
#1079=VERTEX_POINT('',#3490);
#1080=VERTEX_POINT('',#3492);
#1081=VERTEX_POINT('',#3494);
#1082=VERTEX_POINT('',#3498);
#1083=VERTEX_POINT('',#3504);
#1084=VERTEX_POINT('',#3505);
#1085=VERTEX_POINT('',#3507);
#1086=VERTEX_POINT('',#3509);
#1087=VERTEX_POINT('',#3511);
#1088=VERTEX_POINT('',#3513);
#1089=VERTEX_POINT('',#3518);
#1090=VERTEX_POINT('',#3520);
#1091=VERTEX_POINT('',#3522);
#1092=VERTEX_POINT('',#3524);
#1093=VERTEX_POINT('',#3526);
#1094=VERTEX_POINT('',#3528);
#1095=VERTEX_POINT('',#3530);
#1096=VERTEX_POINT('',#3532);
#1097=VERTEX_POINT('',#3534);
#1098=VERTEX_POINT('',#3536);
#1099=VERTEX_POINT('',#3538);
#1100=VERTEX_POINT('',#3540);
#1101=VERTEX_POINT('',#3542);
#1102=VERTEX_POINT('',#3544);
#1103=VERTEX_POINT('',#3546);
#1104=VERTEX_POINT('',#3548);
#1105=VERTEX_POINT('',#3550);
#1106=VERTEX_POINT('',#3552);
#1107=VERTEX_POINT('',#3554);
#1108=VERTEX_POINT('',#3556);
#1109=VERTEX_POINT('',#3558);
#1110=VERTEX_POINT('',#3560);
#1111=VERTEX_POINT('',#3562);
#1112=VERTEX_POINT('',#3564);
#1113=VERTEX_POINT('',#3566);
#1114=VERTEX_POINT('',#3568);
#1115=VERTEX_POINT('',#3571);
#1116=VERTEX_POINT('',#3573);
#1117=VERTEX_POINT('',#3575);
#1118=VERTEX_POINT('',#3577);
#1119=VERTEX_POINT('',#3579);
#1120=VERTEX_POINT('',#3581);
#1121=VERTEX_POINT('',#3583);
#1122=VERTEX_POINT('',#3585);
#1123=VERTEX_POINT('',#3587);
#1124=VERTEX_POINT('',#3589);
#1125=VERTEX_POINT('',#3591);
#1126=VERTEX_POINT('',#3593);
#1127=VERTEX_POINT('',#3595);
#1128=VERTEX_POINT('',#3596);
#1129=VERTEX_POINT('',#3598);
#1130=VERTEX_POINT('',#3600);
#1131=VERTEX_POINT('',#3603);
#1132=VERTEX_POINT('',#3604);
#1133=VERTEX_POINT('',#3606);
#1134=VERTEX_POINT('',#3608);
#1135=VERTEX_POINT('',#3611);
#1136=VERTEX_POINT('',#3612);
#1137=VERTEX_POINT('',#3614);
#1138=VERTEX_POINT('',#3616);
#1139=VERTEX_POINT('',#3619);
#1140=VERTEX_POINT('',#3620);
#1141=VERTEX_POINT('',#3622);
#1142=VERTEX_POINT('',#3624);
#1143=VERTEX_POINT('',#3627);
#1144=VERTEX_POINT('',#3628);
#1145=VERTEX_POINT('',#3630);
#1146=VERTEX_POINT('',#3632);
#1147=VERTEX_POINT('',#3636);
#1148=VERTEX_POINT('',#3638);
#1149=VERTEX_POINT('',#3644);
#1150=VERTEX_POINT('',#3646);
#1151=VERTEX_POINT('',#3648);
#1152=VERTEX_POINT('',#3650);
#1153=VERTEX_POINT('',#3654);
#1154=VERTEX_POINT('',#3660);
#1155=VERTEX_POINT('',#3662);
#1156=VERTEX_POINT('',#3664);
#1157=VERTEX_POINT('',#3666);
#1158=VERTEX_POINT('',#3670);
#1159=VERTEX_POINT('',#3672);
#1160=VERTEX_POINT('',#3674);
#1161=VERTEX_POINT('',#3676);
#1162=VERTEX_POINT('',#3678);
#1163=VERTEX_POINT('',#3681);
#1164=VERTEX_POINT('',#3682);
#1165=VERTEX_POINT('',#3684);
#1166=VERTEX_POINT('',#3686);
#1167=VERTEX_POINT('',#3688);
#1168=VERTEX_POINT('',#3690);
#1169=VERTEX_POINT('',#3694);
#1170=VERTEX_POINT('',#3700);
#1171=VERTEX_POINT('',#3701);
#1172=VERTEX_POINT('',#3706);
#1173=VERTEX_POINT('',#3710);
#1174=VERTEX_POINT('',#3716);
#1175=VERTEX_POINT('',#3717);
#1176=VERTEX_POINT('',#3722);
#1177=VERTEX_POINT('',#3726);
#1178=VERTEX_POINT('',#3732);
#1179=VERTEX_POINT('',#3733);
#1180=VERTEX_POINT('',#3738);
#1181=VERTEX_POINT('',#3742);
#1182=VERTEX_POINT('',#3748);
#1183=VERTEX_POINT('',#3749);
#1184=VERTEX_POINT('',#3754);
#1185=VERTEX_POINT('',#3758);
#1186=VERTEX_POINT('',#3764);
#1187=VERTEX_POINT('',#3765);
#1188=VERTEX_POINT('',#3770);
#1189=VERTEX_POINT('',#3774);
#1190=VERTEX_POINT('',#3780);
#1191=VERTEX_POINT('',#3784);
#1192=VERTEX_POINT('',#3788);
#1193=VERTEX_POINT('',#3792);
#1194=VERTEX_POINT('',#3796);
#1195=VERTEX_POINT('',#3800);
#1196=VERTEX_POINT('',#3804);
#1197=VERTEX_POINT('',#3808);
#1198=VERTEX_POINT('',#3812);
#1199=VERTEX_POINT('',#3816);
#1200=VERTEX_POINT('',#3820);
#1201=VERTEX_POINT('',#3824);
#1202=VERTEX_POINT('',#3828);
#1203=VERTEX_POINT('',#3832);
#1204=VERTEX_POINT('',#3836);
#1205=VERTEX_POINT('',#3840);
#1206=VERTEX_POINT('',#3844);
#1207=VERTEX_POINT('',#3848);
#1208=VERTEX_POINT('',#3852);
#1209=VERTEX_POINT('',#3856);
#1210=VERTEX_POINT('',#3860);
#1211=VERTEX_POINT('',#3864);
#1212=VERTEX_POINT('',#3868);
#1213=VERTEX_POINT('',#3872);
#1214=VERTEX_POINT('',#3876);
#1215=VERTEX_POINT('',#3877);
#1216=VERTEX_POINT('',#3879);
#1217=VERTEX_POINT('',#3881);
#1218=VERTEX_POINT('',#3883);
#1219=VERTEX_POINT('',#3885);
#1220=VERTEX_POINT('',#3889);
#1221=VERTEX_POINT('',#3890);
#1222=VERTEX_POINT('',#3892);
#1223=VERTEX_POINT('',#3894);
#1224=VERTEX_POINT('',#3896);
#1225=VERTEX_POINT('',#3898);
#1226=VERTEX_POINT('',#3902);
#1227=VERTEX_POINT('',#3903);
#1228=VERTEX_POINT('',#3908);
#1229=VERTEX_POINT('',#3912);
#1230=VERTEX_POINT('',#3916);
#1231=VERTEX_POINT('',#3920);
#1232=VERTEX_POINT('',#3924);
#1233=VERTEX_POINT('',#3928);
#1234=VERTEX_POINT('',#3932);
#1235=VERTEX_POINT('',#3936);
#1236=VERTEX_POINT('',#3954);
#1237=VERTEX_POINT('',#3958);
#1238=VERTEX_POINT('',#3962);
#1239=VERTEX_POINT('',#3966);
#1240=VERTEX_POINT('',#3970);
#1241=VERTEX_POINT('',#3972);
#1242=VERTEX_POINT('',#3976);
#1243=VERTEX_POINT('',#3980);
#1244=VERTEX_POINT('',#3984);
#1245=VERTEX_POINT('',#3988);
#1246=VERTEX_POINT('',#3994);
#1247=VERTEX_POINT('',#3995);
#1248=VERTEX_POINT('',#3997);
#1249=VERTEX_POINT('',#3999);
#1250=VERTEX_POINT('',#4003);
#1251=VERTEX_POINT('',#4005);
#1252=VERTEX_POINT('',#4010);
#1253=VERTEX_POINT('',#4016);
#1254=VERTEX_POINT('',#4018);
#1255=VERTEX_POINT('',#4024);
#1256=VERTEX_POINT('',#4025);
#1257=VERTEX_POINT('',#4027);
#1258=VERTEX_POINT('',#4029);
#1259=VERTEX_POINT('',#4031);
#1260=VERTEX_POINT('',#4033);
#1261=VERTEX_POINT('',#4037);
#1262=VERTEX_POINT('',#4038);
#1263=VERTEX_POINT('',#4040);
#1264=VERTEX_POINT('',#4042);
#1265=VERTEX_POINT('',#4044);
#1266=VERTEX_POINT('',#4046);
#1267=VERTEX_POINT('',#4050);
#1268=VERTEX_POINT('',#4051);
#1269=VERTEX_POINT('',#4053);
#1270=VERTEX_POINT('',#4055);
#1271=VERTEX_POINT('',#4057);
#1272=VERTEX_POINT('',#4059);
#1273=VERTEX_POINT('',#4061);
#1274=VERTEX_POINT('',#4063);
#1275=VERTEX_POINT('',#4065);
#1276=VERTEX_POINT('',#4067);
#1277=VERTEX_POINT('',#4069);
#1278=VERTEX_POINT('',#4072);
#1279=VERTEX_POINT('',#4074);
#1280=VERTEX_POINT('',#4076);
#1281=VERTEX_POINT('',#4078);
#1282=VERTEX_POINT('',#4081);
#1283=VERTEX_POINT('',#4083);
#1284=VERTEX_POINT('',#4107);
#1285=VERTEX_POINT('',#4109);
#1286=VERTEX_POINT('',#4113);
#1287=VERTEX_POINT('',#4117);
#1288=VERTEX_POINT('',#4121);
#1289=VERTEX_POINT('',#4125);
#1290=VERTEX_POINT('',#4131);
#1291=VERTEX_POINT('',#4133);
#1292=VERTEX_POINT('',#4137);
#1293=VERTEX_POINT('',#4141);
#1294=VERTEX_POINT('',#4145);
#1295=EDGE_CURVE('',#1065,#1066,#977,.T.);
#1296=EDGE_CURVE('',#1066,#1067,#445,.T.);
#1297=EDGE_CURVE('',#1067,#1068,#978,.T.);
#1298=EDGE_CURVE('',#1068,#1069,#446,.T.);
#1299=EDGE_CURVE('',#1069,#1070,#979,.T.);
#1300=EDGE_CURVE('',#1070,#1065,#447,.T.);
#1301=EDGE_CURVE('',#1071,#1069,#448,.T.);
#1302=EDGE_CURVE('',#1072,#1071,#449,.T.);
#1303=EDGE_CURVE('',#1073,#1072,#450,.T.);
#1304=EDGE_CURVE('',#1074,#1073,#451,.T.);
#1305=EDGE_CURVE('',#1075,#1074,#452,.T.);
#1306=EDGE_CURVE('',#1070,#1075,#453,.T.);
#1307=EDGE_CURVE('',#1076,#1077,#454,.T.);
#1308=EDGE_CURVE('',#1078,#1076,#455,.T.);
#1309=EDGE_CURVE('',#1079,#1078,#456,.T.);
#1310=EDGE_CURVE('',#1080,#1079,#457,.T.);
#1311=EDGE_CURVE('',#1081,#1080,#458,.T.);
#1312=EDGE_CURVE('',#1077,#1081,#459,.T.);
#1313=EDGE_CURVE('',#1068,#1082,#460,.T.);
#1314=EDGE_CURVE('',#1082,#1071,#461,.T.);
#1315=EDGE_CURVE('',#1082,#1067,#462,.T.);
#1316=EDGE_CURVE('',#1083,#1084,#980,.T.);
#1317=EDGE_CURVE('',#1084,#1085,#463,.T.);
#1318=EDGE_CURVE('',#1085,#1086,#981,.T.);
#1319=EDGE_CURVE('',#1086,#1087,#464,.T.);
#1320=EDGE_CURVE('',#1087,#1088,#982,.T.);
#1321=EDGE_CURVE('',#1088,#1083,#465,.T.);
#1322=EDGE_CURVE('',#1084,#1065,#466,.T.);
#1323=EDGE_CURVE('',#1083,#1089,#467,.T.);
#1324=EDGE_CURVE('',#1089,#1090,#983,.T.);
#1325=EDGE_CURVE('',#1090,#1091,#468,.T.);
#1326=EDGE_CURVE('',#1091,#1092,#984,.T.);
#1327=EDGE_CURVE('',#1092,#1093,#469,.T.);
#1328=EDGE_CURVE('',#1093,#1094,#985,.T.);
#1329=EDGE_CURVE('',#1094,#1095,#470,.T.);
#1330=EDGE_CURVE('',#1095,#1096,#986,.T.);
#1331=EDGE_CURVE('',#1096,#1097,#471,.T.);
#1332=EDGE_CURVE('',#1097,#1098,#987,.T.);
#1333=EDGE_CURVE('',#1098,#1099,#472,.T.);
#1334=EDGE_CURVE('',#1099,#1100,#473,.T.);
#1335=EDGE_CURVE('',#1101,#1100,#988,.T.);
#1336=EDGE_CURVE('',#1101,#1102,#474,.T.);
#1337=EDGE_CURVE('',#1103,#1102,#989,.T.);
#1338=EDGE_CURVE('',#1104,#1103,#475,.T.);
#1339=EDGE_CURVE('',#1105,#1104,#476,.T.);
#1340=EDGE_CURVE('',#1106,#1105,#990,.T.);
#1341=EDGE_CURVE('',#1107,#1106,#477,.T.);
#1342=EDGE_CURVE('',#1108,#1107,#991,.T.);
#1343=EDGE_CURVE('',#1109,#1108,#478,.T.);
#1344=EDGE_CURVE('',#1110,#1109,#992,.T.);
#1345=EDGE_CURVE('',#1111,#1110,#479,.T.);
#1346=EDGE_CURVE('',#1112,#1111,#993,.T.);
#1347=EDGE_CURVE('',#1113,#1112,#480,.T.);
#1348=EDGE_CURVE('',#1114,#1113,#994,.T.);
#1349=EDGE_CURVE('',#1066,#1114,#481,.T.);
#1350=EDGE_CURVE('',#1115,#1115,#995,.T.);
#1351=EDGE_CURVE('',#1116,#1116,#996,.T.);
#1352=EDGE_CURVE('',#1117,#1117,#997,.T.);
#1353=EDGE_CURVE('',#1118,#1118,#998,.T.);
#1354=EDGE_CURVE('',#1119,#1119,#999,.T.);
#1355=EDGE_CURVE('',#1120,#1120,#1000,.T.);
#1356=EDGE_CURVE('',#1121,#1121,#1001,.T.);
#1357=EDGE_CURVE('',#1122,#1122,#1002,.T.);
#1358=EDGE_CURVE('',#1123,#1123,#1003,.T.);
#1359=EDGE_CURVE('',#1124,#1124,#1004,.T.);
#1360=EDGE_CURVE('',#1125,#1125,#1005,.T.);
#1361=EDGE_CURVE('',#1126,#1126,#1006,.T.);
#1362=EDGE_CURVE('',#1127,#1128,#482,.T.);
#1363=EDGE_CURVE('',#1128,#1129,#1007,.T.);
#1364=EDGE_CURVE('',#1129,#1130,#483,.T.);
#1365=EDGE_CURVE('',#1130,#1127,#1008,.T.);
#1366=EDGE_CURVE('',#1131,#1132,#484,.T.);
#1367=EDGE_CURVE('',#1132,#1133,#1009,.T.);
#1368=EDGE_CURVE('',#1133,#1134,#485,.T.);
#1369=EDGE_CURVE('',#1134,#1131,#1010,.T.);
#1370=EDGE_CURVE('',#1135,#1136,#486,.T.);
#1371=EDGE_CURVE('',#1136,#1137,#1011,.T.);
#1372=EDGE_CURVE('',#1137,#1138,#487,.T.);
#1373=EDGE_CURVE('',#1138,#1135,#1012,.T.);
#1374=EDGE_CURVE('',#1139,#1140,#488,.T.);
#1375=EDGE_CURVE('',#1140,#1141,#1013,.T.);
#1376=EDGE_CURVE('',#1141,#1142,#489,.T.);
#1377=EDGE_CURVE('',#1142,#1139,#1014,.T.);
#1378=EDGE_CURVE('',#1143,#1144,#490,.T.);
#1379=EDGE_CURVE('',#1144,#1145,#1015,.T.);
#1380=EDGE_CURVE('',#1145,#1146,#491,.T.);
#1381=EDGE_CURVE('',#1146,#1143,#1016,.T.);
#1382=EDGE_CURVE('',#1147,#1088,#492,.T.);
#1383=EDGE_CURVE('',#1148,#1147,#493,.T.);
#1384=EDGE_CURVE('',#1148,#1089,#494,.T.);
#1385=EDGE_CURVE('',#1087,#1147,#495,.T.);
#1386=EDGE_CURVE('',#1102,#1149,#496,.T.);
#1387=EDGE_CURVE('',#1149,#1150,#1017,.T.);
#1388=EDGE_CURVE('',#1150,#1151,#497,.T.);
#1389=EDGE_CURVE('',#1151,#1152,#1018,.T.);
#1390=EDGE_CURVE('',#1152,#1103,#498,.T.);
#1391=EDGE_CURVE('',#1152,#1153,#499,.T.);
#1392=EDGE_CURVE('',#1153,#1104,#500,.T.);
#1393=EDGE_CURVE('',#1153,#1151,#501,.T.);
#1394=EDGE_CURVE('',#1100,#1154,#502,.T.);
#1395=EDGE_CURVE('',#1154,#1155,#1019,.T.);
#1396=EDGE_CURVE('',#1155,#1156,#503,.T.);
#1397=EDGE_CURVE('',#1156,#1157,#1020,.T.);
#1398=EDGE_CURVE('',#1157,#1101,#504,.T.);
#1399=EDGE_CURVE('',#1156,#1158,#505,.T.);
#1400=EDGE_CURVE('',#1158,#1159,#506,.T.);
#1401=EDGE_CURVE('',#1159,#1160,#507,.T.);
#1402=EDGE_CURVE('',#1160,#1161,#508,.T.);
#1403=EDGE_CURVE('',#1161,#1162,#509,.T.);
#1404=EDGE_CURVE('',#1162,#1157,#510,.T.);
#1405=EDGE_CURVE('',#1163,#1164,#511,.T.);
#1406=EDGE_CURVE('',#1164,#1165,#512,.T.);
#1407=EDGE_CURVE('',#1165,#1166,#513,.T.);
#1408=EDGE_CURVE('',#1166,#1167,#514,.T.);
#1409=EDGE_CURVE('',#1167,#1168,#515,.T.);
#1410=EDGE_CURVE('',#1168,#1163,#516,.T.);
#1411=EDGE_CURVE('',#1169,#1155,#517,.T.);
#1412=EDGE_CURVE('',#1169,#1158,#518,.T.);
#1413=EDGE_CURVE('',#1154,#1169,#519,.T.);
#1414=EDGE_CURVE('',#1170,#1171,#520,.T.);
#1415=EDGE_CURVE('',#1146,#1170,#521,.T.);
#1416=EDGE_CURVE('',#1145,#1171,#522,.T.);
#1417=EDGE_CURVE('',#1171,#1172,#1021,.T.);
#1418=EDGE_CURVE('',#1144,#1172,#523,.T.);
#1419=EDGE_CURVE('',#1172,#1173,#524,.T.);
#1420=EDGE_CURVE('',#1143,#1173,#525,.T.);
#1421=EDGE_CURVE('',#1173,#1170,#1022,.T.);
#1422=EDGE_CURVE('',#1174,#1175,#526,.T.);
#1423=EDGE_CURVE('',#1142,#1174,#527,.T.);
#1424=EDGE_CURVE('',#1141,#1175,#528,.T.);
#1425=EDGE_CURVE('',#1175,#1176,#1023,.T.);
#1426=EDGE_CURVE('',#1140,#1176,#529,.T.);
#1427=EDGE_CURVE('',#1176,#1177,#530,.T.);
#1428=EDGE_CURVE('',#1139,#1177,#531,.T.);
#1429=EDGE_CURVE('',#1177,#1174,#1024,.T.);
#1430=EDGE_CURVE('',#1178,#1179,#532,.T.);
#1431=EDGE_CURVE('',#1138,#1178,#533,.T.);
#1432=EDGE_CURVE('',#1137,#1179,#534,.T.);
#1433=EDGE_CURVE('',#1179,#1180,#1025,.T.);
#1434=EDGE_CURVE('',#1136,#1180,#535,.T.);
#1435=EDGE_CURVE('',#1180,#1181,#536,.T.);
#1436=EDGE_CURVE('',#1135,#1181,#537,.T.);
#1437=EDGE_CURVE('',#1181,#1178,#1026,.T.);
#1438=EDGE_CURVE('',#1182,#1183,#538,.T.);
#1439=EDGE_CURVE('',#1134,#1182,#539,.T.);
#1440=EDGE_CURVE('',#1133,#1183,#540,.T.);
#1441=EDGE_CURVE('',#1183,#1184,#1027,.T.);
#1442=EDGE_CURVE('',#1132,#1184,#541,.T.);
#1443=EDGE_CURVE('',#1184,#1185,#542,.T.);
#1444=EDGE_CURVE('',#1131,#1185,#543,.T.);
#1445=EDGE_CURVE('',#1185,#1182,#1028,.T.);
#1446=EDGE_CURVE('',#1186,#1187,#544,.T.);
#1447=EDGE_CURVE('',#1130,#1186,#545,.T.);
#1448=EDGE_CURVE('',#1129,#1187,#546,.T.);
#1449=EDGE_CURVE('',#1187,#1188,#1029,.T.);
#1450=EDGE_CURVE('',#1128,#1188,#547,.T.);
#1451=EDGE_CURVE('',#1188,#1189,#548,.T.);
#1452=EDGE_CURVE('',#1127,#1189,#549,.T.);
#1453=EDGE_CURVE('',#1189,#1186,#1030,.T.);
#1454=EDGE_CURVE('',#1190,#1190,#1031,.T.);
#1455=EDGE_CURVE('',#1190,#1115,#550,.T.);
#1456=EDGE_CURVE('',#1190,#1191,#551,.T.);
#1457=EDGE_CURVE('',#1191,#1191,#1032,.T.);
#1458=EDGE_CURVE('',#1126,#1192,#552,.T.);
#1459=EDGE_CURVE('',#1192,#1192,#1033,.T.);
#1460=EDGE_CURVE('',#1192,#1193,#553,.T.);
#1461=EDGE_CURVE('',#1193,#1193,#1034,.T.);
#1462=EDGE_CURVE('',#1116,#1194,#554,.T.);
#1463=EDGE_CURVE('',#1194,#1194,#1035,.T.);
#1464=EDGE_CURVE('',#1194,#1195,#555,.T.);
#1465=EDGE_CURVE('',#1195,#1195,#1036,.T.);
#1466=EDGE_CURVE('',#1125,#1196,#556,.T.);
#1467=EDGE_CURVE('',#1196,#1196,#1037,.T.);
#1468=EDGE_CURVE('',#1196,#1197,#557,.T.);
#1469=EDGE_CURVE('',#1197,#1197,#1038,.T.);
#1470=EDGE_CURVE('',#1117,#1198,#558,.T.);
#1471=EDGE_CURVE('',#1198,#1198,#1039,.T.);
#1472=EDGE_CURVE('',#1198,#1199,#559,.T.);
#1473=EDGE_CURVE('',#1199,#1199,#1040,.T.);
#1474=EDGE_CURVE('',#1124,#1200,#560,.T.);
#1475=EDGE_CURVE('',#1200,#1200,#1041,.T.);
#1476=EDGE_CURVE('',#1200,#1201,#561,.T.);
#1477=EDGE_CURVE('',#1201,#1201,#1042,.T.);
#1478=EDGE_CURVE('',#1118,#1202,#562,.T.);
#1479=EDGE_CURVE('',#1202,#1202,#1043,.T.);
#1480=EDGE_CURVE('',#1202,#1203,#563,.T.);
#1481=EDGE_CURVE('',#1203,#1203,#1044,.T.);
#1482=EDGE_CURVE('',#1123,#1204,#564,.T.);
#1483=EDGE_CURVE('',#1204,#1204,#1045,.T.);
#1484=EDGE_CURVE('',#1204,#1205,#565,.T.);
#1485=EDGE_CURVE('',#1205,#1205,#1046,.T.);
#1486=EDGE_CURVE('',#1119,#1206,#566,.T.);
#1487=EDGE_CURVE('',#1206,#1206,#1047,.T.);
#1488=EDGE_CURVE('',#1206,#1207,#567,.T.);
#1489=EDGE_CURVE('',#1207,#1207,#1048,.T.);
#1490=EDGE_CURVE('',#1208,#1208,#1049,.T.);
#1491=EDGE_CURVE('',#1208,#1122,#568,.T.);
#1492=EDGE_CURVE('',#1208,#1209,#569,.T.);
#1493=EDGE_CURVE('',#1209,#1209,#1050,.T.);
#1494=EDGE_CURVE('',#1120,#1210,#570,.T.);
#1495=EDGE_CURVE('',#1210,#1210,#1051,.T.);
#1496=EDGE_CURVE('',#1210,#1211,#571,.T.);
#1497=EDGE_CURVE('',#1211,#1211,#1052,.T.);
#1498=EDGE_CURVE('',#1121,#1212,#572,.T.);
#1499=EDGE_CURVE('',#1212,#1212,#1053,.T.);
#1500=EDGE_CURVE('',#1212,#1213,#573,.T.);
#1501=EDGE_CURVE('',#1213,#1213,#1054,.T.);
#1502=EDGE_CURVE('',#1214,#1215,#574,.T.);
#1503=EDGE_CURVE('',#1216,#1214,#575,.T.);
#1504=EDGE_CURVE('',#1217,#1216,#576,.T.);
#1505=EDGE_CURVE('',#1218,#1217,#577,.T.);
#1506=EDGE_CURVE('',#1219,#1218,#578,.T.);
#1507=EDGE_CURVE('',#1215,#1219,#579,.T.);
#1508=EDGE_CURVE('',#1220,#1221,#580,.T.);
#1509=EDGE_CURVE('',#1222,#1220,#581,.T.);
#1510=EDGE_CURVE('',#1223,#1222,#582,.T.);
#1511=EDGE_CURVE('',#1224,#1223,#583,.T.);
#1512=EDGE_CURVE('',#1225,#1224,#584,.T.);
#1513=EDGE_CURVE('',#1221,#1225,#585,.T.);
#1514=EDGE_CURVE('',#1226,#1227,#1055,.T.);
#1515=EDGE_CURVE('',#1226,#1106,#586,.T.);
#1516=EDGE_CURVE('',#1227,#1105,#587,.T.);
#1517=EDGE_CURVE('',#1226,#1228,#588,.T.);
#1518=EDGE_CURVE('',#1228,#1107,#589,.T.);
#1519=EDGE_CURVE('',#1228,#1229,#1056,.T.);
#1520=EDGE_CURVE('',#1229,#1108,#590,.T.);
#1521=EDGE_CURVE('',#1230,#1229,#591,.T.);
#1522=EDGE_CURVE('',#1230,#1109,#592,.T.);
#1523=EDGE_CURVE('',#1230,#1231,#1057,.T.);
#1524=EDGE_CURVE('',#1231,#1110,#593,.T.);
#1525=EDGE_CURVE('',#1232,#1231,#594,.T.);
#1526=EDGE_CURVE('',#1232,#1111,#595,.T.);
#1527=EDGE_CURVE('',#1233,#1232,#1058,.T.);
#1528=EDGE_CURVE('',#1233,#1112,#596,.T.);
#1529=EDGE_CURVE('',#1234,#1233,#597,.T.);
#1530=EDGE_CURVE('',#1234,#1113,#598,.T.);
#1531=EDGE_CURVE('',#1235,#1234,#1059,.T.);
#1532=EDGE_CURVE('',#1235,#1114,#599,.T.);
#1533=EDGE_CURVE('',#1235,#1082,#600,.T.);
#1534=EDGE_CURVE('',#1215,#1078,#601,.T.);
#1535=EDGE_CURVE('',#1214,#1076,#602,.T.);
#1536=EDGE_CURVE('',#1219,#1079,#603,.T.);
#1537=EDGE_CURVE('',#1218,#1080,#604,.T.);
#1538=EDGE_CURVE('',#1217,#1081,#605,.T.);
#1539=EDGE_CURVE('',#1216,#1077,#606,.T.);
#1540=EDGE_CURVE('',#1082,#1236,#607,.T.);
#1541=EDGE_CURVE('',#1236,#1072,#608,.T.);
#1542=EDGE_CURVE('',#1236,#1237,#609,.T.);
#1543=EDGE_CURVE('',#1237,#1073,#610,.T.);
#1544=EDGE_CURVE('',#1237,#1238,#611,.T.);
#1545=EDGE_CURVE('',#1238,#1074,#612,.T.);
#1546=EDGE_CURVE('',#1238,#1239,#613,.T.);
#1547=EDGE_CURVE('',#1239,#1075,#614,.T.);
#1548=EDGE_CURVE('',#1221,#1240,#615,.T.);
#1549=EDGE_CURVE('',#1240,#1241,#616,.T.);
#1550=EDGE_CURVE('',#1220,#1241,#617,.T.);
#1551=EDGE_CURVE('',#1225,#1242,#618,.T.);
#1552=EDGE_CURVE('',#1242,#1240,#619,.T.);
#1553=EDGE_CURVE('',#1224,#1243,#620,.T.);
#1554=EDGE_CURVE('',#1243,#1242,#621,.T.);
#1555=EDGE_CURVE('',#1223,#1244,#622,.T.);
#1556=EDGE_CURVE('',#1244,#1243,#623,.T.);
#1557=EDGE_CURVE('',#1222,#1245,#624,.T.);
#1558=EDGE_CURVE('',#1245,#1244,#625,.T.);
#1559=EDGE_CURVE('',#1241,#1245,#626,.T.);
#1560=EDGE_CURVE('',#1246,#1247,#627,.T.);
#1561=EDGE_CURVE('',#1247,#1248,#628,.T.);
#1562=EDGE_CURVE('',#1248,#1249,#629,.T.);
#1563=EDGE_CURVE('',#1246,#1249,#630,.T.);
#1564=EDGE_CURVE('',#1247,#1250,#631,.T.);
#1565=EDGE_CURVE('',#1250,#1251,#632,.T.);
#1566=EDGE_CURVE('',#1251,#1248,#633,.T.);
#1567=EDGE_CURVE('',#1250,#1227,#634,.T.);
#1568=EDGE_CURVE('',#1153,#1252,#635,.T.);
#1569=EDGE_CURVE('',#1252,#1251,#636,.T.);
#1570=EDGE_CURVE('',#1150,#1252,#637,.T.);
#1571=EDGE_CURVE('',#1253,#1246,#638,.T.);
#1572=EDGE_CURVE('',#1249,#1254,#639,.T.);
#1573=EDGE_CURVE('',#1253,#1254,#640,.T.);
#1574=EDGE_CURVE('',#1254,#1149,#641,.T.);
#1575=EDGE_CURVE('',#1255,#1256,#642,.T.);
#1576=EDGE_CURVE('',#1256,#1257,#643,.T.);
#1577=EDGE_CURVE('',#1257,#1258,#644,.T.);
#1578=EDGE_CURVE('',#1258,#1259,#645,.T.);
#1579=EDGE_CURVE('',#1259,#1260,#646,.T.);
#1580=EDGE_CURVE('',#1260,#1255,#647,.T.);
#1581=EDGE_CURVE('',#1261,#1262,#648,.T.);
#1582=EDGE_CURVE('',#1262,#1263,#649,.T.);
#1583=EDGE_CURVE('',#1263,#1264,#650,.T.);
#1584=EDGE_CURVE('',#1264,#1265,#651,.T.);
#1585=EDGE_CURVE('',#1265,#1266,#652,.T.);
#1586=EDGE_CURVE('',#1266,#1261,#653,.T.);
#1587=EDGE_CURVE('',#1267,#1268,#654,.T.);
#1588=EDGE_CURVE('',#1268,#1269,#655,.T.);
#1589=EDGE_CURVE('',#1270,#1269,#1060,.T.);
#1590=EDGE_CURVE('',#1270,#1271,#656,.T.);
#1591=EDGE_CURVE('',#1271,#1272,#1061,.T.);
#1592=EDGE_CURVE('',#1273,#1272,#657,.T.);
#1593=EDGE_CURVE('',#1273,#1274,#1062,.T.);
#1594=EDGE_CURVE('',#1275,#1274,#658,.T.);
#1595=EDGE_CURVE('',#1276,#1275,#1063,.T.);
#1596=EDGE_CURVE('',#1277,#1276,#659,.T.);
#1597=EDGE_CURVE('',#1148,#1277,#1064,.T.);
#1598=EDGE_CURVE('',#1147,#1278,#660,.T.);
#1599=EDGE_CURVE('',#1278,#1279,#661,.T.);
#1600=EDGE_CURVE('',#1279,#1280,#662,.T.);
#1601=EDGE_CURVE('',#1280,#1281,#663,.T.);
#1602=EDGE_CURVE('',#1239,#1281,#664,.T.);
#1603=EDGE_CURVE('',#1253,#1282,#665,.T.);
#1604=EDGE_CURVE('',#1282,#1283,#666,.T.);
#1605=EDGE_CURVE('',#1283,#1267,#667,.T.);
#1606=EDGE_CURVE('',#1169,#1099,#668,.T.);
#1607=EDGE_CURVE('',#1269,#1098,#669,.T.);
#1608=EDGE_CURVE('',#1270,#1097,#670,.T.);
#1609=EDGE_CURVE('',#1271,#1096,#671,.T.);
#1610=EDGE_CURVE('',#1272,#1095,#672,.T.);
#1611=EDGE_CURVE('',#1273,#1094,#673,.T.);
#1612=EDGE_CURVE('',#1274,#1093,#674,.T.);
#1613=EDGE_CURVE('',#1275,#1092,#675,.T.);
#1614=EDGE_CURVE('',#1276,#1091,#676,.T.);
#1615=EDGE_CURVE('',#1277,#1090,#677,.T.);
#1616=EDGE_CURVE('',#1255,#1284,#678,.T.);
#1617=EDGE_CURVE('',#1285,#1284,#679,.T.);
#1618=EDGE_CURVE('',#1256,#1285,#680,.T.);
#1619=EDGE_CURVE('',#1286,#1285,#681,.T.);
#1620=EDGE_CURVE('',#1257,#1286,#682,.T.);
#1621=EDGE_CURVE('',#1287,#1286,#683,.T.);
#1622=EDGE_CURVE('',#1258,#1287,#684,.T.);
#1623=EDGE_CURVE('',#1288,#1287,#685,.T.);
#1624=EDGE_CURVE('',#1259,#1288,#686,.T.);
#1625=EDGE_CURVE('',#1289,#1288,#687,.T.);
#1626=EDGE_CURVE('',#1260,#1289,#688,.T.);
#1627=EDGE_CURVE('',#1284,#1289,#689,.T.);
#1628=EDGE_CURVE('',#1147,#1290,#690,.T.);
#1629=EDGE_CURVE('',#1291,#1290,#691,.T.);
#1630=EDGE_CURVE('',#1278,#1291,#692,.T.);
#1631=EDGE_CURVE('',#1292,#1291,#693,.T.);
#1632=EDGE_CURVE('',#1279,#1292,#694,.T.);
#1633=EDGE_CURVE('',#1293,#1292,#695,.T.);
#1634=EDGE_CURVE('',#1280,#1293,#696,.T.);
#1635=EDGE_CURVE('',#1294,#1293,#697,.T.);
#1636=EDGE_CURVE('',#1281,#1294,#698,.T.);
#1637=EDGE_CURVE('',#1085,#1294,#699,.T.);
#1638=EDGE_CURVE('',#1290,#1086,#700,.T.);
#1639=EDGE_CURVE('',#1261,#1163,#701,.T.);
#1640=EDGE_CURVE('',#1262,#1168,#702,.T.);
#1641=EDGE_CURVE('',#1263,#1167,#703,.T.);
#1642=EDGE_CURVE('',#1264,#1166,#704,.T.);
#1643=EDGE_CURVE('',#1265,#1165,#705,.T.);
#1644=EDGE_CURVE('',#1266,#1164,#706,.T.);
#1645=EDGE_CURVE('',#1283,#1161,#707,.T.);
#1646=EDGE_CURVE('',#1267,#1160,#708,.T.);
#1647=EDGE_CURVE('',#1268,#1159,#709,.T.);
#1648=EDGE_CURVE('',#1282,#1162,#710,.T.);
#1649=ORIENTED_EDGE('',*,*,#1295,.T.);
#1650=ORIENTED_EDGE('',*,*,#1296,.T.);
#1651=ORIENTED_EDGE('',*,*,#1297,.T.);
#1652=ORIENTED_EDGE('',*,*,#1298,.T.);
#1653=ORIENTED_EDGE('',*,*,#1299,.T.);
#1654=ORIENTED_EDGE('',*,*,#1300,.T.);
#1655=ORIENTED_EDGE('',*,*,#1299,.F.);
#1656=ORIENTED_EDGE('',*,*,#1301,.F.);
#1657=ORIENTED_EDGE('',*,*,#1302,.F.);
#1658=ORIENTED_EDGE('',*,*,#1303,.F.);
#1659=ORIENTED_EDGE('',*,*,#1304,.F.);
#1660=ORIENTED_EDGE('',*,*,#1305,.F.);
#1661=ORIENTED_EDGE('',*,*,#1306,.F.);
#1662=ORIENTED_EDGE('',*,*,#1307,.F.);
#1663=ORIENTED_EDGE('',*,*,#1308,.F.);
#1664=ORIENTED_EDGE('',*,*,#1309,.F.);
#1665=ORIENTED_EDGE('',*,*,#1310,.F.);
#1666=ORIENTED_EDGE('',*,*,#1311,.F.);
#1667=ORIENTED_EDGE('',*,*,#1312,.F.);
#1668=ORIENTED_EDGE('',*,*,#1298,.F.);
#1669=ORIENTED_EDGE('',*,*,#1313,.T.);
#1670=ORIENTED_EDGE('',*,*,#1314,.T.);
#1671=ORIENTED_EDGE('',*,*,#1301,.T.);
#1672=ORIENTED_EDGE('',*,*,#1297,.F.);
#1673=ORIENTED_EDGE('',*,*,#1315,.F.);
#1674=ORIENTED_EDGE('',*,*,#1313,.F.);
#1675=ORIENTED_EDGE('',*,*,#1316,.T.);
#1676=ORIENTED_EDGE('',*,*,#1317,.T.);
#1677=ORIENTED_EDGE('',*,*,#1318,.T.);
#1678=ORIENTED_EDGE('',*,*,#1319,.T.);
#1679=ORIENTED_EDGE('',*,*,#1320,.T.);
#1680=ORIENTED_EDGE('',*,*,#1321,.T.);
#1681=ORIENTED_EDGE('',*,*,#1295,.F.);
#1682=ORIENTED_EDGE('',*,*,#1322,.F.);
#1683=ORIENTED_EDGE('',*,*,#1316,.F.);
#1684=ORIENTED_EDGE('',*,*,#1323,.T.);
#1685=ORIENTED_EDGE('',*,*,#1324,.T.);
#1686=ORIENTED_EDGE('',*,*,#1325,.T.);
#1687=ORIENTED_EDGE('',*,*,#1326,.T.);
#1688=ORIENTED_EDGE('',*,*,#1327,.T.);
#1689=ORIENTED_EDGE('',*,*,#1328,.T.);
#1690=ORIENTED_EDGE('',*,*,#1329,.T.);
#1691=ORIENTED_EDGE('',*,*,#1330,.T.);
#1692=ORIENTED_EDGE('',*,*,#1331,.T.);
#1693=ORIENTED_EDGE('',*,*,#1332,.T.);
#1694=ORIENTED_EDGE('',*,*,#1333,.T.);
#1695=ORIENTED_EDGE('',*,*,#1334,.T.);
#1696=ORIENTED_EDGE('',*,*,#1335,.F.);
#1697=ORIENTED_EDGE('',*,*,#1336,.T.);
#1698=ORIENTED_EDGE('',*,*,#1337,.F.);
#1699=ORIENTED_EDGE('',*,*,#1338,.F.);
#1700=ORIENTED_EDGE('',*,*,#1339,.F.);
#1701=ORIENTED_EDGE('',*,*,#1340,.F.);
#1702=ORIENTED_EDGE('',*,*,#1341,.F.);
#1703=ORIENTED_EDGE('',*,*,#1342,.F.);
#1704=ORIENTED_EDGE('',*,*,#1343,.F.);
#1705=ORIENTED_EDGE('',*,*,#1344,.F.);
#1706=ORIENTED_EDGE('',*,*,#1345,.F.);
#1707=ORIENTED_EDGE('',*,*,#1346,.F.);
#1708=ORIENTED_EDGE('',*,*,#1347,.F.);
#1709=ORIENTED_EDGE('',*,*,#1348,.F.);
#1710=ORIENTED_EDGE('',*,*,#1349,.F.);
#1711=ORIENTED_EDGE('',*,*,#1350,.F.);
#1712=ORIENTED_EDGE('',*,*,#1351,.F.);
#1713=ORIENTED_EDGE('',*,*,#1352,.F.);
#1714=ORIENTED_EDGE('',*,*,#1353,.F.);
#1715=ORIENTED_EDGE('',*,*,#1354,.F.);
#1716=ORIENTED_EDGE('',*,*,#1355,.F.);
#1717=ORIENTED_EDGE('',*,*,#1356,.F.);
#1718=ORIENTED_EDGE('',*,*,#1357,.F.);
#1719=ORIENTED_EDGE('',*,*,#1358,.F.);
#1720=ORIENTED_EDGE('',*,*,#1359,.F.);
#1721=ORIENTED_EDGE('',*,*,#1360,.F.);
#1722=ORIENTED_EDGE('',*,*,#1361,.F.);
#1723=ORIENTED_EDGE('',*,*,#1362,.T.);
#1724=ORIENTED_EDGE('',*,*,#1363,.T.);
#1725=ORIENTED_EDGE('',*,*,#1364,.T.);
#1726=ORIENTED_EDGE('',*,*,#1365,.T.);
#1727=ORIENTED_EDGE('',*,*,#1366,.T.);
#1728=ORIENTED_EDGE('',*,*,#1367,.T.);
#1729=ORIENTED_EDGE('',*,*,#1368,.T.);
#1730=ORIENTED_EDGE('',*,*,#1369,.T.);
#1731=ORIENTED_EDGE('',*,*,#1370,.T.);
#1732=ORIENTED_EDGE('',*,*,#1371,.T.);
#1733=ORIENTED_EDGE('',*,*,#1372,.T.);
#1734=ORIENTED_EDGE('',*,*,#1373,.T.);
#1735=ORIENTED_EDGE('',*,*,#1374,.T.);
#1736=ORIENTED_EDGE('',*,*,#1375,.T.);
#1737=ORIENTED_EDGE('',*,*,#1376,.T.);
#1738=ORIENTED_EDGE('',*,*,#1377,.T.);
#1739=ORIENTED_EDGE('',*,*,#1378,.T.);
#1740=ORIENTED_EDGE('',*,*,#1379,.T.);
#1741=ORIENTED_EDGE('',*,*,#1380,.T.);
#1742=ORIENTED_EDGE('',*,*,#1381,.T.);
#1743=ORIENTED_EDGE('',*,*,#1321,.F.);
#1744=ORIENTED_EDGE('',*,*,#1382,.F.);
#1745=ORIENTED_EDGE('',*,*,#1383,.F.);
#1746=ORIENTED_EDGE('',*,*,#1384,.T.);
#1747=ORIENTED_EDGE('',*,*,#1323,.F.);
#1748=ORIENTED_EDGE('',*,*,#1320,.F.);
#1749=ORIENTED_EDGE('',*,*,#1385,.T.);
#1750=ORIENTED_EDGE('',*,*,#1382,.T.);
#1751=ORIENTED_EDGE('',*,*,#1337,.T.);
#1752=ORIENTED_EDGE('',*,*,#1386,.T.);
#1753=ORIENTED_EDGE('',*,*,#1387,.T.);
#1754=ORIENTED_EDGE('',*,*,#1388,.T.);
#1755=ORIENTED_EDGE('',*,*,#1389,.T.);
#1756=ORIENTED_EDGE('',*,*,#1390,.T.);
#1757=ORIENTED_EDGE('',*,*,#1390,.F.);
#1758=ORIENTED_EDGE('',*,*,#1391,.T.);
#1759=ORIENTED_EDGE('',*,*,#1392,.T.);
#1760=ORIENTED_EDGE('',*,*,#1338,.T.);
#1761=ORIENTED_EDGE('',*,*,#1389,.F.);
#1762=ORIENTED_EDGE('',*,*,#1393,.F.);
#1763=ORIENTED_EDGE('',*,*,#1391,.F.);
#1764=ORIENTED_EDGE('',*,*,#1335,.T.);
#1765=ORIENTED_EDGE('',*,*,#1394,.T.);
#1766=ORIENTED_EDGE('',*,*,#1395,.T.);
#1767=ORIENTED_EDGE('',*,*,#1396,.T.);
#1768=ORIENTED_EDGE('',*,*,#1397,.T.);
#1769=ORIENTED_EDGE('',*,*,#1398,.T.);
#1770=ORIENTED_EDGE('',*,*,#1397,.F.);
#1771=ORIENTED_EDGE('',*,*,#1399,.T.);
#1772=ORIENTED_EDGE('',*,*,#1400,.T.);
#1773=ORIENTED_EDGE('',*,*,#1401,.T.);
#1774=ORIENTED_EDGE('',*,*,#1402,.T.);
#1775=ORIENTED_EDGE('',*,*,#1403,.T.);
#1776=ORIENTED_EDGE('',*,*,#1404,.T.);
#1777=ORIENTED_EDGE('',*,*,#1405,.T.);
#1778=ORIENTED_EDGE('',*,*,#1406,.T.);
#1779=ORIENTED_EDGE('',*,*,#1407,.T.);
#1780=ORIENTED_EDGE('',*,*,#1408,.T.);
#1781=ORIENTED_EDGE('',*,*,#1409,.T.);
#1782=ORIENTED_EDGE('',*,*,#1410,.T.);
#1783=ORIENTED_EDGE('',*,*,#1396,.F.);
#1784=ORIENTED_EDGE('',*,*,#1411,.F.);
#1785=ORIENTED_EDGE('',*,*,#1412,.T.);
#1786=ORIENTED_EDGE('',*,*,#1399,.F.);
#1787=ORIENTED_EDGE('',*,*,#1395,.F.);
#1788=ORIENTED_EDGE('',*,*,#1413,.T.);
#1789=ORIENTED_EDGE('',*,*,#1411,.T.);
#1790=ORIENTED_EDGE('',*,*,#1414,.F.);
#1791=ORIENTED_EDGE('',*,*,#1415,.F.);
#1792=ORIENTED_EDGE('',*,*,#1380,.F.);
#1793=ORIENTED_EDGE('',*,*,#1416,.T.);
#1794=ORIENTED_EDGE('',*,*,#1417,.F.);
#1795=ORIENTED_EDGE('',*,*,#1416,.F.);
#1796=ORIENTED_EDGE('',*,*,#1379,.F.);
#1797=ORIENTED_EDGE('',*,*,#1418,.T.);
#1798=ORIENTED_EDGE('',*,*,#1419,.F.);
#1799=ORIENTED_EDGE('',*,*,#1418,.F.);
#1800=ORIENTED_EDGE('',*,*,#1378,.F.);
#1801=ORIENTED_EDGE('',*,*,#1420,.T.);
#1802=ORIENTED_EDGE('',*,*,#1421,.F.);
#1803=ORIENTED_EDGE('',*,*,#1420,.F.);
#1804=ORIENTED_EDGE('',*,*,#1381,.F.);
#1805=ORIENTED_EDGE('',*,*,#1415,.T.);
#1806=ORIENTED_EDGE('',*,*,#1422,.F.);
#1807=ORIENTED_EDGE('',*,*,#1423,.F.);
#1808=ORIENTED_EDGE('',*,*,#1376,.F.);
#1809=ORIENTED_EDGE('',*,*,#1424,.T.);
#1810=ORIENTED_EDGE('',*,*,#1425,.F.);
#1811=ORIENTED_EDGE('',*,*,#1424,.F.);
#1812=ORIENTED_EDGE('',*,*,#1375,.F.);
#1813=ORIENTED_EDGE('',*,*,#1426,.T.);
#1814=ORIENTED_EDGE('',*,*,#1427,.F.);
#1815=ORIENTED_EDGE('',*,*,#1426,.F.);
#1816=ORIENTED_EDGE('',*,*,#1374,.F.);
#1817=ORIENTED_EDGE('',*,*,#1428,.T.);
#1818=ORIENTED_EDGE('',*,*,#1429,.F.);
#1819=ORIENTED_EDGE('',*,*,#1428,.F.);
#1820=ORIENTED_EDGE('',*,*,#1377,.F.);
#1821=ORIENTED_EDGE('',*,*,#1423,.T.);
#1822=ORIENTED_EDGE('',*,*,#1430,.F.);
#1823=ORIENTED_EDGE('',*,*,#1431,.F.);
#1824=ORIENTED_EDGE('',*,*,#1372,.F.);
#1825=ORIENTED_EDGE('',*,*,#1432,.T.);
#1826=ORIENTED_EDGE('',*,*,#1433,.F.);
#1827=ORIENTED_EDGE('',*,*,#1432,.F.);
#1828=ORIENTED_EDGE('',*,*,#1371,.F.);
#1829=ORIENTED_EDGE('',*,*,#1434,.T.);
#1830=ORIENTED_EDGE('',*,*,#1435,.F.);
#1831=ORIENTED_EDGE('',*,*,#1434,.F.);
#1832=ORIENTED_EDGE('',*,*,#1370,.F.);
#1833=ORIENTED_EDGE('',*,*,#1436,.T.);
#1834=ORIENTED_EDGE('',*,*,#1437,.F.);
#1835=ORIENTED_EDGE('',*,*,#1436,.F.);
#1836=ORIENTED_EDGE('',*,*,#1373,.F.);
#1837=ORIENTED_EDGE('',*,*,#1431,.T.);
#1838=ORIENTED_EDGE('',*,*,#1438,.F.);
#1839=ORIENTED_EDGE('',*,*,#1439,.F.);
#1840=ORIENTED_EDGE('',*,*,#1368,.F.);
#1841=ORIENTED_EDGE('',*,*,#1440,.T.);
#1842=ORIENTED_EDGE('',*,*,#1441,.F.);
#1843=ORIENTED_EDGE('',*,*,#1440,.F.);
#1844=ORIENTED_EDGE('',*,*,#1367,.F.);
#1845=ORIENTED_EDGE('',*,*,#1442,.T.);
#1846=ORIENTED_EDGE('',*,*,#1443,.F.);
#1847=ORIENTED_EDGE('',*,*,#1442,.F.);
#1848=ORIENTED_EDGE('',*,*,#1366,.F.);
#1849=ORIENTED_EDGE('',*,*,#1444,.T.);
#1850=ORIENTED_EDGE('',*,*,#1445,.F.);
#1851=ORIENTED_EDGE('',*,*,#1444,.F.);
#1852=ORIENTED_EDGE('',*,*,#1369,.F.);
#1853=ORIENTED_EDGE('',*,*,#1439,.T.);
#1854=ORIENTED_EDGE('',*,*,#1446,.F.);
#1855=ORIENTED_EDGE('',*,*,#1447,.F.);
#1856=ORIENTED_EDGE('',*,*,#1364,.F.);
#1857=ORIENTED_EDGE('',*,*,#1448,.T.);
#1858=ORIENTED_EDGE('',*,*,#1449,.F.);
#1859=ORIENTED_EDGE('',*,*,#1448,.F.);
#1860=ORIENTED_EDGE('',*,*,#1363,.F.);
#1861=ORIENTED_EDGE('',*,*,#1450,.T.);
#1862=ORIENTED_EDGE('',*,*,#1451,.F.);
#1863=ORIENTED_EDGE('',*,*,#1450,.F.);
#1864=ORIENTED_EDGE('',*,*,#1362,.F.);
#1865=ORIENTED_EDGE('',*,*,#1452,.T.);
#1866=ORIENTED_EDGE('',*,*,#1453,.F.);
#1867=ORIENTED_EDGE('',*,*,#1452,.F.);
#1868=ORIENTED_EDGE('',*,*,#1365,.F.);
#1869=ORIENTED_EDGE('',*,*,#1447,.T.);
#1870=ORIENTED_EDGE('',*,*,#1454,.T.);
#1871=ORIENTED_EDGE('',*,*,#1455,.T.);
#1872=ORIENTED_EDGE('',*,*,#1350,.T.);
#1873=ORIENTED_EDGE('',*,*,#1455,.F.);
#1874=ORIENTED_EDGE('',*,*,#1454,.F.);
#1875=ORIENTED_EDGE('',*,*,#1456,.T.);
#1876=ORIENTED_EDGE('',*,*,#1457,.F.);
#1877=ORIENTED_EDGE('',*,*,#1456,.F.);
#1878=ORIENTED_EDGE('',*,*,#1361,.T.);
#1879=ORIENTED_EDGE('',*,*,#1458,.T.);
#1880=ORIENTED_EDGE('',*,*,#1459,.T.);
#1881=ORIENTED_EDGE('',*,*,#1458,.F.);
#1882=ORIENTED_EDGE('',*,*,#1459,.F.);
#1883=ORIENTED_EDGE('',*,*,#1460,.T.);
#1884=ORIENTED_EDGE('',*,*,#1461,.T.);
#1885=ORIENTED_EDGE('',*,*,#1460,.F.);
#1886=ORIENTED_EDGE('',*,*,#1351,.T.);
#1887=ORIENTED_EDGE('',*,*,#1462,.T.);
#1888=ORIENTED_EDGE('',*,*,#1463,.T.);
#1889=ORIENTED_EDGE('',*,*,#1462,.F.);
#1890=ORIENTED_EDGE('',*,*,#1463,.F.);
#1891=ORIENTED_EDGE('',*,*,#1464,.T.);
#1892=ORIENTED_EDGE('',*,*,#1465,.F.);
#1893=ORIENTED_EDGE('',*,*,#1464,.F.);
#1894=ORIENTED_EDGE('',*,*,#1360,.T.);
#1895=ORIENTED_EDGE('',*,*,#1466,.T.);
#1896=ORIENTED_EDGE('',*,*,#1467,.T.);
#1897=ORIENTED_EDGE('',*,*,#1466,.F.);
#1898=ORIENTED_EDGE('',*,*,#1467,.F.);
#1899=ORIENTED_EDGE('',*,*,#1468,.T.);
#1900=ORIENTED_EDGE('',*,*,#1469,.F.);
#1901=ORIENTED_EDGE('',*,*,#1468,.F.);
#1902=ORIENTED_EDGE('',*,*,#1352,.T.);
#1903=ORIENTED_EDGE('',*,*,#1470,.T.);
#1904=ORIENTED_EDGE('',*,*,#1471,.T.);
#1905=ORIENTED_EDGE('',*,*,#1470,.F.);
#1906=ORIENTED_EDGE('',*,*,#1471,.F.);
#1907=ORIENTED_EDGE('',*,*,#1472,.T.);
#1908=ORIENTED_EDGE('',*,*,#1473,.F.);
#1909=ORIENTED_EDGE('',*,*,#1472,.F.);
#1910=ORIENTED_EDGE('',*,*,#1359,.T.);
#1911=ORIENTED_EDGE('',*,*,#1474,.T.);
#1912=ORIENTED_EDGE('',*,*,#1475,.T.);
#1913=ORIENTED_EDGE('',*,*,#1474,.F.);
#1914=ORIENTED_EDGE('',*,*,#1475,.F.);
#1915=ORIENTED_EDGE('',*,*,#1476,.T.);
#1916=ORIENTED_EDGE('',*,*,#1477,.T.);
#1917=ORIENTED_EDGE('',*,*,#1476,.F.);
#1918=ORIENTED_EDGE('',*,*,#1353,.T.);
#1919=ORIENTED_EDGE('',*,*,#1478,.T.);
#1920=ORIENTED_EDGE('',*,*,#1479,.T.);
#1921=ORIENTED_EDGE('',*,*,#1478,.F.);
#1922=ORIENTED_EDGE('',*,*,#1479,.F.);
#1923=ORIENTED_EDGE('',*,*,#1480,.T.);
#1924=ORIENTED_EDGE('',*,*,#1481,.F.);
#1925=ORIENTED_EDGE('',*,*,#1480,.F.);
#1926=ORIENTED_EDGE('',*,*,#1358,.T.);
#1927=ORIENTED_EDGE('',*,*,#1482,.T.);
#1928=ORIENTED_EDGE('',*,*,#1483,.T.);
#1929=ORIENTED_EDGE('',*,*,#1482,.F.);
#1930=ORIENTED_EDGE('',*,*,#1483,.F.);
#1931=ORIENTED_EDGE('',*,*,#1484,.T.);
#1932=ORIENTED_EDGE('',*,*,#1485,.F.);
#1933=ORIENTED_EDGE('',*,*,#1484,.F.);
#1934=ORIENTED_EDGE('',*,*,#1354,.T.);
#1935=ORIENTED_EDGE('',*,*,#1486,.T.);
#1936=ORIENTED_EDGE('',*,*,#1487,.T.);
#1937=ORIENTED_EDGE('',*,*,#1486,.F.);
#1938=ORIENTED_EDGE('',*,*,#1487,.F.);
#1939=ORIENTED_EDGE('',*,*,#1488,.T.);
#1940=ORIENTED_EDGE('',*,*,#1489,.F.);
#1941=ORIENTED_EDGE('',*,*,#1488,.F.);
#1942=ORIENTED_EDGE('',*,*,#1490,.T.);
#1943=ORIENTED_EDGE('',*,*,#1491,.T.);
#1944=ORIENTED_EDGE('',*,*,#1357,.T.);
#1945=ORIENTED_EDGE('',*,*,#1491,.F.);
#1946=ORIENTED_EDGE('',*,*,#1490,.F.);
#1947=ORIENTED_EDGE('',*,*,#1492,.T.);
#1948=ORIENTED_EDGE('',*,*,#1493,.F.);
#1949=ORIENTED_EDGE('',*,*,#1492,.F.);
#1950=ORIENTED_EDGE('',*,*,#1355,.T.);
#1951=ORIENTED_EDGE('',*,*,#1494,.T.);
#1952=ORIENTED_EDGE('',*,*,#1495,.T.);
#1953=ORIENTED_EDGE('',*,*,#1494,.F.);
#1954=ORIENTED_EDGE('',*,*,#1495,.F.);
#1955=ORIENTED_EDGE('',*,*,#1496,.T.);
#1956=ORIENTED_EDGE('',*,*,#1497,.F.);
#1957=ORIENTED_EDGE('',*,*,#1496,.F.);
#1958=ORIENTED_EDGE('',*,*,#1356,.T.);
#1959=ORIENTED_EDGE('',*,*,#1498,.T.);
#1960=ORIENTED_EDGE('',*,*,#1499,.T.);
#1961=ORIENTED_EDGE('',*,*,#1498,.F.);
#1962=ORIENTED_EDGE('',*,*,#1499,.F.);
#1963=ORIENTED_EDGE('',*,*,#1500,.T.);
#1964=ORIENTED_EDGE('',*,*,#1501,.F.);
#1965=ORIENTED_EDGE('',*,*,#1500,.F.);
#1966=ORIENTED_EDGE('',*,*,#1502,.F.);
#1967=ORIENTED_EDGE('',*,*,#1503,.F.);
#1968=ORIENTED_EDGE('',*,*,#1504,.F.);
#1969=ORIENTED_EDGE('',*,*,#1505,.F.);
#1970=ORIENTED_EDGE('',*,*,#1506,.F.);
#1971=ORIENTED_EDGE('',*,*,#1507,.F.);
#1972=ORIENTED_EDGE('',*,*,#1457,.T.);
#1973=ORIENTED_EDGE('',*,*,#1508,.F.);
#1974=ORIENTED_EDGE('',*,*,#1509,.F.);
#1975=ORIENTED_EDGE('',*,*,#1510,.F.);
#1976=ORIENTED_EDGE('',*,*,#1511,.F.);
#1977=ORIENTED_EDGE('',*,*,#1512,.F.);
#1978=ORIENTED_EDGE('',*,*,#1513,.F.);
#1979=ORIENTED_EDGE('',*,*,#1493,.T.);
#1980=ORIENTED_EDGE('',*,*,#1514,.F.);
#1981=ORIENTED_EDGE('',*,*,#1515,.T.);
#1982=ORIENTED_EDGE('',*,*,#1340,.T.);
#1983=ORIENTED_EDGE('',*,*,#1516,.F.);
#1984=ORIENTED_EDGE('',*,*,#1517,.T.);
#1985=ORIENTED_EDGE('',*,*,#1518,.T.);
#1986=ORIENTED_EDGE('',*,*,#1341,.T.);
#1987=ORIENTED_EDGE('',*,*,#1515,.F.);
#1988=ORIENTED_EDGE('',*,*,#1519,.T.);
#1989=ORIENTED_EDGE('',*,*,#1520,.T.);
#1990=ORIENTED_EDGE('',*,*,#1342,.T.);
#1991=ORIENTED_EDGE('',*,*,#1518,.F.);
#1992=ORIENTED_EDGE('',*,*,#1521,.F.);
#1993=ORIENTED_EDGE('',*,*,#1522,.T.);
#1994=ORIENTED_EDGE('',*,*,#1343,.T.);
#1995=ORIENTED_EDGE('',*,*,#1520,.F.);
#1996=ORIENTED_EDGE('',*,*,#1523,.T.);
#1997=ORIENTED_EDGE('',*,*,#1524,.T.);
#1998=ORIENTED_EDGE('',*,*,#1344,.T.);
#1999=ORIENTED_EDGE('',*,*,#1522,.F.);
#2000=ORIENTED_EDGE('',*,*,#1525,.F.);
#2001=ORIENTED_EDGE('',*,*,#1526,.T.);
#2002=ORIENTED_EDGE('',*,*,#1345,.T.);
#2003=ORIENTED_EDGE('',*,*,#1524,.F.);
#2004=ORIENTED_EDGE('',*,*,#1527,.F.);
#2005=ORIENTED_EDGE('',*,*,#1528,.T.);
#2006=ORIENTED_EDGE('',*,*,#1346,.T.);
#2007=ORIENTED_EDGE('',*,*,#1526,.F.);
#2008=ORIENTED_EDGE('',*,*,#1529,.F.);
#2009=ORIENTED_EDGE('',*,*,#1530,.T.);
#2010=ORIENTED_EDGE('',*,*,#1347,.T.);
#2011=ORIENTED_EDGE('',*,*,#1528,.F.);
#2012=ORIENTED_EDGE('',*,*,#1531,.F.);
#2013=ORIENTED_EDGE('',*,*,#1532,.T.);
#2014=ORIENTED_EDGE('',*,*,#1348,.T.);
#2015=ORIENTED_EDGE('',*,*,#1530,.F.);
#2016=ORIENTED_EDGE('',*,*,#1296,.F.);
#2017=ORIENTED_EDGE('',*,*,#1349,.T.);
#2018=ORIENTED_EDGE('',*,*,#1532,.F.);
#2019=ORIENTED_EDGE('',*,*,#1533,.T.);
#2020=ORIENTED_EDGE('',*,*,#1315,.T.);
#2021=ORIENTED_EDGE('',*,*,#1502,.T.);
#2022=ORIENTED_EDGE('',*,*,#1534,.T.);
#2023=ORIENTED_EDGE('',*,*,#1308,.T.);
#2024=ORIENTED_EDGE('',*,*,#1535,.F.);
#2025=ORIENTED_EDGE('',*,*,#1507,.T.);
#2026=ORIENTED_EDGE('',*,*,#1536,.T.);
#2027=ORIENTED_EDGE('',*,*,#1309,.T.);
#2028=ORIENTED_EDGE('',*,*,#1534,.F.);
#2029=ORIENTED_EDGE('',*,*,#1506,.T.);
#2030=ORIENTED_EDGE('',*,*,#1537,.T.);
#2031=ORIENTED_EDGE('',*,*,#1310,.T.);
#2032=ORIENTED_EDGE('',*,*,#1536,.F.);
#2033=ORIENTED_EDGE('',*,*,#1505,.T.);
#2034=ORIENTED_EDGE('',*,*,#1538,.T.);
#2035=ORIENTED_EDGE('',*,*,#1311,.T.);
#2036=ORIENTED_EDGE('',*,*,#1537,.F.);
#2037=ORIENTED_EDGE('',*,*,#1504,.T.);
#2038=ORIENTED_EDGE('',*,*,#1539,.T.);
#2039=ORIENTED_EDGE('',*,*,#1312,.T.);
#2040=ORIENTED_EDGE('',*,*,#1538,.F.);
#2041=ORIENTED_EDGE('',*,*,#1503,.T.);
#2042=ORIENTED_EDGE('',*,*,#1535,.T.);
#2043=ORIENTED_EDGE('',*,*,#1307,.T.);
#2044=ORIENTED_EDGE('',*,*,#1539,.F.);
#2045=ORIENTED_EDGE('',*,*,#1540,.T.);
#2046=ORIENTED_EDGE('',*,*,#1541,.T.);
#2047=ORIENTED_EDGE('',*,*,#1302,.T.);
#2048=ORIENTED_EDGE('',*,*,#1314,.F.);
#2049=ORIENTED_EDGE('',*,*,#1542,.T.);
#2050=ORIENTED_EDGE('',*,*,#1543,.T.);
#2051=ORIENTED_EDGE('',*,*,#1303,.T.);
#2052=ORIENTED_EDGE('',*,*,#1541,.F.);
#2053=ORIENTED_EDGE('',*,*,#1544,.T.);
#2054=ORIENTED_EDGE('',*,*,#1545,.T.);
#2055=ORIENTED_EDGE('',*,*,#1304,.T.);
#2056=ORIENTED_EDGE('',*,*,#1543,.F.);
#2057=ORIENTED_EDGE('',*,*,#1546,.T.);
#2058=ORIENTED_EDGE('',*,*,#1547,.T.);
#2059=ORIENTED_EDGE('',*,*,#1305,.T.);
#2060=ORIENTED_EDGE('',*,*,#1545,.F.);
#2061=ORIENTED_EDGE('',*,*,#1508,.T.);
#2062=ORIENTED_EDGE('',*,*,#1548,.T.);
#2063=ORIENTED_EDGE('',*,*,#1549,.T.);
#2064=ORIENTED_EDGE('',*,*,#1550,.F.);
#2065=ORIENTED_EDGE('',*,*,#1513,.T.);
#2066=ORIENTED_EDGE('',*,*,#1551,.T.);
#2067=ORIENTED_EDGE('',*,*,#1552,.T.);
#2068=ORIENTED_EDGE('',*,*,#1548,.F.);
#2069=ORIENTED_EDGE('',*,*,#1512,.T.);
#2070=ORIENTED_EDGE('',*,*,#1553,.T.);
#2071=ORIENTED_EDGE('',*,*,#1554,.T.);
#2072=ORIENTED_EDGE('',*,*,#1551,.F.);
#2073=ORIENTED_EDGE('',*,*,#1511,.T.);
#2074=ORIENTED_EDGE('',*,*,#1555,.T.);
#2075=ORIENTED_EDGE('',*,*,#1556,.T.);
#2076=ORIENTED_EDGE('',*,*,#1553,.F.);
#2077=ORIENTED_EDGE('',*,*,#1510,.T.);
#2078=ORIENTED_EDGE('',*,*,#1557,.T.);
#2079=ORIENTED_EDGE('',*,*,#1558,.T.);
#2080=ORIENTED_EDGE('',*,*,#1555,.F.);
#2081=ORIENTED_EDGE('',*,*,#1509,.T.);
#2082=ORIENTED_EDGE('',*,*,#1550,.T.);
#2083=ORIENTED_EDGE('',*,*,#1559,.T.);
#2084=ORIENTED_EDGE('',*,*,#1557,.F.);
#2085=ORIENTED_EDGE('',*,*,#1560,.T.);
#2086=ORIENTED_EDGE('',*,*,#1561,.T.);
#2087=ORIENTED_EDGE('',*,*,#1562,.T.);
#2088=ORIENTED_EDGE('',*,*,#1563,.F.);
#2089=ORIENTED_EDGE('',*,*,#1564,.T.);
#2090=ORIENTED_EDGE('',*,*,#1565,.T.);
#2091=ORIENTED_EDGE('',*,*,#1566,.T.);
#2092=ORIENTED_EDGE('',*,*,#1561,.F.);
#2093=ORIENTED_EDGE('',*,*,#1565,.F.);
#2094=ORIENTED_EDGE('',*,*,#1567,.T.);
#2095=ORIENTED_EDGE('',*,*,#1516,.T.);
#2096=ORIENTED_EDGE('',*,*,#1339,.T.);
#2097=ORIENTED_EDGE('',*,*,#1392,.F.);
#2098=ORIENTED_EDGE('',*,*,#1568,.T.);
#2099=ORIENTED_EDGE('',*,*,#1569,.T.);
#2100=ORIENTED_EDGE('',*,*,#1388,.F.);
#2101=ORIENTED_EDGE('',*,*,#1570,.T.);
#2102=ORIENTED_EDGE('',*,*,#1568,.F.);
#2103=ORIENTED_EDGE('',*,*,#1393,.T.);
#2104=ORIENTED_EDGE('',*,*,#1571,.T.);
#2105=ORIENTED_EDGE('',*,*,#1563,.T.);
#2106=ORIENTED_EDGE('',*,*,#1572,.T.);
#2107=ORIENTED_EDGE('',*,*,#1573,.F.);
#2108=ORIENTED_EDGE('',*,*,#1387,.F.);
#2109=ORIENTED_EDGE('',*,*,#1574,.F.);
#2110=ORIENTED_EDGE('',*,*,#1572,.F.);
#2111=ORIENTED_EDGE('',*,*,#1562,.F.);
#2112=ORIENTED_EDGE('',*,*,#1566,.F.);
#2113=ORIENTED_EDGE('',*,*,#1569,.F.);
#2114=ORIENTED_EDGE('',*,*,#1570,.F.);
#2115=ORIENTED_EDGE('',*,*,#1559,.F.);
#2116=ORIENTED_EDGE('',*,*,#1549,.F.);
#2117=ORIENTED_EDGE('',*,*,#1552,.F.);
#2118=ORIENTED_EDGE('',*,*,#1554,.F.);
#2119=ORIENTED_EDGE('',*,*,#1556,.F.);
#2120=ORIENTED_EDGE('',*,*,#1558,.F.);
#2121=ORIENTED_EDGE('',*,*,#1575,.T.);
#2122=ORIENTED_EDGE('',*,*,#1576,.T.);
#2123=ORIENTED_EDGE('',*,*,#1577,.T.);
#2124=ORIENTED_EDGE('',*,*,#1578,.T.);
#2125=ORIENTED_EDGE('',*,*,#1579,.T.);
#2126=ORIENTED_EDGE('',*,*,#1580,.T.);
#2127=ORIENTED_EDGE('',*,*,#1461,.F.);
#2128=ORIENTED_EDGE('',*,*,#1581,.T.);
#2129=ORIENTED_EDGE('',*,*,#1582,.T.);
#2130=ORIENTED_EDGE('',*,*,#1583,.T.);
#2131=ORIENTED_EDGE('',*,*,#1584,.T.);
#2132=ORIENTED_EDGE('',*,*,#1585,.T.);
#2133=ORIENTED_EDGE('',*,*,#1586,.T.);
#2134=ORIENTED_EDGE('',*,*,#1477,.F.);
#2135=ORIENTED_EDGE('',*,*,#1587,.T.);
#2136=ORIENTED_EDGE('',*,*,#1588,.T.);
#2137=ORIENTED_EDGE('',*,*,#1589,.F.);
#2138=ORIENTED_EDGE('',*,*,#1590,.T.);
#2139=ORIENTED_EDGE('',*,*,#1591,.T.);
#2140=ORIENTED_EDGE('',*,*,#1592,.F.);
#2141=ORIENTED_EDGE('',*,*,#1593,.T.);
#2142=ORIENTED_EDGE('',*,*,#1594,.F.);
#2143=ORIENTED_EDGE('',*,*,#1595,.F.);
#2144=ORIENTED_EDGE('',*,*,#1596,.F.);
#2145=ORIENTED_EDGE('',*,*,#1597,.F.);
#2146=ORIENTED_EDGE('',*,*,#1383,.T.);
#2147=ORIENTED_EDGE('',*,*,#1598,.T.);
#2148=ORIENTED_EDGE('',*,*,#1599,.T.);
#2149=ORIENTED_EDGE('',*,*,#1600,.T.);
#2150=ORIENTED_EDGE('',*,*,#1601,.T.);
#2151=ORIENTED_EDGE('',*,*,#1602,.F.);
#2152=ORIENTED_EDGE('',*,*,#1546,.F.);
#2153=ORIENTED_EDGE('',*,*,#1544,.F.);
#2154=ORIENTED_EDGE('',*,*,#1542,.F.);
#2155=ORIENTED_EDGE('',*,*,#1540,.F.);
#2156=ORIENTED_EDGE('',*,*,#1533,.F.);
#2157=ORIENTED_EDGE('',*,*,#1531,.T.);
#2158=ORIENTED_EDGE('',*,*,#1529,.T.);
#2159=ORIENTED_EDGE('',*,*,#1527,.T.);
#2160=ORIENTED_EDGE('',*,*,#1525,.T.);
#2161=ORIENTED_EDGE('',*,*,#1523,.F.);
#2162=ORIENTED_EDGE('',*,*,#1521,.T.);
#2163=ORIENTED_EDGE('',*,*,#1519,.F.);
#2164=ORIENTED_EDGE('',*,*,#1517,.F.);
#2165=ORIENTED_EDGE('',*,*,#1514,.T.);
#2166=ORIENTED_EDGE('',*,*,#1567,.F.);
#2167=ORIENTED_EDGE('',*,*,#1564,.F.);
#2168=ORIENTED_EDGE('',*,*,#1560,.F.);
#2169=ORIENTED_EDGE('',*,*,#1571,.F.);
#2170=ORIENTED_EDGE('',*,*,#1603,.T.);
#2171=ORIENTED_EDGE('',*,*,#1604,.T.);
#2172=ORIENTED_EDGE('',*,*,#1605,.T.);
#2173=ORIENTED_EDGE('',*,*,#1481,.T.);
#2174=ORIENTED_EDGE('',*,*,#1497,.T.);
#2175=ORIENTED_EDGE('',*,*,#1489,.T.);
#2176=ORIENTED_EDGE('',*,*,#1469,.T.);
#2177=ORIENTED_EDGE('',*,*,#1473,.T.);
#2178=ORIENTED_EDGE('',*,*,#1501,.T.);
#2179=ORIENTED_EDGE('',*,*,#1485,.T.);
#2180=ORIENTED_EDGE('',*,*,#1465,.T.);
#2181=ORIENTED_EDGE('',*,*,#1451,.T.);
#2182=ORIENTED_EDGE('',*,*,#1453,.T.);
#2183=ORIENTED_EDGE('',*,*,#1446,.T.);
#2184=ORIENTED_EDGE('',*,*,#1449,.T.);
#2185=ORIENTED_EDGE('',*,*,#1443,.T.);
#2186=ORIENTED_EDGE('',*,*,#1445,.T.);
#2187=ORIENTED_EDGE('',*,*,#1438,.T.);
#2188=ORIENTED_EDGE('',*,*,#1441,.T.);
#2189=ORIENTED_EDGE('',*,*,#1435,.T.);
#2190=ORIENTED_EDGE('',*,*,#1437,.T.);
#2191=ORIENTED_EDGE('',*,*,#1430,.T.);
#2192=ORIENTED_EDGE('',*,*,#1433,.T.);
#2193=ORIENTED_EDGE('',*,*,#1427,.T.);
#2194=ORIENTED_EDGE('',*,*,#1429,.T.);
#2195=ORIENTED_EDGE('',*,*,#1422,.T.);
#2196=ORIENTED_EDGE('',*,*,#1425,.T.);
#2197=ORIENTED_EDGE('',*,*,#1419,.T.);
#2198=ORIENTED_EDGE('',*,*,#1421,.T.);
#2199=ORIENTED_EDGE('',*,*,#1414,.T.);
#2200=ORIENTED_EDGE('',*,*,#1417,.T.);
#2201=ORIENTED_EDGE('',*,*,#1394,.F.);
#2202=ORIENTED_EDGE('',*,*,#1334,.F.);
#2203=ORIENTED_EDGE('',*,*,#1606,.F.);
#2204=ORIENTED_EDGE('',*,*,#1413,.F.);
#2205=ORIENTED_EDGE('',*,*,#1589,.T.);
#2206=ORIENTED_EDGE('',*,*,#1607,.T.);
#2207=ORIENTED_EDGE('',*,*,#1332,.F.);
#2208=ORIENTED_EDGE('',*,*,#1608,.F.);
#2209=ORIENTED_EDGE('',*,*,#1590,.F.);
#2210=ORIENTED_EDGE('',*,*,#1608,.T.);
#2211=ORIENTED_EDGE('',*,*,#1331,.F.);
#2212=ORIENTED_EDGE('',*,*,#1609,.F.);
#2213=ORIENTED_EDGE('',*,*,#1591,.F.);
#2214=ORIENTED_EDGE('',*,*,#1609,.T.);
#2215=ORIENTED_EDGE('',*,*,#1330,.F.);
#2216=ORIENTED_EDGE('',*,*,#1610,.F.);
#2217=ORIENTED_EDGE('',*,*,#1592,.T.);
#2218=ORIENTED_EDGE('',*,*,#1610,.T.);
#2219=ORIENTED_EDGE('',*,*,#1329,.F.);
#2220=ORIENTED_EDGE('',*,*,#1611,.F.);
#2221=ORIENTED_EDGE('',*,*,#1593,.F.);
#2222=ORIENTED_EDGE('',*,*,#1611,.T.);
#2223=ORIENTED_EDGE('',*,*,#1328,.F.);
#2224=ORIENTED_EDGE('',*,*,#1612,.F.);
#2225=ORIENTED_EDGE('',*,*,#1594,.T.);
#2226=ORIENTED_EDGE('',*,*,#1612,.T.);
#2227=ORIENTED_EDGE('',*,*,#1327,.F.);
#2228=ORIENTED_EDGE('',*,*,#1613,.F.);
#2229=ORIENTED_EDGE('',*,*,#1595,.T.);
#2230=ORIENTED_EDGE('',*,*,#1613,.T.);
#2231=ORIENTED_EDGE('',*,*,#1326,.F.);
#2232=ORIENTED_EDGE('',*,*,#1614,.F.);
#2233=ORIENTED_EDGE('',*,*,#1596,.T.);
#2234=ORIENTED_EDGE('',*,*,#1614,.T.);
#2235=ORIENTED_EDGE('',*,*,#1325,.F.);
#2236=ORIENTED_EDGE('',*,*,#1615,.F.);
#2237=ORIENTED_EDGE('',*,*,#1597,.T.);
#2238=ORIENTED_EDGE('',*,*,#1615,.T.);
#2239=ORIENTED_EDGE('',*,*,#1324,.F.);
#2240=ORIENTED_EDGE('',*,*,#1384,.F.);
#2241=ORIENTED_EDGE('',*,*,#1575,.F.);
#2242=ORIENTED_EDGE('',*,*,#1616,.T.);
#2243=ORIENTED_EDGE('',*,*,#1617,.F.);
#2244=ORIENTED_EDGE('',*,*,#1618,.F.);
#2245=ORIENTED_EDGE('',*,*,#1576,.F.);
#2246=ORIENTED_EDGE('',*,*,#1618,.T.);
#2247=ORIENTED_EDGE('',*,*,#1619,.F.);
#2248=ORIENTED_EDGE('',*,*,#1620,.F.);
#2249=ORIENTED_EDGE('',*,*,#1577,.F.);
#2250=ORIENTED_EDGE('',*,*,#1620,.T.);
#2251=ORIENTED_EDGE('',*,*,#1621,.F.);
#2252=ORIENTED_EDGE('',*,*,#1622,.F.);
#2253=ORIENTED_EDGE('',*,*,#1578,.F.);
#2254=ORIENTED_EDGE('',*,*,#1622,.T.);
#2255=ORIENTED_EDGE('',*,*,#1623,.F.);
#2256=ORIENTED_EDGE('',*,*,#1624,.F.);
#2257=ORIENTED_EDGE('',*,*,#1579,.F.);
#2258=ORIENTED_EDGE('',*,*,#1624,.T.);
#2259=ORIENTED_EDGE('',*,*,#1625,.F.);
#2260=ORIENTED_EDGE('',*,*,#1626,.F.);
#2261=ORIENTED_EDGE('',*,*,#1580,.F.);
#2262=ORIENTED_EDGE('',*,*,#1626,.T.);
#2263=ORIENTED_EDGE('',*,*,#1627,.F.);
#2264=ORIENTED_EDGE('',*,*,#1616,.F.);
#2265=ORIENTED_EDGE('',*,*,#1598,.F.);
#2266=ORIENTED_EDGE('',*,*,#1628,.T.);
#2267=ORIENTED_EDGE('',*,*,#1629,.F.);
#2268=ORIENTED_EDGE('',*,*,#1630,.F.);
#2269=ORIENTED_EDGE('',*,*,#1599,.F.);
#2270=ORIENTED_EDGE('',*,*,#1630,.T.);
#2271=ORIENTED_EDGE('',*,*,#1631,.F.);
#2272=ORIENTED_EDGE('',*,*,#1632,.F.);
#2273=ORIENTED_EDGE('',*,*,#1600,.F.);
#2274=ORIENTED_EDGE('',*,*,#1632,.T.);
#2275=ORIENTED_EDGE('',*,*,#1633,.F.);
#2276=ORIENTED_EDGE('',*,*,#1634,.F.);
#2277=ORIENTED_EDGE('',*,*,#1601,.F.);
#2278=ORIENTED_EDGE('',*,*,#1634,.T.);
#2279=ORIENTED_EDGE('',*,*,#1635,.F.);
#2280=ORIENTED_EDGE('',*,*,#1636,.F.);
#2281=ORIENTED_EDGE('',*,*,#1300,.F.);
#2282=ORIENTED_EDGE('',*,*,#1306,.T.);
#2283=ORIENTED_EDGE('',*,*,#1547,.F.);
#2284=ORIENTED_EDGE('',*,*,#1602,.T.);
#2285=ORIENTED_EDGE('',*,*,#1636,.T.);
#2286=ORIENTED_EDGE('',*,*,#1637,.F.);
#2287=ORIENTED_EDGE('',*,*,#1317,.F.);
#2288=ORIENTED_EDGE('',*,*,#1322,.T.);
#2289=ORIENTED_EDGE('',*,*,#1319,.F.);
#2290=ORIENTED_EDGE('',*,*,#1638,.F.);
#2291=ORIENTED_EDGE('',*,*,#1628,.F.);
#2292=ORIENTED_EDGE('',*,*,#1385,.F.);
#2293=ORIENTED_EDGE('',*,*,#1318,.F.);
#2294=ORIENTED_EDGE('',*,*,#1637,.T.);
#2295=ORIENTED_EDGE('',*,*,#1635,.T.);
#2296=ORIENTED_EDGE('',*,*,#1633,.T.);
#2297=ORIENTED_EDGE('',*,*,#1631,.T.);
#2298=ORIENTED_EDGE('',*,*,#1629,.T.);
#2299=ORIENTED_EDGE('',*,*,#1638,.T.);
#2300=ORIENTED_EDGE('',*,*,#1627,.T.);
#2301=ORIENTED_EDGE('',*,*,#1625,.T.);
#2302=ORIENTED_EDGE('',*,*,#1623,.T.);
#2303=ORIENTED_EDGE('',*,*,#1621,.T.);
#2304=ORIENTED_EDGE('',*,*,#1619,.T.);
#2305=ORIENTED_EDGE('',*,*,#1617,.T.);
#2306=ORIENTED_EDGE('',*,*,#1581,.F.);
#2307=ORIENTED_EDGE('',*,*,#1639,.T.);
#2308=ORIENTED_EDGE('',*,*,#1410,.F.);
#2309=ORIENTED_EDGE('',*,*,#1640,.F.);
#2310=ORIENTED_EDGE('',*,*,#1582,.F.);
#2311=ORIENTED_EDGE('',*,*,#1640,.T.);
#2312=ORIENTED_EDGE('',*,*,#1409,.F.);
#2313=ORIENTED_EDGE('',*,*,#1641,.F.);
#2314=ORIENTED_EDGE('',*,*,#1583,.F.);
#2315=ORIENTED_EDGE('',*,*,#1641,.T.);
#2316=ORIENTED_EDGE('',*,*,#1408,.F.);
#2317=ORIENTED_EDGE('',*,*,#1642,.F.);
#2318=ORIENTED_EDGE('',*,*,#1584,.F.);
#2319=ORIENTED_EDGE('',*,*,#1642,.T.);
#2320=ORIENTED_EDGE('',*,*,#1407,.F.);
#2321=ORIENTED_EDGE('',*,*,#1643,.F.);
#2322=ORIENTED_EDGE('',*,*,#1585,.F.);
#2323=ORIENTED_EDGE('',*,*,#1643,.T.);
#2324=ORIENTED_EDGE('',*,*,#1406,.F.);
#2325=ORIENTED_EDGE('',*,*,#1644,.F.);
#2326=ORIENTED_EDGE('',*,*,#1586,.F.);
#2327=ORIENTED_EDGE('',*,*,#1644,.T.);
#2328=ORIENTED_EDGE('',*,*,#1405,.F.);
#2329=ORIENTED_EDGE('',*,*,#1639,.F.);
#2330=ORIENTED_EDGE('',*,*,#1605,.F.);
#2331=ORIENTED_EDGE('',*,*,#1645,.T.);
#2332=ORIENTED_EDGE('',*,*,#1402,.F.);
#2333=ORIENTED_EDGE('',*,*,#1646,.F.);
#2334=ORIENTED_EDGE('',*,*,#1587,.F.);
#2335=ORIENTED_EDGE('',*,*,#1646,.T.);
#2336=ORIENTED_EDGE('',*,*,#1401,.F.);
#2337=ORIENTED_EDGE('',*,*,#1647,.F.);
#2338=ORIENTED_EDGE('',*,*,#1647,.T.);
#2339=ORIENTED_EDGE('',*,*,#1400,.F.);
#2340=ORIENTED_EDGE('',*,*,#1412,.F.);
#2341=ORIENTED_EDGE('',*,*,#1606,.T.);
#2342=ORIENTED_EDGE('',*,*,#1333,.F.);
#2343=ORIENTED_EDGE('',*,*,#1607,.F.);
#2344=ORIENTED_EDGE('',*,*,#1588,.F.);
#2345=ORIENTED_EDGE('',*,*,#1386,.F.);
#2346=ORIENTED_EDGE('',*,*,#1336,.F.);
#2347=ORIENTED_EDGE('',*,*,#1398,.F.);
#2348=ORIENTED_EDGE('',*,*,#1404,.F.);
#2349=ORIENTED_EDGE('',*,*,#1648,.F.);
#2350=ORIENTED_EDGE('',*,*,#1603,.F.);
#2351=ORIENTED_EDGE('',*,*,#1573,.T.);
#2352=ORIENTED_EDGE('',*,*,#1574,.T.);
#2353=ORIENTED_EDGE('',*,*,#1604,.F.);
#2354=ORIENTED_EDGE('',*,*,#1648,.T.);
#2355=ORIENTED_EDGE('',*,*,#1403,.F.);
#2356=ORIENTED_EDGE('',*,*,#1645,.F.);
#2357=CYLINDRICAL_SURFACE('',#2537,4.);
#2358=CYLINDRICAL_SURFACE('',#2544,4.);
#2359=CYLINDRICAL_SURFACE('',#2585,4.);
#2360=CYLINDRICAL_SURFACE('',#2590,4.);
#2361=CYLINDRICAL_SURFACE('',#2597,2.);
#2362=CYLINDRICAL_SURFACE('',#2600,2.);
#2363=CYLINDRICAL_SURFACE('',#2603,2.);
#2364=CYLINDRICAL_SURFACE('',#2606,2.);
#2365=CYLINDRICAL_SURFACE('',#2609,2.);
#2366=CYLINDRICAL_SURFACE('',#2612,2.);
#2367=CYLINDRICAL_SURFACE('',#2615,2.);
#2368=CYLINDRICAL_SURFACE('',#2618,2.);
#2369=CYLINDRICAL_SURFACE('',#2621,2.);
#2370=CYLINDRICAL_SURFACE('',#2624,2.);
#2371=CYLINDRICAL_SURFACE('',#2628,1.5);
#2372=CYLINDRICAL_SURFACE('',#2632,1.5);
#2373=CYLINDRICAL_SURFACE('',#2636,1.4986);
#2374=CYLINDRICAL_SURFACE('',#2640,1.4986);
#2375=CYLINDRICAL_SURFACE('',#2644,1.5);
#2376=CYLINDRICAL_SURFACE('',#2648,1.5);
#2377=CYLINDRICAL_SURFACE('',#2652,1.5);
#2378=CYLINDRICAL_SURFACE('',#2656,1.5);
#2379=CYLINDRICAL_SURFACE('',#2660,1.5);
#2380=CYLINDRICAL_SURFACE('',#2664,1.5);
#2381=CYLINDRICAL_SURFACE('',#2668,1.4986);
#2382=CYLINDRICAL_SURFACE('',#2672,1.4986);
#2383=CYLINDRICAL_SURFACE('',#2676,2.00000000000001);
#2384=CYLINDRICAL_SURFACE('',#2679,1.99999999999999);
#2385=CYLINDRICAL_SURFACE('',#2682,2.);
#2386=CYLINDRICAL_SURFACE('',#2685,1.99999999999999);
#2387=CYLINDRICAL_SURFACE('',#2688,4.99999999999987);
#2388=CYLINDRICAL_SURFACE('',#2722,2.00000000000001);
#2389=CYLINDRICAL_SURFACE('',#2724,1.99999999999999);
#2390=CYLINDRICAL_SURFACE('',#2726,2.);
#2391=CYLINDRICAL_SURFACE('',#2728,1.99999999999999);
#2392=CYLINDRICAL_SURFACE('',#2730,4.99999999999987);
#2393=ADVANCED_FACE('',(#147),#2357,.T.);
#2394=ADVANCED_FACE('',(#148,#27),#65,.F.);
#2395=ADVANCED_FACE('',(#149),#66,.F.);
#2396=ADVANCED_FACE('',(#150),#67,.T.);
#2397=ADVANCED_FACE('',(#151),#2358,.T.);
#2398=ADVANCED_FACE('',(#152,#28,#29,#30,#31,#32,#33,#34,#35,#36,#37,#38,
#39,#40,#41,#42,#43,#44),#68,.T.);
#2399=ADVANCED_FACE('',(#153),#69,.T.);
#2400=ADVANCED_FACE('',(#154),#70,.F.);
#2401=ADVANCED_FACE('',(#155),#2359,.T.);
#2402=ADVANCED_FACE('',(#156),#71,.F.);
#2403=ADVANCED_FACE('',(#157),#72,.T.);
#2404=ADVANCED_FACE('',(#158),#2360,.T.);
#2405=ADVANCED_FACE('',(#159,#45),#73,.T.);
#2406=ADVANCED_FACE('',(#160),#74,.T.);
#2407=ADVANCED_FACE('',(#161),#75,.F.);
#2408=ADVANCED_FACE('',(#162),#76,.F.);
#2409=ADVANCED_FACE('',(#163),#2361,.F.);
#2410=ADVANCED_FACE('',(#164),#77,.F.);
#2411=ADVANCED_FACE('',(#165),#2362,.F.);
#2412=ADVANCED_FACE('',(#166),#78,.F.);
#2413=ADVANCED_FACE('',(#167),#2363,.F.);
#2414=ADVANCED_FACE('',(#168),#79,.F.);
#2415=ADVANCED_FACE('',(#169),#2364,.F.);
#2416=ADVANCED_FACE('',(#170),#80,.F.);
#2417=ADVANCED_FACE('',(#171),#2365,.F.);
#2418=ADVANCED_FACE('',(#172),#81,.F.);
#2419=ADVANCED_FACE('',(#173),#2366,.F.);
#2420=ADVANCED_FACE('',(#174),#82,.F.);
#2421=ADVANCED_FACE('',(#175),#2367,.F.);
#2422=ADVANCED_FACE('',(#176),#83,.F.);
#2423=ADVANCED_FACE('',(#177),#2368,.F.);
#2424=ADVANCED_FACE('',(#178),#84,.F.);
#2425=ADVANCED_FACE('',(#179),#2369,.F.);
#2426=ADVANCED_FACE('',(#180),#85,.F.);
#2427=ADVANCED_FACE('',(#181),#2370,.F.);
#2428=ADVANCED_FACE('',(#182),#15,.F.);
#2429=ADVANCED_FACE('',(#183),#2371,.F.);
#2430=ADVANCED_FACE('',(#184),#16,.F.);
#2431=ADVANCED_FACE('',(#185),#2372,.F.);
#2432=ADVANCED_FACE('',(#186),#17,.F.);
#2433=ADVANCED_FACE('',(#187),#2373,.F.);
#2434=ADVANCED_FACE('',(#188),#18,.F.);
#2435=ADVANCED_FACE('',(#189),#2374,.F.);
#2436=ADVANCED_FACE('',(#190),#19,.F.);
#2437=ADVANCED_FACE('',(#191),#2375,.F.);
#2438=ADVANCED_FACE('',(#192),#20,.F.);
#2439=ADVANCED_FACE('',(#193),#2376,.F.);
#2440=ADVANCED_FACE('',(#194),#21,.F.);
#2441=ADVANCED_FACE('',(#195),#2377,.F.);
#2442=ADVANCED_FACE('',(#196),#22,.F.);
#2443=ADVANCED_FACE('',(#197),#2378,.F.);
#2444=ADVANCED_FACE('',(#198),#23,.F.);
#2445=ADVANCED_FACE('',(#199),#2379,.F.);
#2446=ADVANCED_FACE('',(#200),#24,.F.);
#2447=ADVANCED_FACE('',(#201),#2380,.F.);
#2448=ADVANCED_FACE('',(#202),#25,.F.);
#2449=ADVANCED_FACE('',(#203),#2381,.F.);
#2450=ADVANCED_FACE('',(#204),#26,.F.);
#2451=ADVANCED_FACE('',(#205),#2382,.F.);
#2452=ADVANCED_FACE('',(#206,#46),#86,.T.);
#2453=ADVANCED_FACE('',(#207,#47),#87,.T.);
#2454=ADVANCED_FACE('',(#208),#2383,.T.);
#2455=ADVANCED_FACE('',(#209),#88,.F.);
#2456=ADVANCED_FACE('',(#210),#2384,.F.);
#2457=ADVANCED_FACE('',(#211),#89,.F.);
#2458=ADVANCED_FACE('',(#212),#2385,.F.);
#2459=ADVANCED_FACE('',(#213),#90,.F.);
#2460=ADVANCED_FACE('',(#214),#2386,.T.);
#2461=ADVANCED_FACE('',(#215),#91,.F.);
#2462=ADVANCED_FACE('',(#216),#2387,.T.);
#2463=ADVANCED_FACE('',(#217),#92,.F.);
#2464=ADVANCED_FACE('',(#218),#93,.F.);
#2465=ADVANCED_FACE('',(#219),#94,.F.);
#2466=ADVANCED_FACE('',(#220),#95,.F.);
#2467=ADVANCED_FACE('',(#221),#96,.F.);
#2468=ADVANCED_FACE('',(#222),#97,.F.);
#2469=ADVANCED_FACE('',(#223),#98,.F.);
#2470=ADVANCED_FACE('',(#224),#99,.F.);
#2471=ADVANCED_FACE('',(#225),#100,.F.);
#2472=ADVANCED_FACE('',(#226),#101,.F.);
#2473=ADVANCED_FACE('',(#227),#102,.F.);
#2474=ADVANCED_FACE('',(#228),#103,.F.);
#2475=ADVANCED_FACE('',(#229),#104,.F.);
#2476=ADVANCED_FACE('',(#230),#105,.F.);
#2477=ADVANCED_FACE('',(#231),#106,.F.);
#2478=ADVANCED_FACE('',(#232),#107,.F.);
#2479=ADVANCED_FACE('',(#233),#108,.F.);
#2480=ADVANCED_FACE('',(#234),#109,.F.);
#2481=ADVANCED_FACE('',(#235),#110,.F.);
#2482=ADVANCED_FACE('',(#236),#111,.F.);
#2483=ADVANCED_FACE('',(#237),#112,.F.);
#2484=ADVANCED_FACE('',(#238),#113,.F.);
#2485=ADVANCED_FACE('',(#239,#48),#114,.F.);
#2486=ADVANCED_FACE('',(#240,#49),#115,.F.);
#2487=ADVANCED_FACE('',(#241,#50),#116,.F.);
#2488=ADVANCED_FACE('',(#242,#51,#52,#53,#54,#55,#56,#57,#58,#59,#60,#61,
#62,#63),#117,.F.);
#2489=ADVANCED_FACE('',(#243),#118,.T.);
#2490=ADVANCED_FACE('',(#244),#2388,.T.);
#2491=ADVANCED_FACE('',(#245),#119,.T.);
#2492=ADVANCED_FACE('',(#246),#2389,.F.);
#2493=ADVANCED_FACE('',(#247),#120,.T.);
#2494=ADVANCED_FACE('',(#248),#2390,.F.);
#2495=ADVANCED_FACE('',(#249),#121,.T.);
#2496=ADVANCED_FACE('',(#250),#2391,.T.);
#2497=ADVANCED_FACE('',(#251),#122,.T.);
#2498=ADVANCED_FACE('',(#252),#2392,.T.);
#2499=ADVANCED_FACE('',(#253),#123,.T.);
#2500=ADVANCED_FACE('',(#254),#124,.T.);
#2501=ADVANCED_FACE('',(#255),#125,.T.);
#2502=ADVANCED_FACE('',(#256),#126,.T.);
#2503=ADVANCED_FACE('',(#257),#127,.T.);
#2504=ADVANCED_FACE('',(#258),#128,.T.);
#2505=ADVANCED_FACE('',(#259),#129,.T.);
#2506=ADVANCED_FACE('',(#260),#130,.T.);
#2507=ADVANCED_FACE('',(#261),#131,.T.);
#2508=ADVANCED_FACE('',(#262),#132,.T.);
#2509=ADVANCED_FACE('',(#263),#133,.T.);
#2510=ADVANCED_FACE('',(#264),#134,.T.);
#2511=ADVANCED_FACE('',(#265,#64),#135,.T.);
#2512=ADVANCED_FACE('',(#266),#136,.T.);
#2513=ADVANCED_FACE('',(#267),#137,.T.);
#2514=ADVANCED_FACE('',(#268),#138,.T.);
#2515=ADVANCED_FACE('',(#269),#139,.T.);
#2516=ADVANCED_FACE('',(#270),#140,.T.);
#2517=ADVANCED_FACE('',(#271),#141,.T.);
#2518=ADVANCED_FACE('',(#272),#142,.T.);
#2519=ADVANCED_FACE('',(#273),#143,.T.);
#2520=ADVANCED_FACE('',(#274),#144,.T.);
#2521=ADVANCED_FACE('',(#275),#145,.T.);
#2522=ADVANCED_FACE('',(#276),#146,.T.);
#2523=CLOSED_SHELL('',(#2393,#2394,#2395,#2396,#2397,#2398,#2399,#2400,
#2401,#2402,#2403,#2404,#2405,#2406,#2407,#2408,#2409,#2410,#2411,#2412,
#2413,#2414,#2415,#2416,#2417,#2418,#2419,#2420,#2421,#2422,#2423,#2424,
#2425,#2426,#2427,#2428,#2429,#2430,#2431,#2432,#2433,#2434,#2435,#2436,
#2437,#2438,#2439,#2440,#2441,#2442,#2443,#2444,#2445,#2446,#2447,#2448,
#2449,#2450,#2451,#2452,#2453,#2454,#2455,#2456,#2457,#2458,#2459,#2460,
#2461,#2462,#2463,#2464,#2465,#2466,#2467,#2468,#2469,#2470,#2471,#2472,
#2473,#2474,#2475,#2476,#2477,#2478,#2479,#2480,#2481,#2482,#2483,#2484,
#2485,#2486,#2487,#2488,#2489,#2490,#2491,#2492,#2493,#2494,#2495,#2496,
#2497,#2498,#2499,#2500,#2501,#2502,#2503,#2504,#2505,#2506,#2507,#2508,
#2509,#2510,#2511,#2512,#2513,#2514,#2515,#2516,#2517,#2518,#2519,#2520,
#2521,#2522));
#2524=DERIVED_UNIT_ELEMENT(#2526,1.);
#2525=DERIVED_UNIT_ELEMENT(#4179,-3.);
#2526=(
MASS_UNIT()
NAMED_UNIT(*)
SI_UNIT(.KILO.,.GRAM.)
);
#2527=DERIVED_UNIT((#2524,#2525));
#2528=MEASURE_REPRESENTATION_ITEM('density measure',
POSITIVE_RATIO_MEASURE(7850.),#2527);
#2529=PROPERTY_DEFINITION_REPRESENTATION(#2534,#2531);
#2530=PROPERTY_DEFINITION_REPRESENTATION(#2535,#2532);
#2531=REPRESENTATION('material name',(#2533),#4176);
#2532=REPRESENTATION('density',(#2528),#4176);
#2533=DESCRIPTIVE_REPRESENTATION_ITEM('Acier','Acier');
#2534=PROPERTY_DEFINITION('material property','material name',#4186);
#2535=PROPERTY_DEFINITION('material property','density of part',#4186);
#2536=AXIS2_PLACEMENT_3D('',#3459,#2755,#2756);
#2537=AXIS2_PLACEMENT_3D('',#3460,#2757,#2758);
#2538=AXIS2_PLACEMENT_3D('',#3463,#2759,#2760);
#2539=AXIS2_PLACEMENT_3D('',#3467,#2762,#2763);
#2540=AXIS2_PLACEMENT_3D('',#3471,#2765,#2766);
#2541=AXIS2_PLACEMENT_3D('',#3473,#2768,#2769);
#2542=AXIS2_PLACEMENT_3D('',#3497,#2782,#2783);
#2543=AXIS2_PLACEMENT_3D('',#3501,#2786,#2787);
#2544=AXIS2_PLACEMENT_3D('',#3503,#2789,#2790);
#2545=AXIS2_PLACEMENT_3D('',#3506,#2791,#2792);
#2546=AXIS2_PLACEMENT_3D('',#3510,#2794,#2795);
#2547=AXIS2_PLACEMENT_3D('',#3514,#2797,#2798);
#2548=AXIS2_PLACEMENT_3D('',#3516,#2800,#2801);
#2549=AXIS2_PLACEMENT_3D('',#3521,#2804,#2805);
#2550=AXIS2_PLACEMENT_3D('',#3525,#2807,#2808);
#2551=AXIS2_PLACEMENT_3D('',#3529,#2810,#2811);
#2552=AXIS2_PLACEMENT_3D('',#3533,#2813,#2814);
#2553=AXIS2_PLACEMENT_3D('',#3537,#2816,#2817);
#2554=AXIS2_PLACEMENT_3D('',#3543,#2820,#2821);
#2555=AXIS2_PLACEMENT_3D('',#3547,#2823,#2824);
#2556=AXIS2_PLACEMENT_3D('',#3553,#2827,#2828);
#2557=AXIS2_PLACEMENT_3D('',#3557,#2830,#2831);
#2558=AXIS2_PLACEMENT_3D('',#3561,#2833,#2834);
#2559=AXIS2_PLACEMENT_3D('',#3565,#2836,#2837);
#2560=AXIS2_PLACEMENT_3D('',#3569,#2839,#2840);
#2561=AXIS2_PLACEMENT_3D('',#3572,#2842,#2843);
#2562=AXIS2_PLACEMENT_3D('',#3574,#2844,#2845);
#2563=AXIS2_PLACEMENT_3D('',#3576,#2846,#2847);
#2564=AXIS2_PLACEMENT_3D('',#3578,#2848,#2849);
#2565=AXIS2_PLACEMENT_3D('',#3580,#2850,#2851);
#2566=AXIS2_PLACEMENT_3D('',#3582,#2852,#2853);
#2567=AXIS2_PLACEMENT_3D('',#3584,#2854,#2855);
#2568=AXIS2_PLACEMENT_3D('',#3586,#2856,#2857);
#2569=AXIS2_PLACEMENT_3D('',#3588,#2858,#2859);
#2570=AXIS2_PLACEMENT_3D('',#3590,#2860,#2861);
#2571=AXIS2_PLACEMENT_3D('',#3592,#2862,#2863);
#2572=AXIS2_PLACEMENT_3D('',#3594,#2864,#2865);
#2573=AXIS2_PLACEMENT_3D('',#3599,#2867,#2868);
#2574=AXIS2_PLACEMENT_3D('',#3602,#2870,#2871);
#2575=AXIS2_PLACEMENT_3D('',#3607,#2873,#2874);
#2576=AXIS2_PLACEMENT_3D('',#3610,#2876,#2877);
#2577=AXIS2_PLACEMENT_3D('',#3615,#2879,#2880);
#2578=AXIS2_PLACEMENT_3D('',#3618,#2882,#2883);
#2579=AXIS2_PLACEMENT_3D('',#3623,#2885,#2886);
#2580=AXIS2_PLACEMENT_3D('',#3626,#2888,#2889);
#2581=AXIS2_PLACEMENT_3D('',#3631,#2891,#2892);
#2582=AXIS2_PLACEMENT_3D('',#3634,#2894,#2895);
#2583=AXIS2_PLACEMENT_3D('',#3635,#2896,#2897);
#2584=AXIS2_PLACEMENT_3D('',#3641,#2901,#2902);
#2585=AXIS2_PLACEMENT_3D('',#3643,#2904,#2905);
#2586=AXIS2_PLACEMENT_3D('',#3647,#2907,#2908);
#2587=AXIS2_PLACEMENT_3D('',#3651,#2910,#2911);
#2588=AXIS2_PLACEMENT_3D('',#3653,#2913,#2914);
#2589=AXIS2_PLACEMENT_3D('',#3657,#2917,#2918);
#2590=AXIS2_PLACEMENT_3D('',#3659,#2920,#2921);
#2591=AXIS2_PLACEMENT_3D('',#3663,#2923,#2924);
#2592=AXIS2_PLACEMENT_3D('',#3667,#2926,#2927);
#2593=AXIS2_PLACEMENT_3D('',#3669,#2929,#2930);
#2594=AXIS2_PLACEMENT_3D('',#3693,#2943,#2944);
#2595=AXIS2_PLACEMENT_3D('',#3697,#2947,#2948);
#2596=AXIS2_PLACEMENT_3D('',#3699,#2950,#2951);
#2597=AXIS2_PLACEMENT_3D('',#3705,#2955,#2956);
#2598=AXIS2_PLACEMENT_3D('',#3707,#2957,#2958);
#2599=AXIS2_PLACEMENT_3D('',#3709,#2960,#2961);
#2600=AXIS2_PLACEMENT_3D('',#3713,#2964,#2965);
#2601=AXIS2_PLACEMENT_3D('',#3714,#2966,#2967);
#2602=AXIS2_PLACEMENT_3D('',#3715,#2968,#2969);
#2603=AXIS2_PLACEMENT_3D('',#3721,#2973,#2974);
#2604=AXIS2_PLACEMENT_3D('',#3723,#2975,#2976);
#2605=AXIS2_PLACEMENT_3D('',#3725,#2978,#2979);
#2606=AXIS2_PLACEMENT_3D('',#3729,#2982,#2983);
#2607=AXIS2_PLACEMENT_3D('',#3730,#2984,#2985);
#2608=AXIS2_PLACEMENT_3D('',#3731,#2986,#2987);
#2609=AXIS2_PLACEMENT_3D('',#3737,#2991,#2992);
#2610=AXIS2_PLACEMENT_3D('',#3739,#2993,#2994);
#2611=AXIS2_PLACEMENT_3D('',#3741,#2996,#2997);
#2612=AXIS2_PLACEMENT_3D('',#3745,#3000,#3001);
#2613=AXIS2_PLACEMENT_3D('',#3746,#3002,#3003);
#2614=AXIS2_PLACEMENT_3D('',#3747,#3004,#3005);
#2615=AXIS2_PLACEMENT_3D('',#3753,#3009,#3010);
#2616=AXIS2_PLACEMENT_3D('',#3755,#3011,#3012);
#2617=AXIS2_PLACEMENT_3D('',#3757,#3014,#3015);
#2618=AXIS2_PLACEMENT_3D('',#3761,#3018,#3019);
#2619=AXIS2_PLACEMENT_3D('',#3762,#3020,#3021);
#2620=AXIS2_PLACEMENT_3D('',#3763,#3022,#3023);
#2621=AXIS2_PLACEMENT_3D('',#3769,#3027,#3028);
#2622=AXIS2_PLACEMENT_3D('',#3771,#3029,#3030);
#2623=AXIS2_PLACEMENT_3D('',#3773,#3032,#3033);
#2624=AXIS2_PLACEMENT_3D('',#3777,#3036,#3037);
#2625=AXIS2_PLACEMENT_3D('',#3778,#3038,#3039);
#2626=AXIS2_PLACEMENT_3D('',#3779,#3040,#3041);
#2627=AXIS2_PLACEMENT_3D('',#3781,#3042,#3043);
#2628=AXIS2_PLACEMENT_3D('',#3783,#3045,#3046);
#2629=AXIS2_PLACEMENT_3D('',#3786,#3048,#3049);
#2630=AXIS2_PLACEMENT_3D('',#3787,#3050,#3051);
#2631=AXIS2_PLACEMENT_3D('',#3790,#3053,#3054);
#2632=AXIS2_PLACEMENT_3D('',#3791,#3055,#3056);
#2633=AXIS2_PLACEMENT_3D('',#3794,#3058,#3059);
#2634=AXIS2_PLACEMENT_3D('',#3795,#3060,#3061);
#2635=AXIS2_PLACEMENT_3D('',#3798,#3063,#3064);
#2636=AXIS2_PLACEMENT_3D('',#3799,#3065,#3066);
#2637=AXIS2_PLACEMENT_3D('',#3802,#3068,#3069);
#2638=AXIS2_PLACEMENT_3D('',#3803,#3070,#3071);
#2639=AXIS2_PLACEMENT_3D('',#3806,#3073,#3074);
#2640=AXIS2_PLACEMENT_3D('',#3807,#3075,#3076);
#2641=AXIS2_PLACEMENT_3D('',#3810,#3078,#3079);
#2642=AXIS2_PLACEMENT_3D('',#3811,#3080,#3081);
#2643=AXIS2_PLACEMENT_3D('',#3814,#3083,#3084);
#2644=AXIS2_PLACEMENT_3D('',#3815,#3085,#3086);
#2645=AXIS2_PLACEMENT_3D('',#3818,#3088,#3089);
#2646=AXIS2_PLACEMENT_3D('',#3819,#3090,#3091);
#2647=AXIS2_PLACEMENT_3D('',#3822,#3093,#3094);
#2648=AXIS2_PLACEMENT_3D('',#3823,#3095,#3096);
#2649=AXIS2_PLACEMENT_3D('',#3826,#3098,#3099);
#2650=AXIS2_PLACEMENT_3D('',#3827,#3100,#3101);
#2651=AXIS2_PLACEMENT_3D('',#3830,#3103,#3104);
#2652=AXIS2_PLACEMENT_3D('',#3831,#3105,#3106);
#2653=AXIS2_PLACEMENT_3D('',#3834,#3108,#3109);
#2654=AXIS2_PLACEMENT_3D('',#3835,#3110,#3111);
#2655=AXIS2_PLACEMENT_3D('',#3838,#3113,#3114);
#2656=AXIS2_PLACEMENT_3D('',#3839,#3115,#3116);
#2657=AXIS2_PLACEMENT_3D('',#3842,#3118,#3119);
#2658=AXIS2_PLACEMENT_3D('',#3843,#3120,#3121);
#2659=AXIS2_PLACEMENT_3D('',#3846,#3123,#3124);
#2660=AXIS2_PLACEMENT_3D('',#3847,#3125,#3126);
#2661=AXIS2_PLACEMENT_3D('',#3850,#3128,#3129);
#2662=AXIS2_PLACEMENT_3D('',#3851,#3130,#3131);
#2663=AXIS2_PLACEMENT_3D('',#3853,#3132,#3133);
#2664=AXIS2_PLACEMENT_3D('',#3855,#3135,#3136);
#2665=AXIS2_PLACEMENT_3D('',#3858,#3138,#3139);
#2666=AXIS2_PLACEMENT_3D('',#3859,#3140,#3141);
#2667=AXIS2_PLACEMENT_3D('',#3862,#3143,#3144);
#2668=AXIS2_PLACEMENT_3D('',#3863,#3145,#3146);
#2669=AXIS2_PLACEMENT_3D('',#3866,#3148,#3149);
#2670=AXIS2_PLACEMENT_3D('',#3867,#3150,#3151);
#2671=AXIS2_PLACEMENT_3D('',#3870,#3153,#3154);
#2672=AXIS2_PLACEMENT_3D('',#3871,#3155,#3156);
#2673=AXIS2_PLACEMENT_3D('',#3874,#3158,#3159);
#2674=AXIS2_PLACEMENT_3D('',#3875,#3160,#3161);
#2675=AXIS2_PLACEMENT_3D('',#3888,#3168,#3169);
#2676=AXIS2_PLACEMENT_3D('',#3901,#3176,#3177);
#2677=AXIS2_PLACEMENT_3D('',#3904,#3178,#3179);
#2678=AXIS2_PLACEMENT_3D('',#3907,#3182,#3183);
#2679=AXIS2_PLACEMENT_3D('',#3911,#3186,#3187);
#2680=AXIS2_PLACEMENT_3D('',#3913,#3188,#3189);
#2681=AXIS2_PLACEMENT_3D('',#3915,#3191,#3192);
#2682=AXIS2_PLACEMENT_3D('',#3919,#3195,#3196);
#2683=AXIS2_PLACEMENT_3D('',#3921,#3197,#3198);
#2684=AXIS2_PLACEMENT_3D('',#3923,#3200,#3201);
#2685=AXIS2_PLACEMENT_3D('',#3927,#3204,#3205);
#2686=AXIS2_PLACEMENT_3D('',#3929,#3206,#3207);
#2687=AXIS2_PLACEMENT_3D('',#3931,#3209,#3210);
#2688=AXIS2_PLACEMENT_3D('',#3935,#3213,#3214);
#2689=AXIS2_PLACEMENT_3D('',#3937,#3215,#3216);
#2690=AXIS2_PLACEMENT_3D('',#3939,#3218,#3219);
#2691=AXIS2_PLACEMENT_3D('',#3941,#3221,#3222);
#2692=AXIS2_PLACEMENT_3D('',#3944,#3225,#3226);
#2693=AXIS2_PLACEMENT_3D('',#3946,#3228,#3229);
#2694=AXIS2_PLACEMENT_3D('',#3948,#3231,#3232);
#2695=AXIS2_PLACEMENT_3D('',#3950,#3234,#3235);
#2696=AXIS2_PLACEMENT_3D('',#3952,#3237,#3238);
#2697=AXIS2_PLACEMENT_3D('',#3953,#3239,#3240);
#2698=AXIS2_PLACEMENT_3D('',#3957,#3243,#3244);
#2699=AXIS2_PLACEMENT_3D('',#3961,#3247,#3248);
#2700=AXIS2_PLACEMENT_3D('',#3965,#3251,#3252);
#2701=AXIS2_PLACEMENT_3D('',#3969,#3255,#3256);
#2702=AXIS2_PLACEMENT_3D('',#3975,#3260,#3261);
#2703=AXIS2_PLACEMENT_3D('',#3979,#3264,#3265);
#2704=AXIS2_PLACEMENT_3D('',#3983,#3268,#3269);
#2705=AXIS2_PLACEMENT_3D('',#3987,#3272,#3273);
#2706=AXIS2_PLACEMENT_3D('',#3991,#3276,#3277);
#2707=AXIS2_PLACEMENT_3D('',#3993,#3279,#3280);
#2708=AXIS2_PLACEMENT_3D('',#4002,#3285,#3286);
#2709=AXIS2_PLACEMENT_3D('',#4008,#3290,#3291);
#2710=AXIS2_PLACEMENT_3D('',#4013,#3295,#3296);
#2711=AXIS2_PLACEMENT_3D('',#4015,#3298,#3299);
#2712=AXIS2_PLACEMENT_3D('',#4021,#3303,#3304);
#2713=AXIS2_PLACEMENT_3D('',#4023,#3306,#3307);
#2714=AXIS2_PLACEMENT_3D('',#4036,#3314,#3315);
#2715=AXIS2_PLACEMENT_3D('',#4049,#3322,#3323);
#2716=AXIS2_PLACEMENT_3D('',#4056,#3326,#3327);
#2717=AXIS2_PLACEMENT_3D('',#4060,#3329,#3330);
#2718=AXIS2_PLACEMENT_3D('',#4064,#3332,#3333);
#2719=AXIS2_PLACEMENT_3D('',#4068,#3335,#3336);
#2720=AXIS2_PLACEMENT_3D('',#4071,#3338,#3339);
#2721=AXIS2_PLACEMENT_3D('',#4086,#3348,#3349);
#2722=AXIS2_PLACEMENT_3D('',#4088,#3351,#3352);
#2723=AXIS2_PLACEMENT_3D('',#4091,#3355,#3356);
#2724=AXIS2_PLACEMENT_3D('',#4093,#3358,#3359);
#2725=AXIS2_PLACEMENT_3D('',#4095,#3361,#3362);
#2726=AXIS2_PLACEMENT_3D('',#4097,#3364,#3365);
#2727=AXIS2_PLACEMENT_3D('',#4099,#3367,#3368);
#2728=AXIS2_PLACEMENT_3D('',#4101,#3370,#3371);
#2729=AXIS2_PLACEMENT_3D('',#4103,#3373,#3374);
#2730=AXIS2_PLACEMENT_3D('',#4105,#3376,#3377);
#2731=AXIS2_PLACEMENT_3D('',#4106,#3378,#3379);
#2732=AXIS2_PLACEMENT_3D('',#4112,#3383,#3384);
#2733=AXIS2_PLACEMENT_3D('',#4116,#3387,#3388);
#2734=AXIS2_PLACEMENT_3D('',#4120,#3391,#3392);
#2735=AXIS2_PLACEMENT_3D('',#4124,#3395,#3396);
#2736=AXIS2_PLACEMENT_3D('',#4128,#3399,#3400);
#2737=AXIS2_PLACEMENT_3D('',#4130,#3402,#3403);
#2738=AXIS2_PLACEMENT_3D('',#4136,#3407,#3408);
#2739=AXIS2_PLACEMENT_3D('',#4140,#3411,#3412);
#2740=AXIS2_PLACEMENT_3D('',#4144,#3415,#3416);
#2741=AXIS2_PLACEMENT_3D('',#4148,#3419,#3420);
#2742=AXIS2_PLACEMENT_3D('',#4150,#3422,#3423);
#2743=AXIS2_PLACEMENT_3D('',#4152,#3425,#3426);
#2744=AXIS2_PLACEMENT_3D('',#4153,#3427,#3428);
#2745=AXIS2_PLACEMENT_3D('',#4156,#3431,#3432);
#2746=AXIS2_PLACEMENT_3D('',#4158,#3434,#3435);
#2747=AXIS2_PLACEMENT_3D('',#4160,#3437,#3438);
#2748=AXIS2_PLACEMENT_3D('',#4162,#3440,#3441);
#2749=AXIS2_PLACEMENT_3D('',#4164,#3443,#3444);
#2750=AXIS2_PLACEMENT_3D('',#4165,#3445,#3446);
#2751=AXIS2_PLACEMENT_3D('',#4168,#3449,#3450);
#2752=AXIS2_PLACEMENT_3D('',#4170,#3452,#3453);
#2753=AXIS2_PLACEMENT_3D('',#4171,#3454,#3455);
#2754=AXIS2_PLACEMENT_3D('',#4173,#3457,#3458);
#2755=DIRECTION('axis',(0.,0.,1.));
#2756=DIRECTION('refdir',(1.,0.,0.));
#2757=DIRECTION('center_axis',(-8.35553832792927E-29,1.,-2.7247746980257E-41));
#2758=DIRECTION('ref_axis',(-0.707106781186716,0.,0.707106781186379));
#2759=DIRECTION('center_axis',(-1.67605252601537E-28,-1.,5.12790049702188E-16));
#2760=DIRECTION('ref_axis',(-0.707106781186716,0.,0.707106781186379));
#2761=DIRECTION('',(8.35553832792927E-29,-1.,2.7247746980257E-41));
#2762=DIRECTION('center_axis',(-1.95211197324869E-28,1.,-5.12790049702188E-16));
#2763=DIRECTION('ref_axis',(-0.707106781186716,0.,0.707106781186379));
#2764=DIRECTION('',(8.35553832792927E-29,-1.,2.7247746980257E-41));
#2765=DIRECTION('center_axis',(-3.6209470984643E-28,1.,-1.18095712294417E-40));
#2766=DIRECTION('ref_axis',(-0.707106781186716,0.,0.707106781186379));
#2767=DIRECTION('',(-8.35553832792927E-29,1.,-2.7247746980257E-41));
#2768=DIRECTION('center_axis',(-3.6209470984643E-28,1.,-1.18095712294417E-40));
#2769=DIRECTION('ref_axis',(6.52291840134883E-13,1.18095712294417E-40,-1.));
#2770=DIRECTION('',(0.499999999999506,4.44089209850307E-16,0.866025403784724));
#2771=DIRECTION('',(-0.500000000000566,-1.81047354923317E-28,0.866025403784112));
#2772=DIRECTION('',(-1.,-3.6209470984643E-28,-6.52735929344733E-13));
#2773=DIRECTION('',(-0.499999999999435,-4.44089209850244E-16,-0.866025403784765));
#2774=DIRECTION('',(0.500000000000777,1.81047354923394E-28,-0.86602540378399));
#2775=DIRECTION('',(1.,3.6209470984643E-28,3.26187812951158E-13));
#2776=DIRECTION('',(-0.500000000000563,-7.39601033224628E-16,0.866025403784114));
#2777=DIRECTION('',(0.499999999999436,1.81047354923113E-28,0.866025403784764));
#2778=DIRECTION('',(1.,3.6209470984643E-28,6.52291840134883E-13));
#2779=DIRECTION('',(0.500000000000564,7.39601033224627E-16,-0.866025403784113));
#2780=DIRECTION('',(-0.499999999999438,-1.81047354923113E-28,-0.866025403784763));
#2781=DIRECTION('',(-1.,-3.6209470984643E-28,-6.52291840134883E-13));
#2782=DIRECTION('center_axis',(0.866025403784724,3.13583217303008E-28,-0.499999999999506));
#2783=DIRECTION('ref_axis',(0.499999999999506,4.44089209850307E-16,0.866025403784724));
#2784=DIRECTION('',(-0.499999999999506,-4.44089209850307E-16,-0.866025403784724));
#2785=DIRECTION('',(3.6209470984643E-28,-1.,1.18095712294417E-40));
#2786=DIRECTION('center_axis',(1.95211197324869E-28,-1.,5.12790049702188E-16));
#2787=DIRECTION('ref_axis',(-1.,-5.29699962447967E-28,-6.52291840134883E-13));
#2788=DIRECTION('',(-1.50519997200569E-13,9.02322150571627E-33,1.));
#2789=DIRECTION('center_axis',(-2.78539326567137E-28,1.,-9.0832796122586E-41));
#2790=DIRECTION('ref_axis',(0.707106781186255,0.,0.70710678118684));
#2791=DIRECTION('center_axis',(-1.67605252601537E-28,-1.,5.12790049702188E-16));
#2792=DIRECTION('ref_axis',(0.707106781186255,0.,0.70710678118684));
#2793=DIRECTION('',(2.78539326567137E-28,-1.,9.0832796122586E-41));
#2794=DIRECTION('center_axis',(0.,1.,0.));
#2795=DIRECTION('ref_axis',(0.707106781186255,0.,0.70710678118684));
#2796=DIRECTION('',(-2.78539326567137E-28,1.,-9.0832796122586E-41));
#2797=DIRECTION('center_axis',(1.67605252601537E-28,1.,-5.12790049702188E-16));
#2798=DIRECTION('ref_axis',(0.707106781186255,0.,0.70710678118684));
#2799=DIRECTION('',(-2.78539326567137E-28,1.,-9.0832796122586E-41));
#2800=DIRECTION('center_axis',(1.67605252601537E-28,1.,-5.12790049702188E-16));
#2801=DIRECTION('ref_axis',(1.,-1.67605252601537E-28,0.));
#2802=DIRECTION('',(-1.,-3.6209470984643E-28,-3.26187812951158E-13));
#2803=DIRECTION('',(5.01771842934315E-13,-9.02322144212305E-33,-1.));
#2804=DIRECTION('center_axis',(8.88178419699358E-16,1.,4.44473816285464E-28));
#2805=DIRECTION('ref_axis',(1.,-8.88178419699358E-16,5.08038056068485E-13));
#2806=DIRECTION('',(-0.5,4.44089209850063E-16,-0.866025403784438));
#2807=DIRECTION('center_axis',(1.11022302462514E-16,1.,4.48691293489505E-16));
#2808=DIRECTION('ref_axis',(0.866025403784439,1.28197512425575E-16,-0.5));
#2809=DIRECTION('',(-1.,-1.16654058862831E-30,0.));
#2810=DIRECTION('center_axis',(0.,-1.,0.));
#2811=DIRECTION('ref_axis',(-1.,0.,-8.88178419700124E-15));
#2812=DIRECTION('',(0.,0.,-1.));
#2813=DIRECTION('center_axis',(0.,-1.,0.));
#2814=DIRECTION('ref_axis',(0.,0.,-1.));
#2815=DIRECTION('',(1.,-2.33308117725662E-30,0.));
#2816=DIRECTION('center_axis',(-4.58525401159713E-30,1.,-5.1279004970229E-16));
#2817=DIRECTION('ref_axis',(1.11022302462515E-15,5.1279004970229E-16,1.));
#2818=DIRECTION('',(0.5,-4.44089209850063E-16,-0.866025403784438));
#2819=DIRECTION('',(0.,0.,-1.));
#2820=DIRECTION('center_axis',(-1.67605252601537E-28,-1.,5.12790049702188E-16));
#2821=DIRECTION('ref_axis',(0.707106781186664,0.,-0.707106781186431));
#2822=DIRECTION('',(-1.,0.,-3.25884723870219E-13));
#2823=DIRECTION('center_axis',(-1.67605252601537E-28,-1.,5.12790049702188E-16));
#2824=DIRECTION('ref_axis',(-0.707106781186202,0.,-0.707106781186893));
#2825=DIRECTION('',(6.52291840134883E-13,1.18095712294417E-40,-1.));
#2826=DIRECTION('',(-0.499999999999435,-4.44089209850244E-16,-0.866025403784765));
#2827=DIRECTION('center_axis',(2.30206907116677E-29,-1.,5.1279004970229E-16));
#2828=DIRECTION('ref_axis',(-6.53402063159509E-13,5.1279004970229E-16,1.));
#2829=DIRECTION('',(-1.,-3.64427791023686E-28,-6.52291840134883E-13));
#2830=DIRECTION('center_axis',(-3.6209470984643E-28,1.,-1.18095712294417E-40));
#2831=DIRECTION('ref_axis',(6.52291840134883E-13,1.18095712294417E-40,-1.));
#2832=DIRECTION('',(6.52291840134883E-13,1.18095712294417E-40,-1.));
#2833=DIRECTION('center_axis',(-3.6209470984643E-28,1.,-1.18095712294417E-40));
#2834=DIRECTION('ref_axis',(1.,3.6209470984643E-28,6.43410055937882E-13));
#2835=DIRECTION('',(1.,3.60928169257801E-28,6.52291840134883E-13));
#2836=DIRECTION('center_axis',(1.11022302463169E-16,-1.,-4.48691293489433E-16));
#2837=DIRECTION('ref_axis',(-0.866025403784113,1.28197512425262E-16,-0.500000000000565));
#2838=DIRECTION('',(0.500000000000565,4.44089209850244E-16,-0.866025403784112));
#2839=DIRECTION('center_axis',(8.88178419699721E-16,-1.,1.34877719468442E-28));
#2840=DIRECTION('ref_axis',(-1.,-8.88178419699721E-16,-1.44253784066398E-13));
#2841=DIRECTION('',(1.50519997200569E-13,-9.02322150571627E-33,-1.));
#2842=DIRECTION('center_axis',(1.67605252601537E-28,1.,-5.12790049702188E-16));
#2843=DIRECTION('ref_axis',(-1.,-1.66883512521561E-28,-6.52291840134883E-13));
#2844=DIRECTION('center_axis',(1.67605252601537E-28,1.,-5.12790049702188E-16));
#2845=DIRECTION('ref_axis',(-1.,1.67605252601537E-28,-8.594630581189E-44));
#2846=DIRECTION('center_axis',(1.67605252601537E-28,1.,-5.12790049702188E-16));
#2847=DIRECTION('ref_axis',(-1.,1.67605252601537E-28,-8.594630581189E-44));
#2848=DIRECTION('center_axis',(1.67605252601537E-28,1.,-5.12790049702188E-16));
#2849=DIRECTION('ref_axis',(-1.,1.67605252601537E-28,-8.594630581189E-44));
#2850=DIRECTION('center_axis',(1.67605252601537E-28,1.,-5.12790049702188E-16));
#2851=DIRECTION('ref_axis',(-1.,1.67605252601537E-28,-8.594630581189E-44));
#2852=DIRECTION('center_axis',(1.67605252601537E-28,1.,-5.12790049702188E-16));
#2853=DIRECTION('ref_axis',(-1.,1.67605252601537E-28,-8.594630581189E-44));
#2854=DIRECTION('center_axis',(1.67605252601537E-28,1.,-5.12790049702188E-16));
#2855=DIRECTION('ref_axis',(-1.,1.67605252601537E-28,-8.594630581189E-44));
#2856=DIRECTION('center_axis',(1.67605252601537E-28,1.,-5.12790049702188E-16));
#2857=DIRECTION('ref_axis',(-1.,-1.66883512521561E-28,-6.52291840134883E-13));
#2858=DIRECTION('center_axis',(1.67605252601537E-28,1.,-5.12790049702188E-16));
#2859=DIRECTION('ref_axis',(-1.,1.67605252601537E-28,-8.594630581189E-44));
#2860=DIRECTION('center_axis',(1.67605252601537E-28,1.,-5.12790049702188E-16));
#2861=DIRECTION('ref_axis',(1.,-1.67605252601537E-28,8.59531480895479E-44));
#2862=DIRECTION('center_axis',(1.67605252601537E-28,1.,-5.12790049702188E-16));
#2863=DIRECTION('ref_axis',(-1.,1.67605252601537E-28,-8.594630581189E-44));
#2864=DIRECTION('center_axis',(1.67605252601537E-28,1.,-5.12790049702188E-16));
#2865=DIRECTION('ref_axis',(1.,-1.67605252601537E-28,8.594630581189E-44));
#2866=DIRECTION('',(0.,-5.12790049702188E-16,-1.));
#2867=DIRECTION('center_axis',(-1.67605252601537E-28,-1.,5.12790049702188E-16));
#2868=DIRECTION('ref_axis',(1.,0.,0.));
#2869=DIRECTION('',(0.,5.12790049702188E-16,1.));
#2870=DIRECTION('center_axis',(-1.67605252601537E-28,-1.,5.12790049702188E-16));
#2871=DIRECTION('ref_axis',(-1.,0.,0.));
#2872=DIRECTION('',(0.,-5.12790049702188E-16,-1.));
#2873=DIRECTION('center_axis',(-1.67605252601537E-28,-1.,5.12790049702188E-16));
#2874=DIRECTION('ref_axis',(1.,0.,0.));
#2875=DIRECTION('',(0.,5.12790049702188E-16,1.));
#2876=DIRECTION('center_axis',(-1.67605252601537E-28,-1.,5.12790049702188E-16));
#2877=DIRECTION('ref_axis',(-1.,0.,0.));
#2878=DIRECTION('',(0.,-5.12790049702188E-16,-1.));
#2879=DIRECTION('center_axis',(-1.67605252601537E-28,-1.,5.12790049702188E-16));
#2880=DIRECTION('ref_axis',(1.,0.,0.));
#2881=DIRECTION('',(0.,5.12790049702188E-16,1.));
#2882=DIRECTION('center_axis',(-1.67605252601537E-28,-1.,5.12790049702188E-16));
#2883=DIRECTION('ref_axis',(-1.,0.,0.));
#2884=DIRECTION('',(0.,-5.12790049702188E-16,-1.));
#2885=DIRECTION('center_axis',(-1.67605252601537E-28,-1.,5.12790049702188E-16));
#2886=DIRECTION('ref_axis',(1.,0.,0.));
#2887=DIRECTION('',(0.,5.12790049702188E-16,1.));
#2888=DIRECTION('center_axis',(-1.67605252601537E-28,-1.,5.12790049702188E-16));
#2889=DIRECTION('ref_axis',(-1.,0.,0.));
#2890=DIRECTION('',(0.,-5.12790049702188E-16,-1.));
#2891=DIRECTION('center_axis',(-1.67605252601537E-28,-1.,5.12790049702188E-16));
#2892=DIRECTION('ref_axis',(1.,0.,0.));
#2893=DIRECTION('',(0.,5.12790049702188E-16,1.));
#2894=DIRECTION('center_axis',(-1.67605252601537E-28,-1.,5.12790049702188E-16));
#2895=DIRECTION('ref_axis',(-1.,0.,0.));
#2896=DIRECTION('center_axis',(1.,2.78539326567137E-28,5.01771842934315E-13));
#2897=DIRECTION('ref_axis',(5.01771842934315E-13,-9.02322144212305E-33,
-1.));
#2898=DIRECTION('',(-5.01771842934315E-13,9.02322144212305E-33,1.));
#2899=DIRECTION('',(-5.01771842934315E-13,9.02322144212305E-33,1.));
#2900=DIRECTION('',(0.,1.,-5.55111512312578E-16));
#2901=DIRECTION('center_axis',(1.67605252601537E-28,1.,-5.12790049702188E-16));
#2902=DIRECTION('ref_axis',(1.,-1.67605252601537E-28,0.));
#2903=DIRECTION('',(0.500000000000071,-4.44089209850126E-16,-0.866025403784398));
#2904=DIRECTION('center_axis',(-3.6209470984643E-28,1.,-1.18001134533171E-40));
#2905=DIRECTION('ref_axis',(-0.707106781186202,0.,-0.707106781186893));
#2906=DIRECTION('',(3.6209470984643E-28,-1.,1.18001134533171E-40));
#2907=DIRECTION('center_axis',(-3.6209470984643E-28,1.,-1.18095712294417E-40));
#2908=DIRECTION('ref_axis',(-0.707106781186202,0.,-0.707106781186893));
#2909=DIRECTION('',(-3.6209470984643E-28,1.,-1.18001134533171E-40));
#2910=DIRECTION('center_axis',(-1.95211197324869E-28,1.,-5.12790049702188E-16));
#2911=DIRECTION('ref_axis',(-0.707106781186202,0.,-0.707106781186893));
#2912=DIRECTION('',(-3.6209470984643E-28,1.,-1.18001134533171E-40));
#2913=DIRECTION('center_axis',(1.,3.6209470984643E-28,6.52291840134883E-13));
#2914=DIRECTION('ref_axis',(6.52291840134883E-13,1.18095712294417E-40,-1.));
#2915=DIRECTION('',(-6.52291840134883E-13,-1.18095712294417E-40,1.));
#2916=DIRECTION('',(0.,1.,-5.55111512312578E-16));
#2917=DIRECTION('center_axis',(1.95211197324869E-28,-1.,5.12790049702188E-16));
#2918=DIRECTION('ref_axis',(-1.,-5.29699962447967E-28,-6.52291840134883E-13));
#2919=DIRECTION('',(0.500000000000495,1.81047354923292E-28,-0.866025403784153));
#2920=DIRECTION('center_axis',(0.,1.,0.));
#2921=DIRECTION('ref_axis',(0.707106781186664,0.,-0.707106781186431));
#2922=DIRECTION('',(0.,-1.,0.));
#2923=DIRECTION('center_axis',(1.67605252601537E-28,1.,-5.12790049702188E-16));
#2924=DIRECTION('ref_axis',(0.707106781186664,0.,-0.707106781186431));
#2925=DIRECTION('',(0.,-1.,0.));
#2926=DIRECTION('center_axis',(0.,1.,0.));
#2927=DIRECTION('ref_axis',(0.707106781186664,0.,-0.707106781186431));
#2928=DIRECTION('',(0.,1.,0.));
#2929=DIRECTION('center_axis',(0.,-1.,0.));
#2930=DIRECTION('ref_axis',(0.,0.,-1.));
#2931=DIRECTION('',(0.49999999999993,0.,0.866025403784479));
#2932=DIRECTION('',(-0.5,4.44089209850063E-16,0.866025403784439));
#2933=DIRECTION('',(-1.,0.,0.));
#2934=DIRECTION('',(-0.5,0.,-0.866025403784439));
#2935=DIRECTION('',(0.499999999999788,-4.44089209849875E-16,-0.866025403784561));
#2936=DIRECTION('',(1.,0.,3.25884723870219E-13));
#2937=DIRECTION('',(0.5,-7.39601033224448E-16,0.866025403784439));
#2938=DIRECTION('',(1.,0.,0.));
#2939=DIRECTION('',(0.499999999999997,0.,-0.86602540378444));
#2940=DIRECTION('',(-0.499999999999997,7.3960103322445E-16,-0.86602540378444));
#2941=DIRECTION('',(-1.,0.,0.));
#2942=DIRECTION('',(-0.499999999999999,0.,0.866025403784439));
#2943=DIRECTION('center_axis',(0.866025403784479,0.,-0.49999999999993));
#2944=DIRECTION('ref_axis',(0.49999999999993,0.,0.866025403784479));
#2945=DIRECTION('',(-0.49999999999993,0.,-0.866025403784479));
#2946=DIRECTION('',(0.,-1.,0.));
#2947=DIRECTION('center_axis',(1.67605252601537E-28,1.,-5.12790049702188E-16));
#2948=DIRECTION('ref_axis',(1.,-1.67605252601537E-28,0.));
#2949=DIRECTION('',(0.,0.,1.));
#2950=DIRECTION('center_axis',(1.,0.,0.));
#2951=DIRECTION('ref_axis',(0.,0.,1.));
#2952=DIRECTION('',(0.,-5.12790049702188E-16,-1.));
#2953=DIRECTION('',(0.,-1.,0.));
#2954=DIRECTION('',(0.,-1.,0.));
#2955=DIRECTION('center_axis',(0.,-1.,0.));
#2956=DIRECTION('ref_axis',(1.,0.,0.));
#2957=DIRECTION('center_axis',(1.67605252601537E-28,1.,-5.12790049702188E-16));
#2958=DIRECTION('ref_axis',(1.,0.,0.));
#2959=DIRECTION('',(0.,-1.,0.));
#2960=DIRECTION('center_axis',(-1.,0.,0.));
#2961=DIRECTION('ref_axis',(0.,0.,-1.));
#2962=DIRECTION('',(0.,5.12790049702188E-16,1.));
#2963=DIRECTION('',(0.,-1.,0.));
#2964=DIRECTION('center_axis',(0.,-1.,0.));
#2965=DIRECTION('ref_axis',(-1.,0.,0.));
#2966=DIRECTION('center_axis',(1.67605252601537E-28,1.,-5.12790049702188E-16));
#2967=DIRECTION('ref_axis',(-1.,0.,0.));
#2968=DIRECTION('center_axis',(1.,0.,0.));
#2969=DIRECTION('ref_axis',(0.,0.,1.));
#2970=DIRECTION('',(0.,-5.12790049702188E-16,-1.));
#2971=DIRECTION('',(0.,-1.,0.));
#2972=DIRECTION('',(0.,-1.,0.));
#2973=DIRECTION('center_axis',(0.,-1.,0.));
#2974=DIRECTION('ref_axis',(1.,0.,0.));
#2975=DIRECTION('center_axis',(1.67605252601537E-28,1.,-5.12790049702188E-16));
#2976=DIRECTION('ref_axis',(1.,0.,0.));
#2977=DIRECTION('',(0.,-1.,0.));
#2978=DIRECTION('center_axis',(-1.,0.,0.));
#2979=DIRECTION('ref_axis',(0.,0.,-1.));
#2980=DIRECTION('',(0.,5.12790049702188E-16,1.));
#2981=DIRECTION('',(0.,-1.,0.));
#2982=DIRECTION('center_axis',(0.,-1.,0.));
#2983=DIRECTION('ref_axis',(-1.,0.,0.));
#2984=DIRECTION('center_axis',(1.67605252601537E-28,1.,-5.12790049702188E-16));
#2985=DIRECTION('ref_axis',(-1.,0.,0.));
#2986=DIRECTION('center_axis',(1.,0.,0.));
#2987=DIRECTION('ref_axis',(0.,0.,1.));
#2988=DIRECTION('',(0.,-5.12790049702188E-16,-1.));
#2989=DIRECTION('',(0.,-1.,0.));
#2990=DIRECTION('',(0.,-1.,0.));
#2991=DIRECTION('center_axis',(0.,-1.,0.));
#2992=DIRECTION('ref_axis',(1.,0.,0.));
#2993=DIRECTION('center_axis',(1.67605252601537E-28,1.,-5.12790049702188E-16));
#2994=DIRECTION('ref_axis',(1.,0.,0.));
#2995=DIRECTION('',(0.,-1.,0.));
#2996=DIRECTION('center_axis',(-1.,0.,0.));
#2997=DIRECTION('ref_axis',(0.,0.,-1.));
#2998=DIRECTION('',(0.,5.12790049702188E-16,1.));
#2999=DIRECTION('',(0.,-1.,0.));
#3000=DIRECTION('center_axis',(0.,-1.,0.));
#3001=DIRECTION('ref_axis',(-1.,0.,0.));
#3002=DIRECTION('center_axis',(1.67605252601537E-28,1.,-5.12790049702188E-16));
#3003=DIRECTION('ref_axis',(-1.,0.,0.));
#3004=DIRECTION('center_axis',(1.,0.,0.));
#3005=DIRECTION('ref_axis',(0.,0.,1.));
#3006=DIRECTION('',(0.,-5.12790049702188E-16,-1.));
#3007=DIRECTION('',(0.,-1.,0.));
#3008=DIRECTION('',(0.,-1.,0.));
#3009=DIRECTION('center_axis',(0.,-1.,0.));
#3010=DIRECTION('ref_axis',(1.,0.,0.));
#3011=DIRECTION('center_axis',(1.67605252601537E-28,1.,-5.12790049702188E-16));
#3012=DIRECTION('ref_axis',(1.,0.,0.));
#3013=DIRECTION('',(0.,-1.,0.));
#3014=DIRECTION('center_axis',(-1.,0.,0.));
#3015=DIRECTION('ref_axis',(0.,0.,-1.));
#3016=DIRECTION('',(0.,5.12790049702188E-16,1.));
#3017=DIRECTION('',(0.,-1.,0.));
#3018=DIRECTION('center_axis',(0.,-1.,0.));
#3019=DIRECTION('ref_axis',(-1.,0.,0.));
#3020=DIRECTION('center_axis',(1.67605252601537E-28,1.,-5.12790049702188E-16));
#3021=DIRECTION('ref_axis',(-1.,0.,0.));
#3022=DIRECTION('center_axis',(1.,0.,0.));
#3023=DIRECTION('ref_axis',(0.,0.,1.));
#3024=DIRECTION('',(0.,-5.12790049702188E-16,-1.));
#3025=DIRECTION('',(0.,-1.,0.));
#3026=DIRECTION('',(0.,-1.,0.));
#3027=DIRECTION('center_axis',(0.,-1.,0.));
#3028=DIRECTION('ref_axis',(1.,0.,0.));
#3029=DIRECTION('center_axis',(1.67605252601537E-28,1.,-5.12790049702188E-16));
#3030=DIRECTION('ref_axis',(1.,0.,0.));
#3031=DIRECTION('',(0.,-1.,0.));
#3032=DIRECTION('center_axis',(-1.,0.,0.));
#3033=DIRECTION('ref_axis',(0.,0.,-1.));
#3034=DIRECTION('',(0.,5.12790049702188E-16,1.));
#3035=DIRECTION('',(0.,-1.,0.));
#3036=DIRECTION('center_axis',(0.,-1.,0.));
#3037=DIRECTION('ref_axis',(-1.,0.,0.));
#3038=DIRECTION('center_axis',(1.67605252601537E-28,1.,-5.12790049702188E-16));
#3039=DIRECTION('ref_axis',(-1.,0.,0.));
#3040=DIRECTION('center_axis',(0.,1.,0.));
#3041=DIRECTION('ref_axis',(-1.,-2.50545454232219E-28,-6.52291840134883E-13));
#3042=DIRECTION('center_axis',(-1.67605252601537E-28,-1.,5.12790049702188E-16));
#3043=DIRECTION('ref_axis',(-1.,-3.62094709846429E-28,-6.52291840134883E-13));
#3044=DIRECTION('',(0.707106781186513,0.707106781186582,4.61326579077628E-13));
#3045=DIRECTION('center_axis',(0.,-1.,5.55111512312578E-16));
#3046=DIRECTION('ref_axis',(-1.,-3.62094709846429E-28,-6.52291840134883E-13));
#3047=DIRECTION('',(0.,-1.,5.55111512312578E-16));
#3048=DIRECTION('center_axis',(-3.6209470984643E-28,1.,-1.18095712294417E-40));
#3049=DIRECTION('ref_axis',(-1.,-3.62094709846429E-28,-6.52291840134883E-13));
#3050=DIRECTION('center_axis',(0.,1.,0.));
#3051=DIRECTION('ref_axis',(1.,-9.57744300580213E-29,4.91121747496515E-44));
#3052=DIRECTION('',(0.707106781186508,-0.707106781186587,-8.65956056235445E-17));
#3053=DIRECTION('center_axis',(-1.67605252601537E-28,-1.,5.12790049702188E-16));
#3054=DIRECTION('ref_axis',(1.,0.,0.));
#3055=DIRECTION('center_axis',(0.,1.,-5.55111512312578E-16));
#3056=DIRECTION('ref_axis',(1.,0.,0.));
#3057=DIRECTION('',(0.,-1.,5.55111512312578E-16));
#3058=DIRECTION('center_axis',(0.,-1.,0.));
#3059=DIRECTION('ref_axis',(1.,0.,0.));
#3060=DIRECTION('center_axis',(0.,1.,-5.55111512312531E-16));
#3061=DIRECTION('ref_axis',(-1.,9.5784015169116E-29,-4.91170898992461E-44));
#3062=DIRECTION('',(-0.707106781186518,-0.707106781186577,4.79118720294473E-16));
#3063=DIRECTION('center_axis',(-1.67605252601537E-28,-1.,5.12790049702188E-16));
#3064=DIRECTION('ref_axis',(-1.,0.,0.));
#3065=DIRECTION('center_axis',(0.,-1.,0.));
#3066=DIRECTION('ref_axis',(-1.,0.,0.));
#3067=DIRECTION('',(0.,-1.,0.));
#3068=DIRECTION('center_axis',(1.67605252601537E-28,1.,-5.12790049702188E-16));
#3069=DIRECTION('ref_axis',(-1.,0.,0.));
#3070=DIRECTION('center_axis',(0.,1.,0.));
#3071=DIRECTION('ref_axis',(-1.,9.5784015169116E-29,-4.91170898992461E-44));
#3072=DIRECTION('',(-0.707106781186555,-0.70710678118654,8.65956056235503E-17));
#3073=DIRECTION('center_axis',(-1.67605252601537E-28,-1.,5.12790049702188E-16));
#3074=DIRECTION('ref_axis',(-1.,0.,0.));
#3075=DIRECTION('center_axis',(0.,-1.,0.));
#3076=DIRECTION('ref_axis',(-1.,0.,0.));
#3077=DIRECTION('',(0.,-1.,0.));
#3078=DIRECTION('center_axis',(1.67605252601537E-28,1.,-5.12790049702188E-16));
#3079=DIRECTION('ref_axis',(-1.,0.,0.));
#3080=DIRECTION('center_axis',(0.,1.,0.));
#3081=DIRECTION('ref_axis',(-1.,9.57744300580213E-29,-4.91121747496514E-44));
#3082=DIRECTION('',(-0.70710678118656,-0.707106781186535,8.65956056235509E-17));
#3083=DIRECTION('center_axis',(-1.67605252601537E-28,-1.,5.12790049702188E-16));
#3084=DIRECTION('ref_axis',(-1.,0.,0.));
#3085=DIRECTION('center_axis',(0.,-1.,0.));
#3086=DIRECTION('ref_axis',(-1.,0.,0.));
#3087=DIRECTION('',(0.,-1.,0.));
#3088=DIRECTION('center_axis',(1.67605252601537E-28,1.,-5.12790049702188E-16));
#3089=DIRECTION('ref_axis',(-1.,0.,0.));
#3090=DIRECTION('center_axis',(0.,1.,0.));
#3091=DIRECTION('ref_axis',(1.,-9.57744300580213E-29,4.91190170273093E-44));
#3092=DIRECTION('',(0.707106781186546,-0.707106781186549,-8.65956056235492E-17));
#3093=DIRECTION('center_axis',(-1.67605252601537E-28,-1.,5.12790049702188E-16));
#3094=DIRECTION('ref_axis',(1.,0.,6.84227765783602E-48));
#3095=DIRECTION('center_axis',(0.,1.,-5.55111512312578E-16));
#3096=DIRECTION('ref_axis',(1.,0.,6.84227765783602E-48));
#3097=DIRECTION('',(0.,-1.,5.55111512312578E-16));
#3098=DIRECTION('center_axis',(1.23259516440783E-32,-1.,-9.80231482443376E-47));
#3099=DIRECTION('ref_axis',(1.,1.23259516440783E-32,0.));
#3100=DIRECTION('center_axis',(0.,1.,0.));
#3101=DIRECTION('ref_axis',(-1.,9.57744300580213E-29,-4.91121747496514E-44));
#3102=DIRECTION('',(-0.707106781186585,-0.70710678118651,8.65956056235539E-17));
#3103=DIRECTION('center_axis',(-1.67605252601537E-28,-1.,5.12790049702188E-16));
#3104=DIRECTION('ref_axis',(-1.,0.,0.));
#3105=DIRECTION('center_axis',(0.,-1.,0.));
#3106=DIRECTION('ref_axis',(-1.,0.,0.));
#3107=DIRECTION('',(0.,-1.,0.));
#3108=DIRECTION('center_axis',(1.67605252601537E-28,1.,-5.12790049702188E-16));
#3109=DIRECTION('ref_axis',(-1.,0.,0.));
#3110=DIRECTION('center_axis',(0.,1.,0.));
#3111=DIRECTION('ref_axis',(-1.,9.57744300580213E-29,-4.91121747496514E-44));
#3112=DIRECTION('',(-0.707106781186585,-0.70710678118651,8.6595605623554E-17));
#3113=DIRECTION('center_axis',(-1.67605252601537E-28,-1.,5.12790049702188E-16));
#3114=DIRECTION('ref_axis',(-1.,0.,0.));
#3115=DIRECTION('center_axis',(0.,-1.,0.));
#3116=DIRECTION('ref_axis',(-1.,0.,0.));
#3117=DIRECTION('',(0.,-1.,0.));
#3118=DIRECTION('center_axis',(1.67605252601537E-28,1.,-5.12790049702188E-16));
#3119=DIRECTION('ref_axis',(-1.,0.,0.));
#3120=DIRECTION('center_axis',(0.,1.,0.));
#3121=DIRECTION('ref_axis',(-1.,9.57744300580213E-29,-4.91121747496514E-44));
#3122=DIRECTION('',(-0.70710678118656,-0.707106781186535,8.65956056235509E-17));
#3123=DIRECTION('center_axis',(-1.67605252601537E-28,-1.,5.12790049702188E-16));
#3124=DIRECTION('ref_axis',(-1.,0.,0.));
#3125=DIRECTION('center_axis',(0.,-1.,0.));
#3126=DIRECTION('ref_axis',(-1.,0.,0.));
#3127=DIRECTION('',(0.,-1.,0.));
#3128=DIRECTION('center_axis',(1.67605252601537E-28,1.,-5.12790049702188E-16));
#3129=DIRECTION('ref_axis',(-1.,0.,0.));
#3130=DIRECTION('center_axis',(0.,1.,0.));
#3131=DIRECTION('ref_axis',(-1.,-2.50545454232219E-28,-6.52291840134883E-13));
#3132=DIRECTION('center_axis',(-1.67605252601537E-28,-1.,5.12790049702188E-16));
#3133=DIRECTION('ref_axis',(-1.,-3.62094709846429E-28,-6.52291840134883E-13));
#3134=DIRECTION('',(0.707106781186551,0.707106781186544,4.61326579077653E-13));
#3135=DIRECTION('center_axis',(0.,-1.,5.55111512312578E-16));
#3136=DIRECTION('ref_axis',(-1.,-3.62094709846429E-28,-6.52291840134883E-13));
#3137=DIRECTION('',(0.,-1.,5.55111512312578E-16));
#3138=DIRECTION('center_axis',(-3.62082383894785E-28,1.,-1.1808757415359E-40));
#3139=DIRECTION('ref_axis',(-1.,-3.62082383894785E-28,-6.52291840134883E-13));
#3140=DIRECTION('center_axis',(0.,1.,0.));
#3141=DIRECTION('ref_axis',(-1.,9.57840151691161E-29,-4.91170898992462E-44));
#3142=DIRECTION('',(-0.70710678118656,-0.707106781186535,8.65956056235509E-17));
#3143=DIRECTION('center_axis',(-1.67605252601537E-28,-1.,5.12790049702188E-16));
#3144=DIRECTION('ref_axis',(-1.,0.,0.));
#3145=DIRECTION('center_axis',(0.,-1.,0.));
#3146=DIRECTION('ref_axis',(-1.,0.,0.));
#3147=DIRECTION('',(0.,-1.,0.));
#3148=DIRECTION('center_axis',(1.67605252601537E-28,1.,-5.12790049702188E-16));
#3149=DIRECTION('ref_axis',(-1.,0.,0.));
#3150=DIRECTION('center_axis',(0.,1.,-5.55111512312531E-16));
#3151=DIRECTION('ref_axis',(-1.,9.57840151691161E-29,-4.91170898992462E-44));
#3152=DIRECTION('',(-0.707106781186523,-0.707106781186572,4.7911872029447E-16));
#3153=DIRECTION('center_axis',(-1.67605252601537E-28,-1.,5.12790049702188E-16));
#3154=DIRECTION('ref_axis',(-1.,0.,0.));
#3155=DIRECTION('center_axis',(0.,-1.,0.));
#3156=DIRECTION('ref_axis',(-1.,0.,0.));
#3157=DIRECTION('',(0.,-1.,0.));
#3158=DIRECTION('center_axis',(1.67605252601537E-28,1.,-5.12790049702188E-16));
#3159=DIRECTION('ref_axis',(-1.,0.,0.));
#3160=DIRECTION('center_axis',(1.95211197324869E-28,-1.,5.12790049702188E-16));
#3161=DIRECTION('ref_axis',(-1.,-5.29699962447967E-28,-6.52291840134883E-13));
#3162=DIRECTION('',(-0.499999999999436,-1.81047354923113E-28,-0.866025403784764));
#3163=DIRECTION('',(0.500000000000563,7.39601033224628E-16,-0.866025403784114));
#3164=DIRECTION('',(1.,3.6209470984643E-28,6.52291840134883E-13));
#3165=DIRECTION('',(0.499999999999438,1.81047354923113E-28,0.866025403784763));
#3166=DIRECTION('',(-0.500000000000564,-7.39601033224627E-16,0.866025403784113));
#3167=DIRECTION('',(-1.,-3.6209470984643E-28,-6.52291840134883E-13));
#3168=DIRECTION('center_axis',(1.95211197324869E-28,-1.,5.12790049702188E-16));
#3169=DIRECTION('ref_axis',(-1.,-5.29699962447967E-28,-6.52291840134883E-13));
#3170=DIRECTION('',(-0.499999999999434,-1.81047354923112E-28,-0.866025403784765));
#3171=DIRECTION('',(0.500000000000565,7.3960103322463E-16,-0.866025403784113));
#3172=DIRECTION('',(1.,3.6209470984643E-28,6.52291840134883E-13));
#3173=DIRECTION('',(0.499999999999432,1.81047354923111E-28,0.866025403784766));
#3174=DIRECTION('',(-0.500000000000562,-7.39601033224631E-16,0.866025403784114));
#3175=DIRECTION('',(-1.,-3.6209470984643E-28,-6.52291840134883E-13));
#3176=DIRECTION('center_axis',(0.,-1.,5.55111512312578E-16));
#3177=DIRECTION('ref_axis',(-6.53402063159509E-13,5.55111512312578E-16,
1.));
#3178=DIRECTION('center_axis',(2.30206907116677E-29,-1.,5.1279004970229E-16));
#3179=DIRECTION('ref_axis',(-6.53402063159509E-13,5.1279004970229E-16,1.));
#3180=DIRECTION('',(0.,1.,-5.55111512312578E-16));
#3181=DIRECTION('',(0.,1.,-5.55111512312578E-16));
#3182=DIRECTION('center_axis',(6.52291840134883E-13,-5.55111512312578E-16,
-1.));
#3183=DIRECTION('ref_axis',(-1.,-3.64427791023686E-28,-6.52291840134883E-13));
#3184=DIRECTION('',(1.,3.64427791023686E-28,6.52291840134883E-13));
#3185=DIRECTION('',(0.,1.,-5.55111512312578E-16));
#3186=DIRECTION('center_axis',(0.,-1.,5.55111512312578E-16));
#3187=DIRECTION('ref_axis',(6.52291840134883E-13,-5.55111512312578E-16,
-1.));
#3188=DIRECTION('center_axis',(3.6209470984643E-28,-1.,1.18095712294417E-40));
#3189=DIRECTION('ref_axis',(6.52291840134883E-13,1.18095712294417E-40,-1.));
#3190=DIRECTION('',(0.,1.,-5.55111512312578E-16));
#3191=DIRECTION('center_axis',(1.,3.6209470984643E-28,6.52291840134883E-13));
#3192=DIRECTION('ref_axis',(6.52291840134883E-13,1.18095712294417E-40,-1.));
#3193=DIRECTION('',(6.52291840134883E-13,1.18095712294417E-40,-1.));
#3194=DIRECTION('',(0.,1.,-5.55111512312578E-16));
#3195=DIRECTION('center_axis',(0.,-1.,5.55111512312578E-16));
#3196=DIRECTION('ref_axis',(1.,3.57164329188798E-28,6.43410055937882E-13));
#3197=DIRECTION('center_axis',(3.6209470984643E-28,-1.,1.18095712294417E-40));
#3198=DIRECTION('ref_axis',(1.,3.6209470984643E-28,6.43410055937882E-13));
#3199=DIRECTION('',(0.,1.,-5.55111512312578E-16));
#3200=DIRECTION('center_axis',(-6.52291840134883E-13,5.55111512312578E-16,
1.));
#3201=DIRECTION('ref_axis',(1.,3.60928169257801E-28,6.52291840134883E-13));
#3202=DIRECTION('',(1.,3.60928169257801E-28,6.52291840134883E-13));
#3203=DIRECTION('',(0.,1.,-5.55111512312578E-16));
#3204=DIRECTION('center_axis',(0.,-1.,5.55111512312578E-16));
#3205=DIRECTION('ref_axis',(-0.866025403784113,-2.77555756156603E-16,-0.500000000000565));
#3206=DIRECTION('center_axis',(1.11022302463169E-16,-1.,-4.48691293489433E-16));
#3207=DIRECTION('ref_axis',(-0.866025403784113,1.28197512425262E-16,-0.500000000000565));
#3208=DIRECTION('',(0.,1.,-5.55111512312578E-16));
#3209=DIRECTION('center_axis',(0.866025403784112,2.77555756156603E-16,0.500000000000565));
#3210=DIRECTION('ref_axis',(0.500000000000565,4.44089209850244E-16,-0.866025403784112));
#3211=DIRECTION('',(0.500000000000565,4.44089209850244E-16,-0.866025403784112));
#3212=DIRECTION('',(0.,1.,-5.55111512312578E-16));
#3213=DIRECTION('center_axis',(0.,-1.,5.55111512312578E-16));
#3214=DIRECTION('ref_axis',(-1.,-8.00769362299104E-29,-1.44253784066398E-13));
#3215=DIRECTION('center_axis',(8.88178419699721E-16,-1.,1.34877719468442E-28));
#3216=DIRECTION('ref_axis',(-1.,-8.88178419699721E-16,-1.44253784066398E-13));
#3217=DIRECTION('',(0.,1.,-5.55111512312578E-16));
#3218=DIRECTION('center_axis',(1.,8.35553832792927E-29,1.50519997200569E-13));
#3219=DIRECTION('ref_axis',(1.50519997200569E-13,-9.02322150571627E-33,
-1.));
#3220=DIRECTION('',(-1.50519997200569E-13,9.02322150571627E-33,1.));
#3221=DIRECTION('center_axis',(0.866025403784764,3.13583217303022E-28,-0.499999999999436));
#3222=DIRECTION('ref_axis',(0.499999999999436,1.81047354923113E-28,0.866025403784764));
#3223=DIRECTION('',(3.6209470984643E-28,-1.,1.18095712294417E-40));
#3224=DIRECTION('',(3.6209470984643E-28,-1.,1.18095712294417E-40));
#3225=DIRECTION('center_axis',(6.52291840134883E-13,1.18095712294417E-40,
-1.));
#3226=DIRECTION('ref_axis',(1.,3.6209470984643E-28,6.52291840134883E-13));
#3227=DIRECTION('',(3.6209470984643E-28,-1.,1.18095712294417E-40));
#3228=DIRECTION('center_axis',(-0.866025403784113,-3.13583217302904E-28,
-0.500000000000564));
#3229=DIRECTION('ref_axis',(0.500000000000564,7.39601033224627E-16,-0.866025403784113));
#3230=DIRECTION('',(3.6209470984643E-28,-1.,1.18095712294417E-40));
#3231=DIRECTION('center_axis',(-0.866025403784763,-3.13583217303022E-28,
0.499999999999438));
#3232=DIRECTION('ref_axis',(-0.499999999999438,-1.81047354923113E-28,-0.866025403784763));
#3233=DIRECTION('',(3.6209470984643E-28,-1.,1.18095712294417E-40));
#3234=DIRECTION('center_axis',(-6.52291840134883E-13,-1.18095712294417E-40,
1.));
#3235=DIRECTION('ref_axis',(-1.,-3.6209470984643E-28,-6.52291840134883E-13));
#3236=DIRECTION('',(3.6209470984643E-28,-1.,1.18095712294417E-40));
#3237=DIRECTION('center_axis',(0.866025403784113,3.13583217302905E-28,0.500000000000563));
#3238=DIRECTION('ref_axis',(-0.500000000000563,-7.39601033224628E-16,0.866025403784114));
#3239=DIRECTION('center_axis',(0.866025403784112,3.13583217302904E-28,0.500000000000566));
#3240=DIRECTION('ref_axis',(-0.500000000000566,-1.81047354923317E-28,0.866025403784112));
#3241=DIRECTION('',(0.500000000000566,1.81047354923317E-28,-0.866025403784112));
#3242=DIRECTION('',(3.6209470984643E-28,-1.,1.18095712294417E-40));
#3243=DIRECTION('center_axis',(-6.52735929344733E-13,-1.18256514648004E-40,
1.));
#3244=DIRECTION('ref_axis',(-1.,-3.6209470984643E-28,-6.52735929344733E-13));
#3245=DIRECTION('',(1.,3.6209470984643E-28,6.52735929344733E-13));
#3246=DIRECTION('',(3.6209470984643E-28,-1.,1.18095712294417E-40));
#3247=DIRECTION('center_axis',(-0.866025403784765,-3.13583217303022E-28,
0.499999999999435));
#3248=DIRECTION('ref_axis',(-0.499999999999435,-4.44089209850244E-16,-0.866025403784765));
#3249=DIRECTION('',(0.499999999999435,4.44089209850244E-16,0.866025403784765));
#3250=DIRECTION('',(3.6209470984643E-28,-1.,1.18095712294417E-40));
#3251=DIRECTION('center_axis',(-0.86602540378399,-3.1358321730286E-28,-0.500000000000777));
#3252=DIRECTION('ref_axis',(0.500000000000777,1.81047354923394E-28,-0.86602540378399));
#3253=DIRECTION('',(-0.500000000000777,-1.81047354923394E-28,0.86602540378399));
#3254=DIRECTION('',(3.6209470984643E-28,-1.,1.18095712294417E-40));
#3255=DIRECTION('center_axis',(0.866025403784765,3.13583217303022E-28,-0.499999999999434));
#3256=DIRECTION('ref_axis',(0.499999999999434,1.81047354923112E-28,0.866025403784765));
#3257=DIRECTION('',(3.6209470984643E-28,-1.,1.18095712294417E-40));
#3258=DIRECTION('',(0.499999999999434,1.81047354923112E-28,0.866025403784765));
#3259=DIRECTION('',(3.6209470984643E-28,-1.,1.18095712294417E-40));
#3260=DIRECTION('center_axis',(6.52291840134883E-13,1.18095712294417E-40,
-1.));
#3261=DIRECTION('ref_axis',(1.,3.6209470984643E-28,6.52291840134883E-13));
#3262=DIRECTION('',(3.6209470984643E-28,-1.,1.18095712294417E-40));
#3263=DIRECTION('',(1.,3.6209470984643E-28,6.52291840134883E-13));
#3264=DIRECTION('center_axis',(-0.866025403784114,-3.13583217302905E-28,
-0.500000000000562));
#3265=DIRECTION('ref_axis',(0.500000000000562,7.39601033224631E-16,-0.866025403784114));
#3266=DIRECTION('',(3.6209470984643E-28,-1.,1.18095712294417E-40));
#3267=DIRECTION('',(0.500000000000562,7.39601033224631E-16,-0.866025403784114));
#3268=DIRECTION('center_axis',(-0.866025403784767,-3.13583217303023E-28,
0.499999999999432));
#3269=DIRECTION('ref_axis',(-0.499999999999432,-1.81047354923111E-28,-0.866025403784766));
#3270=DIRECTION('',(3.6209470984643E-28,-1.,1.18095712294417E-40));
#3271=DIRECTION('',(-0.499999999999432,-1.81047354923111E-28,-0.866025403784766));
#3272=DIRECTION('center_axis',(-6.52291840134883E-13,-1.18095712294417E-40,
1.));
#3273=DIRECTION('ref_axis',(-1.,-3.6209470984643E-28,-6.52291840134883E-13));
#3274=DIRECTION('',(3.6209470984643E-28,-1.,1.18095712294417E-40));
#3275=DIRECTION('',(-1.,-3.6209470984643E-28,-6.52291840134883E-13));
#3276=DIRECTION('center_axis',(0.866025403784113,3.13583217302904E-28,0.500000000000565));
#3277=DIRECTION('ref_axis',(-0.500000000000565,-7.3960103322463E-16,0.866025403784113));
#3278=DIRECTION('',(-0.500000000000565,-7.3960103322463E-16,0.866025403784113));
#3279=DIRECTION('center_axis',(-0.866025403784112,-3.13583217302904E-28,
-0.500000000000565));
#3280=DIRECTION('ref_axis',(0.500000000000565,1.81047354923317E-28,-0.866025403784112));
#3281=DIRECTION('',(-0.500000000000565,-1.81047354923317E-28,0.866025403784112));
#3282=DIRECTION('',(3.6209470984643E-28,-1.,1.18095712294417E-40));
#3283=DIRECTION('',(0.500000000000565,1.81047354923317E-28,-0.866025403784112));
#3284=DIRECTION('',(3.6209470984643E-28,-1.,1.18095712294417E-40));
#3285=DIRECTION('center_axis',(6.52291840134883E-13,1.18095712294417E-40,
-1.));
#3286=DIRECTION('ref_axis',(1.,3.6209470984643E-28,6.52291840134883E-13));
#3287=DIRECTION('',(-1.,-3.6209470984643E-28,-6.52291840134883E-13));
#3288=DIRECTION('',(3.6209470984643E-28,-1.,1.18095712294417E-40));
#3289=DIRECTION('',(1.,3.6209470984643E-28,6.52291840134883E-13));
#3290=DIRECTION('center_axis',(0.866025403784765,3.13583217303022E-28,-0.499999999999435));
#3291=DIRECTION('ref_axis',(0.499999999999435,4.44089209850244E-16,0.866025403784765));
#3292=DIRECTION('',(0.499999999999435,4.44089209850244E-16,0.866025403784765));
#3293=DIRECTION('',(3.6209470984643E-28,-1.,1.18095712294417E-40));
#3294=DIRECTION('',(0.499999999999435,4.44089209850244E-16,0.866025403784765));
#3295=DIRECTION('center_axis',(0.866025403784153,3.13583217302919E-28,0.500000000000495));
#3296=DIRECTION('ref_axis',(-0.500000000000495,-1.81047354923292E-28,0.866025403784153));
#3297=DIRECTION('',(-0.500000000000495,-1.81047354923292E-28,0.866025403784153));
#3298=DIRECTION('center_axis',(-0.866025403784888,-3.13583217303067E-28,
0.499999999999223));
#3299=DIRECTION('ref_axis',(-0.499999999999223,-4.44089209850056E-16,-0.866025403784887));
#3300=DIRECTION('',(0.499999999999223,4.44089209850056E-16,0.866025403784887));
#3301=DIRECTION('',(-0.499999999999223,-4.44089209850056E-16,-0.866025403784887));
#3302=DIRECTION('',(3.6209470984643E-28,-1.,1.18095712294417E-40));
#3303=DIRECTION('center_axis',(-3.6209470984643E-28,1.,-1.18095712294417E-40));
#3304=DIRECTION('ref_axis',(6.52291840134883E-13,1.18095712294417E-40,-1.));
#3305=DIRECTION('',(-1.,-3.6209470984643E-28,-3.26407116264665E-13));
#3306=DIRECTION('center_axis',(1.67605252601537E-28,1.,-5.12790049702188E-16));
#3307=DIRECTION('ref_axis',(1.,-1.67605252601537E-28,0.));
#3308=DIRECTION('',(0.500000000000001,0.,-0.866025403784438));
#3309=DIRECTION('',(1.,0.,0.));
#3310=DIRECTION('',(0.5,-7.39601033224446E-16,0.866025403784439));
#3311=DIRECTION('',(-0.500000000000002,0.,0.866025403784437));
#3312=DIRECTION('',(-1.,0.,0.));
#3313=DIRECTION('',(-0.499999999999998,7.39601033224447E-16,-0.86602540378444));
#3314=DIRECTION('center_axis',(1.67605252601537E-28,1.,-5.12790049702188E-16));
#3315=DIRECTION('ref_axis',(1.,-1.67605252601537E-28,0.));
#3316=DIRECTION('',(0.499999999999999,0.,-0.866025403784439));
#3317=DIRECTION('',(1.,0.,0.));
#3318=DIRECTION('',(0.499999999999997,-7.3960103322445E-16,0.86602540378444));
#3319=DIRECTION('',(-0.499999999999997,0.,0.86602540378444));
#3320=DIRECTION('',(-1.,0.,0.));
#3321=DIRECTION('',(-0.5,7.39601033224448E-16,-0.866025403784439));
#3322=DIRECTION('center_axis',(1.67605252601537E-28,1.,-5.12790049702188E-16));
#3323=DIRECTION('ref_axis',(1.,-1.67605252601537E-28,0.));
#3324=DIRECTION('',(1.,0.,0.));
#3325=DIRECTION('',(-0.5,4.44089209850063E-16,0.866025403784438));
#3326=DIRECTION('center_axis',(-4.58525401159713E-30,1.,-5.1279004970229E-16));
#3327=DIRECTION('ref_axis',(1.11022302462515E-15,5.1279004970229E-16,1.));
#3328=DIRECTION('',(-1.,2.33308117725662E-30,0.));
#3329=DIRECTION('center_axis',(0.,1.,0.));
#3330=DIRECTION('ref_axis',(0.,0.,-1.));
#3331=DIRECTION('',(0.,0.,-1.));
#3332=DIRECTION('center_axis',(0.,1.,0.));
#3333=DIRECTION('ref_axis',(-1.,0.,-8.88178419700124E-15));
#3334=DIRECTION('',(-1.,-1.16654058862831E-30,0.));
#3335=DIRECTION('center_axis',(1.11022302462514E-16,1.,4.48691293489505E-16));
#3336=DIRECTION('ref_axis',(0.866025403784439,1.28197512425575E-16,-0.5));
#3337=DIRECTION('',(-0.5,4.44089209850063E-16,-0.866025403784438));
#3338=DIRECTION('center_axis',(8.88178419699358E-16,1.,4.44473816285464E-28));
#3339=DIRECTION('ref_axis',(1.,-8.88178419699358E-16,5.08038056068485E-13));
#3340=DIRECTION('',(-0.500000000000001,0.,-0.866025403784438));
#3341=DIRECTION('',(-1.,0.,4.44089209850063E-16));
#3342=DIRECTION('',(-0.5,4.44089209850063E-16,0.866025403784439));
#3343=DIRECTION('',(0.500000000000213,0.,0.866025403784316));
#3344=DIRECTION('',(1.,3.6209470984643E-28,3.26187812951158E-13));
#3345=DIRECTION('',(1.,0.,3.25884723870219E-13));
#3346=DIRECTION('',(-0.499999999999788,4.44089209849875E-16,0.866025403784561));
#3347=DIRECTION('',(0.5,0.,0.866025403784439));
#3348=DIRECTION('center_axis',(1.,0.,0.));
#3349=DIRECTION('ref_axis',(0.,0.,-1.));
#3350=DIRECTION('',(0.,1.,-5.55111512312578E-16));
#3351=DIRECTION('center_axis',(0.,1.,-5.55111512312578E-16));
#3352=DIRECTION('ref_axis',(1.11022302462515E-15,5.55111512312578E-16,1.));
#3353=DIRECTION('',(0.,1.,-5.55111512312578E-16));
#3354=DIRECTION('',(0.,1.,-5.55111512312578E-16));
#3355=DIRECTION('center_axis',(1.29512022065493E-45,5.55111512312578E-16,
1.));
#3356=DIRECTION('ref_axis',(1.,-2.33308117725662E-30,0.));
#3357=DIRECTION('',(0.,1.,-5.55111512312578E-16));
#3358=DIRECTION('center_axis',(0.,1.,-5.55111512312578E-16));
#3359=DIRECTION('ref_axis',(0.,-5.55111512312578E-16,-1.));
#3360=DIRECTION('',(0.,1.,-5.55111512312578E-16));
#3361=DIRECTION('center_axis',(1.,0.,0.));
#3362=DIRECTION('ref_axis',(0.,0.,-1.));
#3363=DIRECTION('',(0.,1.,-5.55111512312578E-16));
#3364=DIRECTION('center_axis',(0.,1.,-5.55111512312578E-16));
#3365=DIRECTION('ref_axis',(-1.,-4.93038065763132E-30,-8.88178419700124E-15));
#3366=DIRECTION('',(0.,1.,-5.55111512312578E-16));
#3367=DIRECTION('center_axis',(6.47560110327467E-46,-5.55111512312578E-16,
-1.));
#3368=DIRECTION('ref_axis',(-1.,-1.16654058862831E-30,0.));
#3369=DIRECTION('',(0.,1.,-5.55111512312578E-16));
#3370=DIRECTION('center_axis',(0.,1.,-5.55111512312578E-16));
#3371=DIRECTION('ref_axis',(0.866025403784439,-2.77555756156289E-16,-0.5));
#3372=DIRECTION('',(0.,1.,-5.55111512312578E-16));
#3373=DIRECTION('center_axis',(0.866025403784438,-2.77555756156289E-16,
-0.5));
#3374=DIRECTION('ref_axis',(-0.5,4.44089209850063E-16,-0.866025403784438));
#3375=DIRECTION('',(0.,1.,-5.55111512312578E-16));
#3376=DIRECTION('center_axis',(0.,1.,-5.55111512312578E-16));
#3377=DIRECTION('ref_axis',(1.,2.82017773616519E-28,5.08038056068485E-13));
#3378=DIRECTION('center_axis',(0.866025403784438,0.,0.500000000000001));
#3379=DIRECTION('ref_axis',(-0.500000000000001,0.,0.866025403784438));
#3380=DIRECTION('',(0.,-1.,0.));
#3381=DIRECTION('',(-0.500000000000001,0.,0.866025403784438));
#3382=DIRECTION('',(0.,-1.,0.));
#3383=DIRECTION('center_axis',(0.,0.,1.));
#3384=DIRECTION('ref_axis',(-1.,0.,0.));
#3385=DIRECTION('',(-1.,0.,0.));
#3386=DIRECTION('',(0.,-1.,0.));
#3387=DIRECTION('center_axis',(-0.866025403784439,0.,0.5));
#3388=DIRECTION('ref_axis',(-0.5,7.39601033224446E-16,-0.866025403784439));
#3389=DIRECTION('',(-0.5,7.39601033224446E-16,-0.866025403784439));
#3390=DIRECTION('',(0.,-1.,0.));
#3391=DIRECTION('center_axis',(-0.866025403784437,0.,-0.500000000000002));
#3392=DIRECTION('ref_axis',(0.500000000000002,0.,-0.866025403784437));
#3393=DIRECTION('',(0.500000000000002,0.,-0.866025403784437));
#3394=DIRECTION('',(0.,-1.,0.));
#3395=DIRECTION('center_axis',(0.,0.,-1.));
#3396=DIRECTION('ref_axis',(1.,0.,0.));
#3397=DIRECTION('',(1.,0.,0.));
#3398=DIRECTION('',(0.,-1.,0.));
#3399=DIRECTION('center_axis',(0.86602540378444,0.,-0.499999999999998));
#3400=DIRECTION('ref_axis',(0.499999999999998,-7.39601033224447E-16,0.86602540378444));
#3401=DIRECTION('',(0.499999999999998,-7.39601033224447E-16,0.86602540378444));
#3402=DIRECTION('center_axis',(0.866025403784438,0.,-0.500000000000001));
#3403=DIRECTION('ref_axis',(0.500000000000001,0.,0.866025403784438));
#3404=DIRECTION('',(0.,-1.,0.));
#3405=DIRECTION('',(0.500000000000001,0.,0.866025403784438));
#3406=DIRECTION('',(0.,-1.,0.));
#3407=DIRECTION('center_axis',(-4.44089209850063E-16,0.,-1.));
#3408=DIRECTION('ref_axis',(1.,0.,-4.44089209850063E-16));
#3409=DIRECTION('',(1.,0.,-4.44089209850063E-16));
#3410=DIRECTION('',(0.,-1.,0.));
#3411=DIRECTION('center_axis',(-0.866025403784439,0.,-0.5));
#3412=DIRECTION('ref_axis',(0.5,-4.44089209850063E-16,-0.866025403784439));
#3413=DIRECTION('',(0.5,-4.44089209850063E-16,-0.866025403784439));
#3414=DIRECTION('',(0.,-1.,0.));
#3415=DIRECTION('center_axis',(-0.866025403784316,0.,0.500000000000213));
#3416=DIRECTION('ref_axis',(-0.500000000000213,0.,-0.866025403784316));
#3417=DIRECTION('',(-0.500000000000213,0.,-0.866025403784316));
#3418=DIRECTION('',(0.,-1.,0.));
#3419=DIRECTION('center_axis',(-3.26104027183725E-13,0.,1.));
#3420=DIRECTION('ref_axis',(-1.,0.,-3.26104027183725E-13));
#3421=DIRECTION('',(-1.,0.,-3.26104027183725E-13));
#3422=DIRECTION('center_axis',(0.866025403784398,0.,0.500000000000071));
#3423=DIRECTION('ref_axis',(-0.500000000000071,4.44089209850126E-16,0.866025403784398));
#3424=DIRECTION('',(-0.500000000000071,4.44089209850126E-16,0.866025403784398));
#3425=DIRECTION('center_axis',(0.,-1.,0.));
#3426=DIRECTION('ref_axis',(0.,0.,-1.));
#3427=DIRECTION('center_axis',(0.866025403784439,0.,0.499999999999999));
#3428=DIRECTION('ref_axis',(-0.499999999999999,0.,0.866025403784439));
#3429=DIRECTION('',(0.,-1.,0.));
#3430=DIRECTION('',(0.,-1.,0.));
#3431=DIRECTION('center_axis',(0.,0.,1.));
#3432=DIRECTION('ref_axis',(-1.,0.,0.));
#3433=DIRECTION('',(0.,-1.,0.));
#3434=DIRECTION('center_axis',(-0.86602540378444,0.,0.499999999999997));
#3435=DIRECTION('ref_axis',(-0.499999999999997,7.3960103322445E-16,-0.86602540378444));
#3436=DIRECTION('',(0.,-1.,0.));
#3437=DIRECTION('center_axis',(-0.86602540378444,0.,-0.499999999999997));
#3438=DIRECTION('ref_axis',(0.499999999999997,0.,-0.86602540378444));
#3439=DIRECTION('',(0.,-1.,0.));
#3440=DIRECTION('center_axis',(0.,0.,-1.));
#3441=DIRECTION('ref_axis',(1.,0.,0.));
#3442=DIRECTION('',(0.,-1.,0.));
#3443=DIRECTION('center_axis',(0.866025403784439,0.,-0.5));
#3444=DIRECTION('ref_axis',(0.5,-7.39601033224448E-16,0.866025403784439));
#3445=DIRECTION('center_axis',(-0.866025403784439,0.,0.5));
#3446=DIRECTION('ref_axis',(-0.5,0.,-0.866025403784439));
#3447=DIRECTION('',(0.,-1.,0.));
#3448=DIRECTION('',(0.,-1.,0.));
#3449=DIRECTION('center_axis',(0.,0.,1.));
#3450=DIRECTION('ref_axis',(-1.,0.,0.));
#3451=DIRECTION('',(0.,-1.,0.));
#3452=DIRECTION('center_axis',(0.866025403784439,0.,0.5));
#3453=DIRECTION('ref_axis',(-0.5,4.44089209850063E-16,0.866025403784439));
#3454=DIRECTION('center_axis',(3.25884723870219E-13,0.,-1.));
#3455=DIRECTION('ref_axis',(1.,0.,3.25884723870219E-13));
#3456=DIRECTION('',(0.,-1.,0.));
#3457=DIRECTION('center_axis',(-0.866025403784561,0.,-0.499999999999788));
#3458=DIRECTION('ref_axis',(0.499999999999787,-4.44089209849875E-16,-0.866025403784561));
#3459=CARTESIAN_POINT('',(0.,0.,0.));
#3460=CARTESIAN_POINT('Origin',(-86.5000000000412,17.5999999999683,19.3262406046146));
#3461=CARTESIAN_POINT('',(-86.5000000000425,21.5999999999683,23.3262406046146));
#3462=CARTESIAN_POINT('',(-90.5000000000412,21.5999999999683,19.326240604614));
#3463=CARTESIAN_POINT('Origin',(-86.5000000000412,21.5999999999683,19.3262406046146));
#3464=CARTESIAN_POINT('',(-90.5000000000412,17.5999999999683,19.326240604614));
#3465=CARTESIAN_POINT('',(-90.5000000000412,17.5999999999683,19.326240604614));
#3466=CARTESIAN_POINT('',(-88.2260835692149,17.5999999999683,22.9346523760493));
#3467=CARTESIAN_POINT('Origin',(-86.5000000000412,17.5999999999683,19.3262406046146));
#3468=CARTESIAN_POINT('',(-88.2260835692149,11.5999999999683,22.9346523760493));
#3469=CARTESIAN_POINT('',(-88.2260835692149,17.5999999999683,22.9346523760493));
#3470=CARTESIAN_POINT('',(-86.5000000000425,11.5999999999683,23.3262406046146));
#3471=CARTESIAN_POINT('Origin',(-86.5000000000412,11.5999999999683,19.3262406046146));
#3472=CARTESIAN_POINT('',(-86.5000000000425,17.5999999999683,23.3262406046146));
#3473=CARTESIAN_POINT('Origin',(-85.500000000039,11.5999999999683,18.996113585694));
#3474=CARTESIAN_POINT('',(-90.500000000039,11.5999999999683,18.9961135856911));
#3475=CARTESIAN_POINT('',(-88.0000000000418,11.5999999999683,23.3262406046141));
#3476=CARTESIAN_POINT('',(-88.0000000000361,11.5999999999683,14.6659865667705));
#3477=CARTESIAN_POINT('',(-90.500000000039,11.5999999999683,18.9961135856911));
#3478=CARTESIAN_POINT('',(-83.0000000000361,11.5999999999683,14.6659865667738));
#3479=CARTESIAN_POINT('',(-88.0000000000361,11.5999999999683,14.6659865667705));
#3480=CARTESIAN_POINT('',(-80.500000000039,11.5999999999683,18.9961135856976));
#3481=CARTESIAN_POINT('',(-83.0000000000361,11.5999999999683,14.6659865667738));
#3482=CARTESIAN_POINT('',(-83.0000000000418,11.5999999999683,23.3262406046157));
#3483=CARTESIAN_POINT('',(-80.500000000039,11.5999999999683,18.9961135856976));
#3484=CARTESIAN_POINT('',(-90.5000000000418,11.5999999999683,23.3262406046133));
#3485=CARTESIAN_POINT('',(-82.4977786002529,11.5999999999683,18.9961135856963));
#3486=CARTESIAN_POINT('',(-83.9988893001476,11.5999999999683,21.5961135856953));
#3487=CARTESIAN_POINT('',(-83.9988893001476,11.5999999999683,21.5961135856953));
#3488=CARTESIAN_POINT('',(-83.9988893001442,11.5999999999683,16.3961135856953));
#3489=CARTESIAN_POINT('',(-82.4977786002529,11.5999999999683,18.9961135856963));
#3490=CARTESIAN_POINT('',(-87.0011106999303,11.5999999999683,16.3961135856934));
#3491=CARTESIAN_POINT('',(-83.9988893001442,11.5999999999683,16.3961135856953));
#3492=CARTESIAN_POINT('',(-88.502221399825,11.5999999999683,18.9961135856924));
#3493=CARTESIAN_POINT('',(-87.0011106999303,11.5999999999683,16.3961135856934));
#3494=CARTESIAN_POINT('',(-87.0011106999337,11.5999999999683,21.5961135856934));
#3495=CARTESIAN_POINT('',(-88.502221399825,11.5999999999683,18.9961135856924));
#3496=CARTESIAN_POINT('',(-87.0011106999337,11.5999999999683,21.5961135856934));
#3497=CARTESIAN_POINT('Origin',(-90.500000000039,17.5999999999683,18.9961135856911));
#3498=CARTESIAN_POINT('',(-90.500000000039,17.5999999999683,18.9961135856911));
#3499=CARTESIAN_POINT('',(-88.0000000000418,17.5999999999683,23.3262406046141));
#3500=CARTESIAN_POINT('',(-90.500000000039,17.5999999999683,18.9961135856911));
#3501=CARTESIAN_POINT('Origin',(-70.2500000000209,17.5999999999683,-40.751943207161));
#3502=CARTESIAN_POINT('',(-90.5000000000294,17.5999999999683,-58.6352964571093));
#3503=CARTESIAN_POINT('Origin',(-13.5000000000398,17.5999999999683,19.3262406046384));
#3504=CARTESIAN_POINT('',(-9.50000000003978,21.5999999999683,19.3262406046404));
#3505=CARTESIAN_POINT('',(-13.5000000000411,21.5999999999683,23.3262406046384));
#3506=CARTESIAN_POINT('Origin',(-13.5000000000398,21.5999999999683,19.3262406046384));
#3507=CARTESIAN_POINT('',(-13.5000000000411,11.5999999999683,23.3262406046384));
#3508=CARTESIAN_POINT('',(-13.5000000000411,17.5999999999683,23.3262406046384));
#3509=CARTESIAN_POINT('',(-11.7739164308685,11.5999999999683,22.9346523760743));
#3510=CARTESIAN_POINT('Origin',(-13.5000000000398,11.5999999999683,19.3262406046384));
#3511=CARTESIAN_POINT('',(-11.7739164308685,17.5999999999683,22.9346523760743));
#3512=CARTESIAN_POINT('',(-11.7739164308685,17.5999999999683,22.9346523760743));
#3513=CARTESIAN_POINT('',(-9.50000000003978,17.5999999999683,19.3262406046404));
#3514=CARTESIAN_POINT('Origin',(-13.5000000000398,17.5999999999683,19.3262406046384));
#3515=CARTESIAN_POINT('',(-9.50000000003978,17.5999999999683,19.3262406046404));
#3516=CARTESIAN_POINT('Origin',(-29.7500000000209,21.5999999999683,-40.7519432071478));
#3517=CARTESIAN_POINT('',(-90.5000000000418,21.5999999999683,23.3262406046133));
#3518=CARTESIAN_POINT('',(-9.50000000000066,21.5999999999683,-58.6352964570829));
#3519=CARTESIAN_POINT('',(-9.50000000000066,21.5999999999683,-58.6352964570829));
#3520=CARTESIAN_POINT('',(-10.1698729810785,21.5999999999683,-61.1352964570854));
#3521=CARTESIAN_POINT('Origin',(-14.5000000000005,21.5999999999683,-58.6352964570854));
#3522=CARTESIAN_POINT('',(-14.4226497308104,21.5999999999683,-68.5013218608687));
#3523=CARTESIAN_POINT('',(-10.1698729810785,21.5999999999683,-61.1352964570854));
#3524=CARTESIAN_POINT('',(-16.1547005383792,21.5999999999683,-69.5013218608687));
#3525=CARTESIAN_POINT('Origin',(-16.1547005383792,21.5999999999683,-67.5013218608687));
#3526=CARTESIAN_POINT('',(-17.,21.5999999999683,-69.5013218608687));
#3527=CARTESIAN_POINT('',(-16.1547005383792,21.5999999999683,-69.5013218608687));
#3528=CARTESIAN_POINT('',(-19.,21.5999999999683,-71.5013218608687));
#3529=CARTESIAN_POINT('Origin',(-17.,21.5999999999683,-71.5013218608687));
#3530=CARTESIAN_POINT('',(-19.,21.5999999999683,-88.9737205583712));
#3531=CARTESIAN_POINT('',(-19.,21.5999999999683,-71.5013218608687));
#3532=CARTESIAN_POINT('',(-17.,21.5999999999683,-90.9737205583712));
#3533=CARTESIAN_POINT('Origin',(-17.,21.5999999999683,-88.9737205583712));
#3534=CARTESIAN_POINT('',(-16.1547005383792,21.5999999999683,-90.9737205583712));
#3535=CARTESIAN_POINT('',(-16.1547005383792,21.5999999999683,-90.9737205583712));
#3536=CARTESIAN_POINT('',(-14.4226497308104,21.5999999999683,-91.9737205583712));
#3537=CARTESIAN_POINT('Origin',(-16.1547005383792,21.5999999999683,-92.9737205583712));
#3538=CARTESIAN_POINT('',(-9.49999999999999,21.5999999999683,-100.5));
#3539=CARTESIAN_POINT('',(-12.,21.5999999999683,-96.1698729810778));
#3540=CARTESIAN_POINT('',(-9.49999999999999,21.5999999999683,-100.830127018924));
#3541=CARTESIAN_POINT('',(-9.49999999999999,21.5999999999683,-104.830127018922));
#3542=CARTESIAN_POINT('',(-13.4999999999987,21.5999999999683,-104.830127018923));
#3543=CARTESIAN_POINT('Origin',(-13.5,21.5999999999683,-100.830127018924));
#3544=CARTESIAN_POINT('',(-86.5000000000013,21.5999999999683,-104.830127018947));
#3545=CARTESIAN_POINT('',(-50.,21.5999999999683,-104.830127018935));
#3546=CARTESIAN_POINT('',(-90.5000000000026,21.5999999999683,-100.83012701895));
#3547=CARTESIAN_POINT('Origin',(-86.5000000000026,21.5999999999683,-100.830127018947));
#3548=CARTESIAN_POINT('',(-90.5000000000028,21.5999999999683,-100.500000000026));
#3549=CARTESIAN_POINT('',(-90.5,21.5999999999683,-104.830127018949));
#3550=CARTESIAN_POINT('',(-85.577350269198,21.5999999999683,-91.9737205583944));
#3551=CARTESIAN_POINT('',(-88.0000000000056,21.5999999999683,-96.1698729811026));
#3552=CARTESIAN_POINT('',(-83.8452994616298,21.5999999999683,-90.9737205583933));
#3553=CARTESIAN_POINT('Origin',(-83.8452994616285,21.5999999999683,-92.9737205583933));
#3554=CARTESIAN_POINT('',(-83.000000000009,21.5999999999683,-90.9737205583927));
#3555=CARTESIAN_POINT('',(-83.8452994616298,21.5999999999683,-90.9737205583933));
#3556=CARTESIAN_POINT('',(-81.0000000000103,21.5999999999683,-88.9737205583914));
#3557=CARTESIAN_POINT('Origin',(-83.0000000000103,21.5999999999683,-88.9737205583927));
#3558=CARTESIAN_POINT('',(-81.0000000000217,21.5999999999683,-71.5013218608889));
#3559=CARTESIAN_POINT('',(-81.0000000000217,21.5999999999683,-71.5013218608889));
#3560=CARTESIAN_POINT('',(-83.000000000023,21.5999999999683,-69.5013218608902));
#3561=CARTESIAN_POINT('Origin',(-83.0000000000217,21.5999999999683,-71.5013218608902));
#3562=CARTESIAN_POINT('',(-83.8452994616438,21.5999999999683,-69.5013218608908));
#3563=CARTESIAN_POINT('',(-83.8452994616438,21.5999999999683,-69.5013218608908));
#3564=CARTESIAN_POINT('',(-85.5773502692133,21.5999999999683,-68.5013218608919));
#3565=CARTESIAN_POINT('Origin',(-83.8452994616451,21.5999999999683,-67.5013218608907));
#3566=CARTESIAN_POINT('',(-89.83012701895,21.5999999999683,-61.1352964571114));
#3567=CARTESIAN_POINT('',(-89.83012701895,21.5999999999683,-61.1352964571114));
#3568=CARTESIAN_POINT('',(-90.5000000000294,21.5999999999683,-58.6352964571093));
#3569=CARTESIAN_POINT('Origin',(-85.5000000000296,21.5999999999683,-58.6352964571086));
#3570=CARTESIAN_POINT('',(-90.5000000000294,21.5999999999683,-58.6352964571093));
#3571=CARTESIAN_POINT('',(-83.500000000039,21.5999999999683,18.9961135856957));
#3572=CARTESIAN_POINT('Origin',(-85.500000000039,21.5999999999683,18.9961135856944));
#3573=CARTESIAN_POINT('',(-15.5011413773695,21.5999999999683,-0.6893908050292));
#3574=CARTESIAN_POINT('Origin',(-17.4997413773695,21.5999999999683,-0.6893908050292));
#3575=CARTESIAN_POINT('',(-29.2499999999994,21.5999999999683,-54.8312179258408));
#3576=CARTESIAN_POINT('Origin',(-31.2499999999994,21.5999999999683,-54.8312179258408));
#3577=CARTESIAN_POINT('',(-29.249999999999,21.5999999999683,-92.3312179258409));
#3578=CARTESIAN_POINT('Origin',(-31.249999999999,21.5999999999683,-92.3312179258409));
#3579=CARTESIAN_POINT('',(-66.7499999999995,21.5999999999683,-54.8312179258413));
#3580=CARTESIAN_POINT('Origin',(-68.7499999999995,21.5999999999683,-54.8312179258413));
#3581=CARTESIAN_POINT('',(-80.5011413773694,21.5999999999683,-45.6893908050289));
#3582=CARTESIAN_POINT('Origin',(-82.4997413773694,21.5999999999683,-45.6893908050289));
#3583=CARTESIAN_POINT('',(-80.5011413773694,21.5999999999683,-0.689390805029087));
#3584=CARTESIAN_POINT('Origin',(-82.4997413773694,21.5999999999683,-0.689390805029087));
#3585=CARTESIAN_POINT('',(-83.5000000000028,21.5999999999683,-100.500000000022));
#3586=CARTESIAN_POINT('Origin',(-85.5000000000028,21.5999999999683,-100.500000000023));
#3587=CARTESIAN_POINT('',(-66.749999999999,21.5999999999683,-92.3312179258413));
#3588=CARTESIAN_POINT('Origin',(-68.749999999999,21.5999999999683,-92.3312179258413));
#3589=CARTESIAN_POINT('',(-16.5,21.5999999999683,-100.5));
#3590=CARTESIAN_POINT('Origin',(-14.5,21.5999999999683,-100.5));
#3591=CARTESIAN_POINT('',(-15.5011413773696,21.5999999999683,-45.689390805029));
#3592=CARTESIAN_POINT('Origin',(-17.4997413773696,21.5999999999683,-45.689390805029));
#3593=CARTESIAN_POINT('',(-16.5000000000418,21.5999999999683,18.9961135857175));
#3594=CARTESIAN_POINT('Origin',(-14.5000000000418,21.5999999999683,18.9961135857175));
#3595=CARTESIAN_POINT('',(-32.1625473789476,21.5999999999683,-4.96308819604909));
#3596=CARTESIAN_POINT('',(-32.1625473789476,21.5999999999683,-44.9630881960491));
#3597=CARTESIAN_POINT('',(-32.1625473789476,21.5999999999683,-22.8575157015985));
#3598=CARTESIAN_POINT('',(-28.1625473789476,21.5999999999683,-44.9630881960491));
#3599=CARTESIAN_POINT('Origin',(-30.1625473789476,21.5999999999683,-44.9630881960491));
#3600=CARTESIAN_POINT('',(-28.1625473789476,21.5999999999683,-4.96308819604909));
#3601=CARTESIAN_POINT('',(-28.1625473789476,21.5999999999683,-42.8575157015985));
#3602=CARTESIAN_POINT('Origin',(-30.1625473789476,21.5999999999683,-4.96308819604909));
#3603=CARTESIAN_POINT('',(-61.9682851540221,21.5999999999683,-59.8748867006925));
#3604=CARTESIAN_POINT('',(-61.9682851540221,21.5999999999683,-89.8748867006925));
#3605=CARTESIAN_POINT('',(-61.9682851540221,21.5999999999683,-50.3134149539202));
#3606=CARTESIAN_POINT('',(-57.9682851540221,21.5999999999683,-89.8748867006925));
#3607=CARTESIAN_POINT('Origin',(-59.9682851540221,21.5999999999683,-89.8748867006925));
#3608=CARTESIAN_POINT('',(-57.9682851540221,21.5999999999683,-59.8748867006925));
#3609=CARTESIAN_POINT('',(-57.9682851540221,21.5999999999683,-65.3134149539202));
#3610=CARTESIAN_POINT('Origin',(-59.9682851540221,21.5999999999683,-59.8748867006925));
#3611=CARTESIAN_POINT('',(-71.5074581375805,21.5999999999683,-5.1599128904781));
#3612=CARTESIAN_POINT('',(-71.5074581375805,21.5999999999683,-45.1599128904781));
#3613=CARTESIAN_POINT('',(-71.5074581375805,21.5999999999683,-22.955928048813));
#3614=CARTESIAN_POINT('',(-67.5074581375805,21.5999999999683,-45.1599128904781));
#3615=CARTESIAN_POINT('Origin',(-69.5074581375805,21.5999999999683,-45.1599128904781));
#3616=CARTESIAN_POINT('',(-67.5074581375805,21.5999999999683,-5.1599128904781));
#3617=CARTESIAN_POINT('',(-67.5074581375805,21.5999999999683,-42.955928048813));
#3618=CARTESIAN_POINT('Origin',(-69.5074581375805,21.5999999999683,-5.1599128904781));
#3619=CARTESIAN_POINT('',(-42.0587851003356,21.5999999999683,-60.1687538601565));
#3620=CARTESIAN_POINT('',(-42.0587851003356,21.5999999999683,-90.1687538601565));
#3621=CARTESIAN_POINT('',(-42.0587851003356,21.5999999999683,-50.4603485336522));
#3622=CARTESIAN_POINT('',(-38.0587851003355,21.5999999999683,-90.1687538601565));
#3623=CARTESIAN_POINT('Origin',(-40.0587851003355,21.5999999999683,-90.1687538601565));
#3624=CARTESIAN_POINT('',(-38.0587851003355,21.5999999999683,-60.1687538601565));
#3625=CARTESIAN_POINT('',(-38.0587851003355,21.5999999999683,-65.4603485336522));
#3626=CARTESIAN_POINT('Origin',(-40.0587851003355,21.5999999999683,-60.1687538601565));
#3627=CARTESIAN_POINT('',(-52.0827204010244,21.5999999999683,-4.96308819604909));
#3628=CARTESIAN_POINT('',(-52.0827204010244,21.5999999999683,-44.9630881960491));
#3629=CARTESIAN_POINT('',(-52.0827204010244,21.5999999999683,-22.8575157015985));
#3630=CARTESIAN_POINT('',(-48.0827204010244,21.5999999999683,-44.9630881960491));
#3631=CARTESIAN_POINT('Origin',(-50.0827204010244,21.5999999999683,-44.9630881960491));
#3632=CARTESIAN_POINT('',(-48.0827204010244,21.5999999999683,-4.96308819604909));
#3633=CARTESIAN_POINT('',(-48.0827204010244,21.5999999999683,-42.8575157015985));
#3634=CARTESIAN_POINT('Origin',(-50.0827204010244,21.5999999999683,-4.96308819604909));
#3635=CARTESIAN_POINT('Origin',(-9.50000000004178,17.5999999999683,23.3262406046397));
#3636=CARTESIAN_POINT('',(-9.50000000004178,17.5999999999683,18.9961135857175));
#3637=CARTESIAN_POINT('',(-9.50000000000066,17.5999999999683,-58.6352964570829));
#3638=CARTESIAN_POINT('',(-9.50000000000066,17.5999999999683,-58.6352964570829));
#3639=CARTESIAN_POINT('',(-9.50000000000066,17.5999999999683,-58.6352964570829));
#3640=CARTESIAN_POINT('',(-9.50000000000066,17.5999999999683,-58.6352964570829));
#3641=CARTESIAN_POINT('Origin',(-29.7500000000209,17.5999999999683,-40.7519432071478));
#3642=CARTESIAN_POINT('',(-12.0000000000418,17.5999999999683,23.3262406046389));
#3643=CARTESIAN_POINT('Origin',(-86.5000000000026,17.5999999999683,-100.830127018947));
#3644=CARTESIAN_POINT('',(-86.5000000000013,11.5999999999683,-104.830127018947));
#3645=CARTESIAN_POINT('',(-86.5000000000013,17.5999999999683,-104.830127018947));
#3646=CARTESIAN_POINT('',(-88.2260835691734,11.5999999999683,-104.438538790383));
#3647=CARTESIAN_POINT('Origin',(-86.5000000000026,11.5999999999683,-100.830127018947));
#3648=CARTESIAN_POINT('',(-88.2260835691734,17.5999999999683,-104.438538790383));
#3649=CARTESIAN_POINT('',(-88.2260835691734,17.5999999999683,-104.438538790383));
#3650=CARTESIAN_POINT('',(-90.5000000000026,17.5999999999683,-100.83012701895));
#3651=CARTESIAN_POINT('Origin',(-86.5000000000026,17.5999999999683,-100.830127018947));
#3652=CARTESIAN_POINT('',(-90.5000000000026,17.5999999999683,-100.83012701895));
#3653=CARTESIAN_POINT('Origin',(-90.5000000000028,17.5999999999683,-100.500000000026));
#3654=CARTESIAN_POINT('',(-90.5000000000028,17.5999999999683,-100.500000000026));
#3655=CARTESIAN_POINT('',(-90.5,17.5999999999683,-104.830127018949));
#3656=CARTESIAN_POINT('',(-90.5000000000028,17.5999999999683,-100.500000000026));
#3657=CARTESIAN_POINT('Origin',(-70.2500000000209,17.5999999999683,-40.751943207161));
#3658=CARTESIAN_POINT('',(-90.5000000000028,17.5999999999683,-100.500000000026));
#3659=CARTESIAN_POINT('Origin',(-13.5,17.5999999999683,-100.830127018924));
#3660=CARTESIAN_POINT('',(-9.49999999999999,17.5999999999683,-100.830127018924));
#3661=CARTESIAN_POINT('',(-9.49999999999999,17.5999999999683,-100.830127018924));
#3662=CARTESIAN_POINT('',(-11.7739164308268,17.5999999999683,-104.438538790358));
#3663=CARTESIAN_POINT('Origin',(-13.5,17.5999999999683,-100.830127018924));
#3664=CARTESIAN_POINT('',(-11.7739164308268,11.5999999999683,-104.438538790358));
#3665=CARTESIAN_POINT('',(-11.7739164308268,17.5999999999683,-104.438538790358));
#3666=CARTESIAN_POINT('',(-13.4999999999987,11.5999999999683,-104.830127018923));
#3667=CARTESIAN_POINT('Origin',(-13.5,11.5999999999683,-100.830127018924));
#3668=CARTESIAN_POINT('',(-13.4999999999987,17.5999999999683,-104.830127018924));
#3669=CARTESIAN_POINT('Origin',(-14.5,11.5999999999683,-100.500000000001));
#3670=CARTESIAN_POINT('',(-9.49999999999999,11.5999999999683,-100.5));
#3671=CARTESIAN_POINT('',(-9.49999999999999,11.5999999999683,-100.5));
#3672=CARTESIAN_POINT('',(-12.,11.5999999999683,-96.1698729810778));
#3673=CARTESIAN_POINT('',(-9.49999999999999,11.5999999999683,-100.5));
#3674=CARTESIAN_POINT('',(-17.,11.5999999999683,-96.1698729810778));
#3675=CARTESIAN_POINT('',(-17.,11.5999999999683,-96.1698729810778));
#3676=CARTESIAN_POINT('',(-19.5,11.5999999999683,-100.5));
#3677=CARTESIAN_POINT('',(-19.5,11.5999999999683,-100.5));
#3678=CARTESIAN_POINT('',(-17.,11.5999999999683,-104.830127018925));
#3679=CARTESIAN_POINT('',(-17.,11.5999999999683,-104.830127018925));
#3680=CARTESIAN_POINT('',(-50.,11.5999999999683,-104.830127018935));
#3681=CARTESIAN_POINT('',(-17.502221399786,11.5999999999683,-100.5));
#3682=CARTESIAN_POINT('',(-16.001110699893,11.5999999999683,-97.9));
#3683=CARTESIAN_POINT('',(-16.001110699893,11.5999999999683,-97.9));
#3684=CARTESIAN_POINT('',(-12.998889300107,11.5999999999683,-97.9));
#3685=CARTESIAN_POINT('',(-12.998889300107,11.5999999999683,-97.9));
#3686=CARTESIAN_POINT('',(-11.4977786002139,11.5999999999683,-100.5));
#3687=CARTESIAN_POINT('',(-11.4977786002139,11.5999999999683,-100.5));
#3688=CARTESIAN_POINT('',(-12.998889300107,11.5999999999683,-103.1));
#3689=CARTESIAN_POINT('',(-12.998889300107,11.5999999999683,-103.1));
#3690=CARTESIAN_POINT('',(-16.001110699893,11.5999999999683,-103.1));
#3691=CARTESIAN_POINT('',(-16.001110699893,11.5999999999683,-103.1));
#3692=CARTESIAN_POINT('',(-17.502221399786,11.5999999999683,-100.5));
#3693=CARTESIAN_POINT('Origin',(-12.,17.5999999999683,-104.830127018923));
#3694=CARTESIAN_POINT('',(-9.49999999999999,17.5999999999683,-100.5));
#3695=CARTESIAN_POINT('',(-9.49999999999999,17.5999999999683,-100.5));
#3696=CARTESIAN_POINT('',(-9.49999999999999,17.5999999999683,-100.5));
#3697=CARTESIAN_POINT('Origin',(-29.7500000000209,17.5999999999683,-40.7519432071478));
#3698=CARTESIAN_POINT('',(-9.49999999999999,17.5999999999683,-104.830127018922));
#3699=CARTESIAN_POINT('Origin',(-48.0827204010244,21.5999999999683,-44.9630881960491));
#3700=CARTESIAN_POINT('',(-48.0827204010244,17.5999999999683,-4.96308819604909));
#3701=CARTESIAN_POINT('',(-48.0827204010244,17.5999999999683,-44.9630881960491));
#3702=CARTESIAN_POINT('',(-48.0827204010244,17.5999999999683,-42.8575157015985));
#3703=CARTESIAN_POINT('',(-48.0827204010244,21.5999999999683,-4.96308819604909));
#3704=CARTESIAN_POINT('',(-48.0827204010244,21.5999999999683,-44.9630881960491));
#3705=CARTESIAN_POINT('Origin',(-50.0827204010244,21.5999999999683,-44.9630881960491));
#3706=CARTESIAN_POINT('',(-52.0827204010244,17.5999999999683,-44.9630881960491));
#3707=CARTESIAN_POINT('Origin',(-50.0827204010244,17.5999999999683,-44.9630881960491));
#3708=CARTESIAN_POINT('',(-52.0827204010244,21.5999999999683,-44.9630881960491));
#3709=CARTESIAN_POINT('Origin',(-52.0827204010244,21.5999999999683,-4.96308819604909));
#3710=CARTESIAN_POINT('',(-52.0827204010244,17.5999999999683,-4.96308819604909));
#3711=CARTESIAN_POINT('',(-52.0827204010244,17.5999999999683,-22.8575157015985));
#3712=CARTESIAN_POINT('',(-52.0827204010244,21.5999999999683,-4.96308819604909));
#3713=CARTESIAN_POINT('Origin',(-50.0827204010244,21.5999999999683,-4.96308819604909));
#3714=CARTESIAN_POINT('Origin',(-50.0827204010244,17.5999999999683,-4.96308819604909));
#3715=CARTESIAN_POINT('Origin',(-38.0587851003355,21.5999999999683,-90.1687538601565));
#3716=CARTESIAN_POINT('',(-38.0587851003355,17.5999999999683,-60.1687538601565));
#3717=CARTESIAN_POINT('',(-38.0587851003355,17.5999999999683,-90.1687538601565));
#3718=CARTESIAN_POINT('',(-38.0587851003355,17.5999999999683,-65.4603485336522));
#3719=CARTESIAN_POINT('',(-38.0587851003355,21.5999999999683,-60.1687538601565));
#3720=CARTESIAN_POINT('',(-38.0587851003355,21.5999999999683,-90.1687538601565));
#3721=CARTESIAN_POINT('Origin',(-40.0587851003355,21.5999999999683,-90.1687538601565));
#3722=CARTESIAN_POINT('',(-42.0587851003356,17.5999999999683,-90.1687538601565));
#3723=CARTESIAN_POINT('Origin',(-40.0587851003355,17.5999999999683,-90.1687538601565));
#3724=CARTESIAN_POINT('',(-42.0587851003356,21.5999999999683,-90.1687538601565));
#3725=CARTESIAN_POINT('Origin',(-42.0587851003356,21.5999999999683,-60.1687538601565));
#3726=CARTESIAN_POINT('',(-42.0587851003356,17.5999999999683,-60.1687538601565));
#3727=CARTESIAN_POINT('',(-42.0587851003356,17.5999999999683,-50.4603485336522));
#3728=CARTESIAN_POINT('',(-42.0587851003356,21.5999999999683,-60.1687538601565));
#3729=CARTESIAN_POINT('Origin',(-40.0587851003355,21.5999999999683,-60.1687538601565));
#3730=CARTESIAN_POINT('Origin',(-40.0587851003355,17.5999999999683,-60.1687538601565));
#3731=CARTESIAN_POINT('Origin',(-67.5074581375805,21.5999999999683,-45.1599128904781));
#3732=CARTESIAN_POINT('',(-67.5074581375805,17.5999999999683,-5.1599128904781));
#3733=CARTESIAN_POINT('',(-67.5074581375805,17.5999999999683,-45.1599128904781));
#3734=CARTESIAN_POINT('',(-67.5074581375805,17.5999999999683,-42.955928048813));
#3735=CARTESIAN_POINT('',(-67.5074581375805,21.5999999999683,-5.1599128904781));
#3736=CARTESIAN_POINT('',(-67.5074581375805,21.5999999999683,-45.1599128904781));
#3737=CARTESIAN_POINT('Origin',(-69.5074581375805,21.5999999999683,-45.1599128904781));
#3738=CARTESIAN_POINT('',(-71.5074581375805,17.5999999999683,-45.1599128904781));
#3739=CARTESIAN_POINT('Origin',(-69.5074581375805,17.5999999999683,-45.1599128904781));
#3740=CARTESIAN_POINT('',(-71.5074581375805,21.5999999999683,-45.1599128904781));
#3741=CARTESIAN_POINT('Origin',(-71.5074581375805,21.5999999999683,-5.1599128904781));
#3742=CARTESIAN_POINT('',(-71.5074581375805,17.5999999999683,-5.1599128904781));
#3743=CARTESIAN_POINT('',(-71.5074581375805,17.5999999999683,-22.955928048813));
#3744=CARTESIAN_POINT('',(-71.5074581375805,21.5999999999683,-5.1599128904781));
#3745=CARTESIAN_POINT('Origin',(-69.5074581375805,21.5999999999683,-5.1599128904781));
#3746=CARTESIAN_POINT('Origin',(-69.5074581375805,17.5999999999683,-5.1599128904781));
#3747=CARTESIAN_POINT('Origin',(-57.9682851540221,21.5999999999683,-89.8748867006925));
#3748=CARTESIAN_POINT('',(-57.9682851540221,17.5999999999683,-59.8748867006925));
#3749=CARTESIAN_POINT('',(-57.9682851540221,17.5999999999683,-89.8748867006925));
#3750=CARTESIAN_POINT('',(-57.9682851540221,17.5999999999683,-65.3134149539202));
#3751=CARTESIAN_POINT('',(-57.9682851540221,21.5999999999683,-59.8748867006925));
#3752=CARTESIAN_POINT('',(-57.9682851540221,21.5999999999683,-89.8748867006925));
#3753=CARTESIAN_POINT('Origin',(-59.9682851540221,21.5999999999683,-89.8748867006925));
#3754=CARTESIAN_POINT('',(-61.9682851540221,17.5999999999683,-89.8748867006925));
#3755=CARTESIAN_POINT('Origin',(-59.9682851540221,17.5999999999683,-89.8748867006925));
#3756=CARTESIAN_POINT('',(-61.9682851540221,21.5999999999683,-89.8748867006925));
#3757=CARTESIAN_POINT('Origin',(-61.9682851540221,21.5999999999683,-59.8748867006925));
#3758=CARTESIAN_POINT('',(-61.9682851540221,17.5999999999683,-59.8748867006925));
#3759=CARTESIAN_POINT('',(-61.9682851540221,17.5999999999683,-50.3134149539202));
#3760=CARTESIAN_POINT('',(-61.9682851540221,21.5999999999683,-59.8748867006925));
#3761=CARTESIAN_POINT('Origin',(-59.9682851540221,21.5999999999683,-59.8748867006925));
#3762=CARTESIAN_POINT('Origin',(-59.9682851540221,17.5999999999683,-59.8748867006925));
#3763=CARTESIAN_POINT('Origin',(-28.1625473789476,21.5999999999683,-44.9630881960491));
#3764=CARTESIAN_POINT('',(-28.1625473789476,17.5999999999683,-4.96308819604909));
#3765=CARTESIAN_POINT('',(-28.1625473789476,17.5999999999683,-44.9630881960491));
#3766=CARTESIAN_POINT('',(-28.1625473789476,17.5999999999683,-42.8575157015985));
#3767=CARTESIAN_POINT('',(-28.1625473789476,21.5999999999683,-4.96308819604909));
#3768=CARTESIAN_POINT('',(-28.1625473789476,21.5999999999683,-44.9630881960491));
#3769=CARTESIAN_POINT('Origin',(-30.1625473789476,21.5999999999683,-44.9630881960491));
#3770=CARTESIAN_POINT('',(-32.1625473789476,17.5999999999683,-44.9630881960491));
#3771=CARTESIAN_POINT('Origin',(-30.1625473789476,17.5999999999683,-44.9630881960491));
#3772=CARTESIAN_POINT('',(-32.1625473789476,21.5999999999683,-44.9630881960491));
#3773=CARTESIAN_POINT('Origin',(-32.1625473789476,21.5999999999683,-4.96308819604909));
#3774=CARTESIAN_POINT('',(-32.1625473789476,17.5999999999683,-4.96308819604909));
#3775=CARTESIAN_POINT('',(-32.1625473789476,17.5999999999683,-22.8575157015985));
#3776=CARTESIAN_POINT('',(-32.1625473789476,21.5999999999683,-4.96308819604909));
#3777=CARTESIAN_POINT('Origin',(-30.1625473789476,21.5999999999683,-4.96308819604909));
#3778=CARTESIAN_POINT('Origin',(-30.1625473789476,17.5999999999683,-4.96308819604909));
#3779=CARTESIAN_POINT('Origin',(-85.500000000039,21.3499999999683,18.9961135856944));
#3780=CARTESIAN_POINT('',(-84.000000000039,21.0999999999683,18.9961135856953));
#3781=CARTESIAN_POINT('Origin',(-85.500000000039,21.0999999999683,18.9961135856944));
#3782=CARTESIAN_POINT('',(-83.750000000039,21.3499999999683,18.9961135856955));
#3783=CARTESIAN_POINT('Origin',(-85.500000000039,17.5999999999683,18.9961135856944));
#3784=CARTESIAN_POINT('',(-84.000000000039,17.5999999999683,18.9961135856953));
#3785=CARTESIAN_POINT('',(-84.000000000039,17.5999999999683,18.9961135856953));
#3786=CARTESIAN_POINT('Origin',(-85.500000000039,17.5999999999683,18.9961135856944));
#3787=CARTESIAN_POINT('Origin',(-14.5000000000418,21.3499999999683,18.9961135857175));
#3788=CARTESIAN_POINT('',(-16.0000000000418,21.0999999999683,18.9961135857175));
#3789=CARTESIAN_POINT('',(-16.2500000000418,21.3499999999683,18.9961135857175));
#3790=CARTESIAN_POINT('Origin',(-14.5000000000418,21.0999999999683,18.9961135857175));
#3791=CARTESIAN_POINT('Origin',(-14.5000000000418,17.5999999999683,18.9961135857175));
#3792=CARTESIAN_POINT('',(-16.0000000000418,17.5999999999683,18.9961135857175));
#3793=CARTESIAN_POINT('',(-16.0000000000418,17.5999999999683,18.9961135857175));
#3794=CARTESIAN_POINT('Origin',(-14.5000000000418,17.5999999999683,18.9961135857175));
#3795=CARTESIAN_POINT('Origin',(-17.4997413773695,21.3499999999683,-0.6893908050292));
#3796=CARTESIAN_POINT('',(-16.0011413773695,21.0999999999683,-0.6893908050292));
#3797=CARTESIAN_POINT('',(-15.7511413773695,21.3499999999683,-0.6893908050292));
#3798=CARTESIAN_POINT('Origin',(-17.4997413773695,21.0999999999683,-0.6893908050292));
#3799=CARTESIAN_POINT('Origin',(-17.4997413773695,21.5999999999683,-0.6893908050292));
#3800=CARTESIAN_POINT('',(-16.0011413773695,17.5999999999683,-0.6893908050292));
#3801=CARTESIAN_POINT('',(-16.0011413773695,21.5999999999683,-0.6893908050292));
#3802=CARTESIAN_POINT('Origin',(-17.4997413773695,17.5999999999683,-0.6893908050292));
#3803=CARTESIAN_POINT('Origin',(-17.4997413773696,21.3499999999683,-45.689390805029));
#3804=CARTESIAN_POINT('',(-16.0011413773696,21.0999999999683,-45.689390805029));
#3805=CARTESIAN_POINT('',(-15.7511413773696,21.3499999999683,-45.689390805029));
#3806=CARTESIAN_POINT('Origin',(-17.4997413773696,21.0999999999683,-45.689390805029));
#3807=CARTESIAN_POINT('Origin',(-17.4997413773696,21.5999999999683,-45.689390805029));
#3808=CARTESIAN_POINT('',(-16.0011413773696,17.5999999999683,-45.689390805029));
#3809=CARTESIAN_POINT('',(-16.0011413773696,21.5999999999683,-45.689390805029));
#3810=CARTESIAN_POINT('Origin',(-17.4997413773696,17.5999999999683,-45.689390805029));
#3811=CARTESIAN_POINT('Origin',(-31.2499999999994,21.3499999999683,-54.8312179258408));
#3812=CARTESIAN_POINT('',(-29.7499999999994,21.0999999999683,-54.8312179258408));
#3813=CARTESIAN_POINT('',(-29.4999999999994,21.3499999999683,-54.8312179258408));
#3814=CARTESIAN_POINT('Origin',(-31.2499999999994,21.0999999999683,-54.8312179258408));
#3815=CARTESIAN_POINT('Origin',(-31.2499999999994,21.5999999999683,-54.8312179258408));
#3816=CARTESIAN_POINT('',(-29.7499999999994,17.5999999999683,-54.8312179258408));
#3817=CARTESIAN_POINT('',(-29.7499999999994,21.5999999999683,-54.8312179258408));
#3818=CARTESIAN_POINT('Origin',(-31.2499999999994,17.5999999999683,-54.8312179258408));
#3819=CARTESIAN_POINT('Origin',(-14.5,21.3499999999683,-100.5));
#3820=CARTESIAN_POINT('',(-16.,21.0999999999683,-100.5));
#3821=CARTESIAN_POINT('',(-16.25,21.3499999999683,-100.5));
#3822=CARTESIAN_POINT('Origin',(-14.5,21.0999999999683,-100.5));
#3823=CARTESIAN_POINT('Origin',(-14.5,17.5999999999683,-100.5));
#3824=CARTESIAN_POINT('',(-16.,17.5999999999683,-100.5));
#3825=CARTESIAN_POINT('',(-16.,17.5999999999683,-100.5));
#3826=CARTESIAN_POINT('Origin',(-14.5,17.5999999999683,-100.5));
#3827=CARTESIAN_POINT('Origin',(-31.249999999999,21.3499999999683,-92.3312179258409));
#3828=CARTESIAN_POINT('',(-29.749999999999,21.0999999999683,-92.3312179258409));
#3829=CARTESIAN_POINT('',(-29.499999999999,21.3499999999683,-92.3312179258409));
#3830=CARTESIAN_POINT('Origin',(-31.249999999999,21.0999999999683,-92.3312179258409));
#3831=CARTESIAN_POINT('Origin',(-31.249999999999,21.5999999999683,-92.3312179258409));
#3832=CARTESIAN_POINT('',(-29.749999999999,17.5999999999683,-92.3312179258409));
#3833=CARTESIAN_POINT('',(-29.749999999999,21.5999999999683,-92.3312179258409));
#3834=CARTESIAN_POINT('Origin',(-31.249999999999,17.5999999999683,-92.3312179258409));
#3835=CARTESIAN_POINT('Origin',(-68.749999999999,21.3499999999683,-92.3312179258413));
#3836=CARTESIAN_POINT('',(-67.249999999999,21.0999999999683,-92.3312179258413));
#3837=CARTESIAN_POINT('',(-66.999999999999,21.3499999999683,-92.3312179258413));
#3838=CARTESIAN_POINT('Origin',(-68.749999999999,21.0999999999683,-92.3312179258413));
#3839=CARTESIAN_POINT('Origin',(-68.749999999999,21.5999999999683,-92.3312179258413));
#3840=CARTESIAN_POINT('',(-67.249999999999,17.5999999999683,-92.3312179258413));
#3841=CARTESIAN_POINT('',(-67.249999999999,21.5999999999683,-92.3312179258413));
#3842=CARTESIAN_POINT('Origin',(-68.749999999999,17.5999999999683,-92.3312179258413));
#3843=CARTESIAN_POINT('Origin',(-68.7499999999995,21.3499999999683,-54.8312179258413));
#3844=CARTESIAN_POINT('',(-67.2499999999995,21.0999999999683,-54.8312179258413));
#3845=CARTESIAN_POINT('',(-66.9999999999995,21.3499999999683,-54.8312179258413));
#3846=CARTESIAN_POINT('Origin',(-68.7499999999995,21.0999999999683,-54.8312179258413));
#3847=CARTESIAN_POINT('Origin',(-68.7499999999995,21.5999999999683,-54.8312179258413));
#3848=CARTESIAN_POINT('',(-67.2499999999995,17.5999999999683,-54.8312179258413));
#3849=CARTESIAN_POINT('',(-67.2499999999995,21.5999999999683,-54.8312179258413));
#3850=CARTESIAN_POINT('Origin',(-68.7499999999995,17.5999999999683,-54.8312179258413));
#3851=CARTESIAN_POINT('Origin',(-85.5000000000028,21.3499999999683,-100.500000000023));
#3852=CARTESIAN_POINT('',(-84.0000000000028,21.0999999999683,-100.500000000022));
#3853=CARTESIAN_POINT('Origin',(-85.5000000000028,21.0999999999683,-100.500000000023));
#3854=CARTESIAN_POINT('',(-83.7500000000028,21.3499999999683,-100.500000000022));
#3855=CARTESIAN_POINT('Origin',(-85.5000000000028,17.5999999999683,-100.500000000023));
#3856=CARTESIAN_POINT('',(-84.0000000000028,17.5999999999683,-100.500000000022));
#3857=CARTESIAN_POINT('',(-84.0000000000028,17.5999999999683,-100.500000000022));
#3858=CARTESIAN_POINT('Origin',(-85.5000000000028,17.5999999999683,-100.500000000023));
#3859=CARTESIAN_POINT('Origin',(-82.4997413773694,21.3499999999683,-45.6893908050289));
#3860=CARTESIAN_POINT('',(-81.0011413773694,21.0999999999683,-45.6893908050289));
#3861=CARTESIAN_POINT('',(-80.7511413773694,21.3499999999683,-45.6893908050289));
#3862=CARTESIAN_POINT('Origin',(-82.4997413773694,21.0999999999683,-45.6893908050289));
#3863=CARTESIAN_POINT('Origin',(-82.4997413773694,21.5999999999683,-45.6893908050289));
#3864=CARTESIAN_POINT('',(-81.0011413773694,17.5999999999683,-45.6893908050289));
#3865=CARTESIAN_POINT('',(-81.0011413773694,21.5999999999683,-45.6893908050289));
#3866=CARTESIAN_POINT('Origin',(-82.4997413773694,17.5999999999683,-45.6893908050289));
#3867=CARTESIAN_POINT('Origin',(-82.4997413773694,21.3499999999683,-0.689390805029087));
#3868=CARTESIAN_POINT('',(-81.0011413773694,21.0999999999683,-0.689390805029086));
#3869=CARTESIAN_POINT('',(-80.7511413773694,21.3499999999683,-0.689390805029087));
#3870=CARTESIAN_POINT('Origin',(-82.4997413773694,21.0999999999683,-0.689390805029086));
#3871=CARTESIAN_POINT('Origin',(-82.4997413773694,21.5999999999683,-0.689390805029086));
#3872=CARTESIAN_POINT('',(-81.0011413773694,17.5999999999683,-0.689390805029087));
#3873=CARTESIAN_POINT('',(-81.0011413773694,21.5999999999683,-0.689390805029086));
#3874=CARTESIAN_POINT('Origin',(-82.4997413773694,17.5999999999683,-0.689390805029086));
#3875=CARTESIAN_POINT('Origin',(-70.2500000000209,17.5999999999683,-40.751943207161));
#3876=CARTESIAN_POINT('',(-82.4977786002529,17.5999999999683,18.9961135856963));
#3877=CARTESIAN_POINT('',(-83.9988893001442,17.5999999999683,16.3961135856953));
#3878=CARTESIAN_POINT('',(-82.4977786002529,17.5999999999683,18.9961135856963));
#3879=CARTESIAN_POINT('',(-83.9988893001476,17.5999999999683,21.5961135856953));
#3880=CARTESIAN_POINT('',(-83.9988893001476,17.5999999999683,21.5961135856953));
#3881=CARTESIAN_POINT('',(-87.0011106999337,17.5999999999683,21.5961135856934));
#3882=CARTESIAN_POINT('',(-87.0011106999337,17.5999999999683,21.5961135856934));
#3883=CARTESIAN_POINT('',(-88.502221399825,17.5999999999683,18.9961135856924));
#3884=CARTESIAN_POINT('',(-88.502221399825,17.5999999999683,18.9961135856924));
#3885=CARTESIAN_POINT('',(-87.0011106999303,17.5999999999683,16.3961135856934));
#3886=CARTESIAN_POINT('',(-87.0011106999303,17.5999999999683,16.3961135856934));
#3887=CARTESIAN_POINT('',(-83.9988893001442,17.5999999999683,16.3961135856953));
#3888=CARTESIAN_POINT('Origin',(-70.2500000000209,17.5999999999683,-40.751943207161));
#3889=CARTESIAN_POINT('',(-82.4977786002168,17.5999999999683,-100.500000000021));
#3890=CARTESIAN_POINT('',(-83.9988893001081,17.5999999999683,-103.100000000022));
#3891=CARTESIAN_POINT('',(-82.4977786002168,17.5999999999683,-100.500000000021));
#3892=CARTESIAN_POINT('',(-83.9988893001115,17.5999999999683,-97.9000000000222));
#3893=CARTESIAN_POINT('',(-83.9988893001115,17.5999999999683,-97.9000000000222));
#3894=CARTESIAN_POINT('',(-87.0011106998975,17.5999999999683,-97.9000000000241));
#3895=CARTESIAN_POINT('',(-87.0011106998975,17.5999999999683,-97.9000000000241));
#3896=CARTESIAN_POINT('',(-88.5022213997889,17.5999999999683,-100.500000000025));
#3897=CARTESIAN_POINT('',(-88.5022213997889,17.5999999999683,-100.500000000025));
#3898=CARTESIAN_POINT('',(-87.0011106998942,17.5999999999683,-103.100000000024));
#3899=CARTESIAN_POINT('',(-87.0011106998942,17.5999999999683,-103.100000000024));
#3900=CARTESIAN_POINT('',(-83.9988893001081,17.5999999999683,-103.100000000022));
#3901=CARTESIAN_POINT('Origin',(-83.8452994616285,17.5999999999683,-92.9737205583933));
#3902=CARTESIAN_POINT('',(-83.8452994616298,17.5999999999683,-90.9737205583933));
#3903=CARTESIAN_POINT('',(-85.577350269198,17.5999999999683,-91.9737205583944));
#3904=CARTESIAN_POINT('Origin',(-83.8452994616285,17.5999999999683,-92.9737205583933));
#3905=CARTESIAN_POINT('',(-83.8452994616298,17.5999999999683,-90.9737205583933));
#3906=CARTESIAN_POINT('',(-85.577350269198,17.5999999999683,-91.9737205583944));
#3907=CARTESIAN_POINT('Origin',(-83.000000000009,17.5999999999683,-90.9737205583927));
#3908=CARTESIAN_POINT('',(-83.000000000009,17.5999999999683,-90.9737205583927));
#3909=CARTESIAN_POINT('',(-83.8452994616298,17.5999999999683,-90.9737205583933));
#3910=CARTESIAN_POINT('',(-83.000000000009,17.5999999999683,-90.9737205583927));
#3911=CARTESIAN_POINT('Origin',(-83.0000000000103,17.5999999999683,-88.9737205583927));
#3912=CARTESIAN_POINT('',(-81.0000000000103,17.5999999999683,-88.9737205583914));
#3913=CARTESIAN_POINT('Origin',(-83.0000000000103,17.5999999999683,-88.9737205583927));
#3914=CARTESIAN_POINT('',(-81.0000000000103,17.5999999999683,-88.9737205583914));
#3915=CARTESIAN_POINT('Origin',(-81.0000000000217,17.5999999999683,-71.5013218608889));
#3916=CARTESIAN_POINT('',(-81.0000000000217,17.5999999999683,-71.5013218608889));
#3917=CARTESIAN_POINT('',(-81.0000000000217,17.5999999999683,-71.5013218608889));
#3918=CARTESIAN_POINT('',(-81.0000000000217,17.5999999999683,-71.5013218608889));
#3919=CARTESIAN_POINT('Origin',(-83.0000000000217,17.5999999999683,-71.5013218608902));
#3920=CARTESIAN_POINT('',(-83.000000000023,17.5999999999683,-69.5013218608902));
#3921=CARTESIAN_POINT('Origin',(-83.0000000000217,17.5999999999683,-71.5013218608902));
#3922=CARTESIAN_POINT('',(-83.000000000023,17.5999999999683,-69.5013218608902));
#3923=CARTESIAN_POINT('Origin',(-83.8452994616438,17.5999999999683,-69.5013218608908));
#3924=CARTESIAN_POINT('',(-83.8452994616438,17.5999999999683,-69.5013218608907));
#3925=CARTESIAN_POINT('',(-83.8452994616438,17.5999999999683,-69.5013218608908));
#3926=CARTESIAN_POINT('',(-83.8452994616438,17.5999999999683,-69.5013218608907));
#3927=CARTESIAN_POINT('Origin',(-83.8452994616451,17.5999999999683,-67.5013218608907));
#3928=CARTESIAN_POINT('',(-85.5773502692133,17.5999999999683,-68.5013218608919));
#3929=CARTESIAN_POINT('Origin',(-83.8452994616451,17.5999999999683,-67.5013218608907));
#3930=CARTESIAN_POINT('',(-85.5773502692133,17.5999999999683,-68.5013218608919));
#3931=CARTESIAN_POINT('Origin',(-89.83012701895,17.5999999999683,-61.1352964571114));
#3932=CARTESIAN_POINT('',(-89.83012701895,17.5999999999683,-61.1352964571114));
#3933=CARTESIAN_POINT('',(-89.83012701895,17.5999999999683,-61.1352964571114));
#3934=CARTESIAN_POINT('',(-89.83012701895,17.5999999999683,-61.1352964571114));
#3935=CARTESIAN_POINT('Origin',(-85.5000000000296,17.5999999999683,-58.6352964571086));
#3936=CARTESIAN_POINT('',(-90.5000000000294,17.5999999999683,-58.6352964571093));
#3937=CARTESIAN_POINT('Origin',(-85.5000000000296,17.5999999999683,-58.6352964571086));
#3938=CARTESIAN_POINT('',(-90.5000000000294,17.5999999999683,-58.6352964571093));
#3939=CARTESIAN_POINT('Origin',(-90.5000000000418,17.5999999999683,23.3262406046133));
#3940=CARTESIAN_POINT('',(-90.5000000000294,17.5999999999683,-58.6352964571093));
#3941=CARTESIAN_POINT('Origin',(-83.9988893001442,17.5999999999683,16.3961135856953));
#3942=CARTESIAN_POINT('',(-83.9988893001442,17.5999999999683,16.3961135856953));
#3943=CARTESIAN_POINT('',(-82.4977786002529,17.5999999999683,18.9961135856963));
#3944=CARTESIAN_POINT('Origin',(-87.0011106999303,17.5999999999683,16.3961135856934));
#3945=CARTESIAN_POINT('',(-87.0011106999303,17.5999999999683,16.3961135856934));
#3946=CARTESIAN_POINT('Origin',(-88.502221399825,17.5999999999683,18.9961135856924));
#3947=CARTESIAN_POINT('',(-88.502221399825,17.5999999999683,18.9961135856924));
#3948=CARTESIAN_POINT('Origin',(-87.0011106999337,17.5999999999683,21.5961135856934));
#3949=CARTESIAN_POINT('',(-87.0011106999337,17.5999999999683,21.5961135856934));
#3950=CARTESIAN_POINT('Origin',(-83.9988893001476,17.5999999999683,21.5961135856953));
#3951=CARTESIAN_POINT('',(-83.9988893001476,17.5999999999683,21.5961135856953));
#3952=CARTESIAN_POINT('Origin',(-82.4977786002529,17.5999999999683,18.9961135856963));
#3953=CARTESIAN_POINT('Origin',(-88.0000000000361,17.5999999999683,14.6659865667705));
#3954=CARTESIAN_POINT('',(-88.0000000000361,17.5999999999683,14.6659865667705));
#3955=CARTESIAN_POINT('',(-90.500000000039,17.5999999999683,18.9961135856911));
#3956=CARTESIAN_POINT('',(-88.0000000000361,17.5999999999683,14.6659865667705));
#3957=CARTESIAN_POINT('Origin',(-83.0000000000361,17.5999999999683,14.6659865667738));
#3958=CARTESIAN_POINT('',(-83.0000000000361,17.5999999999683,14.6659865667738));
#3959=CARTESIAN_POINT('',(-88.0000000000361,17.5999999999683,14.6659865667705));
#3960=CARTESIAN_POINT('',(-83.0000000000361,17.5999999999683,14.6659865667738));
#3961=CARTESIAN_POINT('Origin',(-80.500000000039,17.5999999999683,18.9961135856976));
#3962=CARTESIAN_POINT('',(-80.500000000039,17.5999999999683,18.9961135856976));
#3963=CARTESIAN_POINT('',(-83.0000000000361,17.5999999999683,14.6659865667738));
#3964=CARTESIAN_POINT('',(-80.500000000039,17.5999999999683,18.9961135856976));
#3965=CARTESIAN_POINT('Origin',(-83.0000000000418,17.5999999999683,23.3262406046157));
#3966=CARTESIAN_POINT('',(-83.0000000000418,17.5999999999683,23.3262406046157));
#3967=CARTESIAN_POINT('',(-80.500000000039,17.5999999999683,18.9961135856976));
#3968=CARTESIAN_POINT('',(-83.0000000000418,17.5999999999683,23.3262406046157));
#3969=CARTESIAN_POINT('Origin',(-83.9988893001081,17.5999999999683,-103.100000000022));
#3970=CARTESIAN_POINT('',(-83.9988893001081,11.5999999999683,-103.100000000022));
#3971=CARTESIAN_POINT('',(-83.9988893001081,17.5999999999683,-103.100000000022));
#3972=CARTESIAN_POINT('',(-82.4977786002168,11.5999999999683,-100.500000000021));
#3973=CARTESIAN_POINT('',(-82.4977786002168,11.5999999999683,-100.500000000021));
#3974=CARTESIAN_POINT('',(-82.4977786002168,17.5999999999683,-100.500000000021));
#3975=CARTESIAN_POINT('Origin',(-87.0011106998942,17.5999999999683,-103.100000000024));
#3976=CARTESIAN_POINT('',(-87.0011106998942,11.5999999999683,-103.100000000024));
#3977=CARTESIAN_POINT('',(-87.0011106998942,17.5999999999683,-103.100000000024));
#3978=CARTESIAN_POINT('',(-83.9988893001081,11.5999999999683,-103.100000000022));
#3979=CARTESIAN_POINT('Origin',(-88.5022213997889,17.5999999999683,-100.500000000025));
#3980=CARTESIAN_POINT('',(-88.5022213997889,11.5999999999683,-100.500000000025));
#3981=CARTESIAN_POINT('',(-88.5022213997889,17.5999999999683,-100.500000000025));
#3982=CARTESIAN_POINT('',(-87.0011106998942,11.5999999999683,-103.100000000024));
#3983=CARTESIAN_POINT('Origin',(-87.0011106998975,17.5999999999683,-97.9000000000241));
#3984=CARTESIAN_POINT('',(-87.0011106998975,11.5999999999683,-97.9000000000241));
#3985=CARTESIAN_POINT('',(-87.0011106998975,17.5999999999683,-97.9000000000241));
#3986=CARTESIAN_POINT('',(-88.5022213997889,11.5999999999683,-100.500000000025));
#3987=CARTESIAN_POINT('Origin',(-83.9988893001115,17.5999999999683,-97.9000000000222));
#3988=CARTESIAN_POINT('',(-83.9988893001115,11.5999999999683,-97.9000000000222));
#3989=CARTESIAN_POINT('',(-83.9988893001115,17.5999999999683,-97.9000000000222));
#3990=CARTESIAN_POINT('',(-87.0011106998975,11.5999999999683,-97.9000000000241));
#3991=CARTESIAN_POINT('Origin',(-82.4977786002168,17.5999999999683,-100.500000000021));
#3992=CARTESIAN_POINT('',(-83.9988893001115,11.5999999999683,-97.9000000000222));
#3993=CARTESIAN_POINT('Origin',(-83.0000000000056,17.5999999999683,-96.1698729810993));
#3994=CARTESIAN_POINT('',(-80.5000000000028,17.5999999999683,-100.50000000002));
#3995=CARTESIAN_POINT('',(-83.0000000000056,17.5999999999683,-96.1698729810993));
#3996=CARTESIAN_POINT('',(-80.5000000000028,17.5999999999683,-100.50000000002));
#3997=CARTESIAN_POINT('',(-83.0000000000056,11.5999999999683,-96.1698729810993));
#3998=CARTESIAN_POINT('',(-83.0000000000056,17.5999999999683,-96.1698729810993));
#3999=CARTESIAN_POINT('',(-80.5000000000028,11.5999999999683,-100.50000000002));
#4000=CARTESIAN_POINT('',(-80.5000000000028,11.5999999999683,-100.50000000002));
#4001=CARTESIAN_POINT('',(-80.5000000000028,17.5999999999683,-100.50000000002));
#4002=CARTESIAN_POINT('Origin',(-88.0000000000056,17.5999999999683,-96.1698729811026));
#4003=CARTESIAN_POINT('',(-88.0000000000056,17.5999999999683,-96.1698729811026));
#4004=CARTESIAN_POINT('',(-83.0000000000056,17.5999999999683,-96.1698729810993));
#4005=CARTESIAN_POINT('',(-88.0000000000056,11.5999999999683,-96.1698729811026));
#4006=CARTESIAN_POINT('',(-88.0000000000056,17.5999999999683,-96.1698729811026));
#4007=CARTESIAN_POINT('',(-83.0000000000056,11.5999999999683,-96.1698729810993));
#4008=CARTESIAN_POINT('Origin',(-90.5000000000028,17.5999999999683,-100.500000000026));
#4009=CARTESIAN_POINT('',(-88.0000000000056,17.5999999999683,-96.1698729811026));
#4010=CARTESIAN_POINT('',(-90.5000000000028,11.5999999999683,-100.500000000026));
#4011=CARTESIAN_POINT('',(-90.5000000000028,17.5999999999683,-100.500000000026));
#4012=CARTESIAN_POINT('',(-90.5000000000028,11.5999999999683,-100.500000000026));
#4013=CARTESIAN_POINT('Origin',(-88.,17.5999999999683,-104.830127018948));
#4014=CARTESIAN_POINT('',(-90.5000000000028,11.5999999999683,-100.500000000026));
#4015=CARTESIAN_POINT('Origin',(-80.5000000000028,17.5999999999683,-100.50000000002));
#4016=CARTESIAN_POINT('',(-83.,17.5999999999683,-104.830127018946));
#4017=CARTESIAN_POINT('',(-83.,17.5999999999683,-104.830127018946));
#4018=CARTESIAN_POINT('',(-83.,11.5999999999683,-104.830127018946));
#4019=CARTESIAN_POINT('',(-83.,11.5999999999683,-104.830127018946));
#4020=CARTESIAN_POINT('',(-83.,17.5999999999683,-104.830127018946));
#4021=CARTESIAN_POINT('Origin',(-85.5000000000028,11.5999999999683,-100.500000000024));
#4022=CARTESIAN_POINT('',(-50.,11.5999999999683,-104.830127018935));
#4023=CARTESIAN_POINT('Origin',(-29.7500000000209,17.5999999999683,-40.7519432071478));
#4024=CARTESIAN_POINT('',(-17.5022213998278,17.5999999999683,18.9961135857175));
#4025=CARTESIAN_POINT('',(-16.0011106999348,17.5999999999683,16.3961135857175));
#4026=CARTESIAN_POINT('',(-17.5022213998278,17.5999999999683,18.9961135857175));
#4027=CARTESIAN_POINT('',(-12.9988893001488,17.5999999999683,16.3961135857175));
#4028=CARTESIAN_POINT('',(-16.0011106999348,17.5999999999683,16.3961135857175));
#4029=CARTESIAN_POINT('',(-11.4977786002557,17.5999999999683,18.9961135857175));
#4030=CARTESIAN_POINT('',(-12.9988893001488,17.5999999999683,16.3961135857175));
#4031=CARTESIAN_POINT('',(-12.9988893001488,17.5999999999683,21.5961135857175));
#4032=CARTESIAN_POINT('',(-11.4977786002557,17.5999999999683,18.9961135857175));
#4033=CARTESIAN_POINT('',(-16.0011106999348,17.5999999999683,21.5961135857175));
#4034=CARTESIAN_POINT('',(-12.9988893001488,17.5999999999683,21.5961135857175));
#4035=CARTESIAN_POINT('',(-16.0011106999348,17.5999999999683,21.5961135857175));
#4036=CARTESIAN_POINT('Origin',(-29.7500000000209,17.5999999999683,-40.7519432071478));
#4037=CARTESIAN_POINT('',(-17.502221399786,17.5999999999683,-100.5));
#4038=CARTESIAN_POINT('',(-16.001110699893,17.5999999999683,-103.1));
#4039=CARTESIAN_POINT('',(-17.502221399786,17.5999999999683,-100.5));
#4040=CARTESIAN_POINT('',(-12.998889300107,17.5999999999683,-103.1));
#4041=CARTESIAN_POINT('',(-16.001110699893,17.5999999999683,-103.1));
#4042=CARTESIAN_POINT('',(-11.4977786002139,17.5999999999683,-100.5));
#4043=CARTESIAN_POINT('',(-12.998889300107,17.5999999999683,-103.1));
#4044=CARTESIAN_POINT('',(-12.998889300107,17.5999999999683,-97.9));
#4045=CARTESIAN_POINT('',(-11.4977786002139,17.5999999999683,-100.5));
#4046=CARTESIAN_POINT('',(-16.001110699893,17.5999999999683,-97.9));
#4047=CARTESIAN_POINT('',(-12.998889300107,17.5999999999683,-97.9));
#4048=CARTESIAN_POINT('',(-16.001110699893,17.5999999999683,-97.9));
#4049=CARTESIAN_POINT('Origin',(-29.7500000000209,17.5999999999683,-40.7519432071478));
#4050=CARTESIAN_POINT('',(-17.,17.5999999999683,-96.1698729810778));
#4051=CARTESIAN_POINT('',(-12.,17.5999999999683,-96.1698729810778));
#4052=CARTESIAN_POINT('',(-17.,17.5999999999683,-96.1698729810778));
#4053=CARTESIAN_POINT('',(-14.4226497308104,17.5999999999683,-91.9737205583712));
#4054=CARTESIAN_POINT('',(-12.,17.5999999999683,-96.1698729810778));
#4055=CARTESIAN_POINT('',(-16.1547005383792,17.5999999999683,-90.9737205583712));
#4056=CARTESIAN_POINT('Origin',(-16.1547005383792,17.5999999999683,-92.9737205583712));
#4057=CARTESIAN_POINT('',(-17.,17.5999999999683,-90.9737205583712));
#4058=CARTESIAN_POINT('',(-16.1547005383792,17.5999999999683,-90.9737205583712));
#4059=CARTESIAN_POINT('',(-19.,17.5999999999683,-88.9737205583712));
#4060=CARTESIAN_POINT('Origin',(-17.,17.5999999999683,-88.9737205583712));
#4061=CARTESIAN_POINT('',(-19.,17.5999999999683,-71.5013218608687));
#4062=CARTESIAN_POINT('',(-19.,17.5999999999683,-71.5013218608687));
#4063=CARTESIAN_POINT('',(-17.,17.5999999999683,-69.5013218608687));
#4064=CARTESIAN_POINT('Origin',(-17.,17.5999999999683,-71.5013218608687));
#4065=CARTESIAN_POINT('',(-16.1547005383792,17.5999999999683,-69.5013218608687));
#4066=CARTESIAN_POINT('',(-16.1547005383792,17.5999999999683,-69.5013218608687));
#4067=CARTESIAN_POINT('',(-14.4226497308104,17.5999999999683,-68.5013218608687));
#4068=CARTESIAN_POINT('Origin',(-16.1547005383792,17.5999999999683,-67.5013218608687));
#4069=CARTESIAN_POINT('',(-10.1698729810785,17.5999999999683,-61.1352964570854));
#4070=CARTESIAN_POINT('',(-10.1698729810785,17.5999999999683,-61.1352964570854));
#4071=CARTESIAN_POINT('Origin',(-14.5000000000005,17.5999999999683,-58.6352964570854));
#4072=CARTESIAN_POINT('',(-12.0000000000418,17.5999999999683,14.6659865667953));
#4073=CARTESIAN_POINT('',(-9.50000000004178,17.5999999999683,18.9961135857175));
#4074=CARTESIAN_POINT('',(-17.0000000000418,17.5999999999683,14.6659865667953));
#4075=CARTESIAN_POINT('',(-12.0000000000418,17.5999999999683,14.6659865667953));
#4076=CARTESIAN_POINT('',(-19.5000000000418,17.5999999999683,18.9961135857175));
#4077=CARTESIAN_POINT('',(-17.0000000000418,17.5999999999683,14.6659865667953));
#4078=CARTESIAN_POINT('',(-17.0000000000418,17.5999999999683,23.3262406046373));
#4079=CARTESIAN_POINT('',(-19.5000000000418,17.5999999999683,18.9961135857175));
#4080=CARTESIAN_POINT('',(-90.5000000000418,17.5999999999683,23.3262406046133));
#4081=CARTESIAN_POINT('',(-17.,17.5999999999683,-104.830127018925));
#4082=CARTESIAN_POINT('',(-50.,17.5999999999683,-104.830127018935));
#4083=CARTESIAN_POINT('',(-19.5,17.5999999999683,-100.5));
#4084=CARTESIAN_POINT('',(-17.,17.5999999999683,-104.830127018925));
#4085=CARTESIAN_POINT('',(-19.5,17.5999999999683,-100.5));
#4086=CARTESIAN_POINT('Origin',(-9.49999999999999,17.5999999999683,-100.5));
#4087=CARTESIAN_POINT('',(-9.49999999999999,17.5999999999683,-100.5));
#4088=CARTESIAN_POINT('Origin',(-16.1547005383792,17.5999999999683,-92.9737205583712));
#4089=CARTESIAN_POINT('',(-14.4226497308104,17.5999999999683,-91.9737205583712));
#4090=CARTESIAN_POINT('',(-16.1547005383792,17.5999999999683,-90.9737205583712));
#4091=CARTESIAN_POINT('Origin',(-17.,17.5999999999683,-90.9737205583712));
#4092=CARTESIAN_POINT('',(-17.,17.5999999999683,-90.9737205583712));
#4093=CARTESIAN_POINT('Origin',(-17.,17.5999999999683,-88.9737205583712));
#4094=CARTESIAN_POINT('',(-19.,17.5999999999683,-88.9737205583712));
#4095=CARTESIAN_POINT('Origin',(-19.,17.5999999999683,-71.5013218608687));
#4096=CARTESIAN_POINT('',(-19.,17.5999999999683,-71.5013218608687));
#4097=CARTESIAN_POINT('Origin',(-17.,17.5999999999683,-71.5013218608687));
#4098=CARTESIAN_POINT('',(-17.,17.5999999999683,-69.5013218608687));
#4099=CARTESIAN_POINT('Origin',(-16.1547005383792,17.5999999999683,-69.5013218608687));
#4100=CARTESIAN_POINT('',(-16.1547005383792,17.5999999999683,-69.5013218608687));
#4101=CARTESIAN_POINT('Origin',(-16.1547005383792,17.5999999999683,-67.5013218608687));
#4102=CARTESIAN_POINT('',(-14.4226497308104,17.5999999999683,-68.5013218608687));
#4103=CARTESIAN_POINT('Origin',(-10.1698729810785,17.5999999999683,-61.1352964570854));
#4104=CARTESIAN_POINT('',(-10.1698729810785,17.5999999999683,-61.1352964570854));
#4105=CARTESIAN_POINT('Origin',(-14.5000000000005,17.5999999999683,-58.6352964570854));
#4106=CARTESIAN_POINT('Origin',(-16.0011106999348,17.5999999999683,16.3961135857175));
#4107=CARTESIAN_POINT('',(-17.5022213998278,11.5999999999683,18.9961135857175));
#4108=CARTESIAN_POINT('',(-17.5022213998278,17.5999999999683,18.9961135857175));
#4109=CARTESIAN_POINT('',(-16.0011106999348,11.5999999999683,16.3961135857175));
#4110=CARTESIAN_POINT('',(-17.5022213998278,11.5999999999683,18.9961135857175));
#4111=CARTESIAN_POINT('',(-16.0011106999348,17.5999999999683,16.3961135857175));
#4112=CARTESIAN_POINT('Origin',(-12.9988893001488,17.5999999999683,16.3961135857175));
#4113=CARTESIAN_POINT('',(-12.9988893001488,11.5999999999683,16.3961135857175));
#4114=CARTESIAN_POINT('',(-16.0011106999348,11.5999999999683,16.3961135857175));
#4115=CARTESIAN_POINT('',(-12.9988893001488,17.5999999999683,16.3961135857175));
#4116=CARTESIAN_POINT('Origin',(-11.4977786002557,17.5999999999683,18.9961135857175));
#4117=CARTESIAN_POINT('',(-11.4977786002557,11.5999999999683,18.9961135857175));
#4118=CARTESIAN_POINT('',(-12.9988893001488,11.5999999999683,16.3961135857175));
#4119=CARTESIAN_POINT('',(-11.4977786002557,17.5999999999683,18.9961135857175));
#4120=CARTESIAN_POINT('Origin',(-12.9988893001488,17.5999999999683,21.5961135857175));
#4121=CARTESIAN_POINT('',(-12.9988893001488,11.5999999999683,21.5961135857175));
#4122=CARTESIAN_POINT('',(-11.4977786002557,11.5999999999683,18.9961135857175));
#4123=CARTESIAN_POINT('',(-12.9988893001488,17.5999999999683,21.5961135857175));
#4124=CARTESIAN_POINT('Origin',(-16.0011106999348,17.5999999999683,21.5961135857175));
#4125=CARTESIAN_POINT('',(-16.0011106999348,11.5999999999683,21.5961135857175));
#4126=CARTESIAN_POINT('',(-12.9988893001488,11.5999999999683,21.5961135857175));
#4127=CARTESIAN_POINT('',(-16.0011106999348,17.5999999999683,21.5961135857175));
#4128=CARTESIAN_POINT('Origin',(-17.5022213998278,17.5999999999683,18.9961135857175));
#4129=CARTESIAN_POINT('',(-16.0011106999348,11.5999999999683,21.5961135857175));
#4130=CARTESIAN_POINT('Origin',(-12.0000000000418,17.5999999999683,14.6659865667953));
#4131=CARTESIAN_POINT('',(-9.50000000004178,11.5999999999683,18.9961135857175));
#4132=CARTESIAN_POINT('',(-9.50000000004178,17.5999999999683,18.9961135857175));
#4133=CARTESIAN_POINT('',(-12.0000000000418,11.5999999999683,14.6659865667953));
#4134=CARTESIAN_POINT('',(-9.50000000004178,11.5999999999683,18.9961135857175));
#4135=CARTESIAN_POINT('',(-12.0000000000418,17.5999999999683,14.6659865667953));
#4136=CARTESIAN_POINT('Origin',(-17.0000000000418,17.5999999999683,14.6659865667953));
#4137=CARTESIAN_POINT('',(-17.0000000000418,11.5999999999683,14.6659865667953));
#4138=CARTESIAN_POINT('',(-12.0000000000418,11.5999999999683,14.6659865667953));
#4139=CARTESIAN_POINT('',(-17.0000000000418,17.5999999999683,14.6659865667953));
#4140=CARTESIAN_POINT('Origin',(-19.5000000000418,17.5999999999683,18.9961135857175));
#4141=CARTESIAN_POINT('',(-19.5000000000418,11.5999999999683,18.9961135857175));
#4142=CARTESIAN_POINT('',(-17.0000000000418,11.5999999999683,14.6659865667953));
#4143=CARTESIAN_POINT('',(-19.5000000000418,17.5999999999683,18.9961135857175));
#4144=CARTESIAN_POINT('Origin',(-17.0000000000418,17.5999999999683,23.3262406046373));
#4145=CARTESIAN_POINT('',(-17.0000000000418,11.5999999999683,23.3262406046373));
#4146=CARTESIAN_POINT('',(-19.5000000000418,11.5999999999683,18.9961135857175));
#4147=CARTESIAN_POINT('',(-17.0000000000418,17.5999999999683,23.3262406046373));
#4148=CARTESIAN_POINT('Origin',(-12.0000000000418,17.5999999999683,23.3262406046389));
#4149=CARTESIAN_POINT('',(-9.50000000004178,11.5999999999683,23.3262406046397));
#4150=CARTESIAN_POINT('Origin',(-9.50000000004178,17.5999999999683,18.9961135857175));
#4151=CARTESIAN_POINT('',(-12.0000000000418,11.5999999999683,23.3262406046389));
#4152=CARTESIAN_POINT('Origin',(-14.5000000000418,11.5999999999683,18.9961135857171));
#4153=CARTESIAN_POINT('Origin',(-16.001110699893,17.5999999999683,-103.1));
#4154=CARTESIAN_POINT('',(-17.502221399786,17.5999999999683,-100.5));
#4155=CARTESIAN_POINT('',(-16.001110699893,17.5999999999683,-103.1));
#4156=CARTESIAN_POINT('Origin',(-12.998889300107,17.5999999999683,-103.1));
#4157=CARTESIAN_POINT('',(-12.998889300107,17.5999999999683,-103.1));
#4158=CARTESIAN_POINT('Origin',(-11.4977786002139,17.5999999999683,-100.5));
#4159=CARTESIAN_POINT('',(-11.4977786002139,17.5999999999683,-100.5));
#4160=CARTESIAN_POINT('Origin',(-12.998889300107,17.5999999999683,-97.9));
#4161=CARTESIAN_POINT('',(-12.998889300107,17.5999999999683,-97.9));
#4162=CARTESIAN_POINT('Origin',(-16.001110699893,17.5999999999683,-97.9));
#4163=CARTESIAN_POINT('',(-16.001110699893,17.5999999999683,-97.9));
#4164=CARTESIAN_POINT('Origin',(-17.502221399786,17.5999999999683,-100.5));
#4165=CARTESIAN_POINT('Origin',(-17.,17.5999999999683,-96.1698729810778));
#4166=CARTESIAN_POINT('',(-19.5,17.5999999999683,-100.5));
#4167=CARTESIAN_POINT('',(-17.,17.5999999999683,-96.1698729810778));
#4168=CARTESIAN_POINT('Origin',(-12.,17.5999999999683,-96.1698729810778));
#4169=CARTESIAN_POINT('',(-12.,17.5999999999683,-96.1698729810778));
#4170=CARTESIAN_POINT('Origin',(-9.49999999999999,17.5999999999683,-100.5));
#4171=CARTESIAN_POINT('Origin',(-17.,17.5999999999683,-104.830127018925));
#4172=CARTESIAN_POINT('',(-17.,17.5999999999683,-104.830127018925));
#4173=CARTESIAN_POINT('Origin',(-19.5,17.5999999999683,-100.5));
#4174=UNCERTAINTY_MEASURE_WITH_UNIT(LENGTH_MEASURE(0.01),#4178,
'DISTANCE_ACCURACY_VALUE',
'Maximum model space distance between geometric entities at asserted c
onnectivities');
#4175=UNCERTAINTY_MEASURE_WITH_UNIT(LENGTH_MEASURE(0.01),#4178,
'DISTANCE_ACCURACY_VALUE',
'Maximum model space distance between geometric entities at asserted c
onnectivities');
#4176=(
GEOMETRIC_REPRESENTATION_CONTEXT(3)
GLOBAL_UNCERTAINTY_ASSIGNED_CONTEXT((#4174))
GLOBAL_UNIT_ASSIGNED_CONTEXT((#4178,#4180,#4181))
REPRESENTATION_CONTEXT('','3D')
);
#4177=(
GEOMETRIC_REPRESENTATION_CONTEXT(3)
GLOBAL_UNCERTAINTY_ASSIGNED_CONTEXT((#4175))
GLOBAL_UNIT_ASSIGNED_CONTEXT((#4178,#4180,#4181))
REPRESENTATION_CONTEXT('','3D')
);
#4178=(
LENGTH_UNIT()
NAMED_UNIT(*)
SI_UNIT(.MILLI.,.METRE.)
);
#4179=(
LENGTH_UNIT()
NAMED_UNIT(*)
SI_UNIT($,.METRE.)
);
#4180=(
NAMED_UNIT(*)
PLANE_ANGLE_UNIT()
SI_UNIT($,.RADIAN.)
);
#4181=(
NAMED_UNIT(*)
SI_UNIT($,.STERADIAN.)
SOLID_ANGLE_UNIT()
);
#4182=SHAPE_DEFINITION_REPRESENTATION(#4183,#4184);
#4183=PRODUCT_DEFINITION_SHAPE('',$,#4186);
#4184=SHAPE_REPRESENTATION('',(#2536),#4176);
#4185=PRODUCT_DEFINITION_CONTEXT('part definition',#4190,'design');
#4186=PRODUCT_DEFINITION('TOP FRAME','TOP FRAME',#4187,#4185);
#4187=PRODUCT_DEFINITION_FORMATION('',$,#4192);
#4188=PRODUCT_RELATED_PRODUCT_CATEGORY('TOP FRAME','TOP FRAME',(#4192));
#4189=APPLICATION_PROTOCOL_DEFINITION('international standard',
'automotive_design',2009,#4190);
#4190=APPLICATION_CONTEXT(
'Core Data for Automotive Mechanical Design Process');
#4191=PRODUCT_CONTEXT('part definition',#4190,'mechanical');
#4192=PRODUCT('TOP FRAME','TOP FRAME',$,(#4191));
#4193=PRESENTATION_STYLE_ASSIGNMENT((#4195));
#4194=PRESENTATION_STYLE_ASSIGNMENT((#4196));
#4195=SURFACE_STYLE_USAGE(.BOTH.,#4197);
#4196=SURFACE_STYLE_USAGE(.BOTH.,#4198);
#4197=SURFACE_SIDE_STYLE('',(#4199));
#4198=SURFACE_SIDE_STYLE('',(#4200));
#4199=SURFACE_STYLE_FILL_AREA(#4201);
#4200=SURFACE_STYLE_FILL_AREA(#4202);
#4201=FILL_AREA_STYLE('Acier - Satin\X\E9',(#4203));
#4202=FILL_AREA_STYLE('Opaque(63,63,63)',(#4204));
#4203=FILL_AREA_STYLE_COLOUR('Acier - Satin\X\E9',#4205);
#4204=FILL_AREA_STYLE_COLOUR('Opaque(63,63,63)',#4206);
#4205=COLOUR_RGB('Acier - Satin\X\E9',0.627450980392157,0.627450980392157,
0.627450980392157);
#4206=COLOUR_RGB('Opaque(63,63,63)',0.247058823529412,0.247058823529412,
0.247058823529412);
ENDSEC;
END-ISO-10303-21;
